text,label
"COMMERCIAL PURCHASE ORDER
Order ID: PO-2024-5111
Vendor Name: Vanguard Steel & Alloys Corp
Billing Address: Plot 45, Industrial Estate, Pune
Date of Order: 05-08-2024
Scope of Supply:
- Carbon Steel Seamless Pipe 2 inch NB (Qty: 500, Unit Price: 665.85, Amount: 332925.00)
Payment: 100% against Delivery Note and Tax Invoice.
Authorized by Procurement Manager.",PURCHASE_ORDER
"FORMAL PRICE PROPOSAL
Quote ID: QUO-2024-807
Date: 01-01-2024
Customer: MSME Manufacturing
Supplier: TechnoMech Automation Solutions
Estimated Schedule of Rates:
1. High Tensile Flange Nut M12 - Unit Rate: INR 18.08 (MOQ: 50 PCS)
GST: 18% extra
Delivery: Ex-works Pune
Warranty: 12 months from delivery date.
Commercial Terms: 100% against delivery.
Authorized Signatory: TechnoMech Automation Solutions",QUOTATION
"DEBIT NOTE
Debit Note No: DC-8510
Debit Note Date: 27-01-2024
Against Original Invoice: INV-2425-75461
Issued By: Premier Bearings & Power Transmission
GSTIN: 27AABC3579A1Z1
Issued To: MSME Precision Tools
Reason for Debit: Price undercharged in original invoice / Supplementary freight charges / Unbilled additional quantities
Description: Nitrile Rubber O-Ring Kit 200pcs
Underbilled Amount: Rs. 4050.96
Applicable GST (18%): Rs. 729.17
Total Debit Value: Rs. 4780.13
We have debited your account with the above mentioned sum.
Authorized Signatory",DEBIT_NOTE
"DELIVERY RECEIPT & DISPATCH SLIP
DN Number: DC-7627
Dispatch Date: 17-01-2024
Purchase Order: PO-2024-4129
Supplier: TechnoMech Automation Solutions
Destination: Industrial Warehouse Sector 5
List of Items:
Item: Viton Seal Gasket 100mm OD | Qty Delivered: 100 | Unit: PCS | Batch No: B-2024-09
Security Gate Entry No: G-4412
Storekeeper Signature: _____________
Date & Time Received: 17-01-2024 14:30 hrs",DELIVERY_NOTE
"DEBIT NOTE
Debit Note No: DC-7639
Debit Note Date: 25-07-2024
Against Original Invoice: INV-2425-74032
Issued By: Mahindra Tooling & Forging Ltd
GSTIN: 27AABC2313A1Z2
Issued To: MSME Precision Tools
Reason for Debit: Price undercharged in original invoice / Supplementary freight charges / Unbilled additional quantities
Description: Pneumatic Cylinder Double Acting 50mm Bore
Underbilled Amount: Rs. 112541.76
Applicable GST (18%): Rs. 20257.52
Total Debit Value: Rs. 132799.28
We have debited your account with the above mentioned sum.
Authorized Signatory",DEBIT_NOTE
"PAYMENT ADVICE & RECEIPT
Payment Slip Ref: PAY-REC-741699
Date of Remittance: 03-08-2024
Vendor: Kirloskar Engineering Supplies
Against Bill/Invoice No: INV-2425-63920
Cheque/NEFT No: 882910
Paid Amount: INR 29134.20
Deductions (TDS/Retention): Rs. 0.00
Total Cleared: INR 29134.20
Received with thanks from MSME Industries.",PAYMENT_RECEIPT
"GOODS DELIVERY CHALLAN
Challan Ref: DC-6120
Date: 25-02-2024
PO Reference: PO-2024-1850
From: Shree Ganesh Hydraulic Spares
To: MSME Engineering Works, Plot 8, MIDC Pune
Mode of Transport: Tempo MH-14-BT-1122
LR / GC No: 994821
Particulars:
- High Tensile Flange Nut M12 : Quantity Delivered: 10 PCS
Remarks: Material subject to quality inspection at gate.
Inspected & Received in good order.",DELIVERY_NOTE
"PAYMENT ADVICE & RECEIPT
Payment Slip Ref: PAY-REC-100219
Date of Remittance: 08-03-2024
Vendor: Vanguard Steel & Alloys Corp
Against Bill/Invoice No: INV-2425-53075
Cheque/NEFT No: 882910
Paid Amount: INR 48185.54
Deductions (TDS/Retention): Rs. 0.00
Total Cleared: INR 48185.54
Received with thanks from MSME Industries.",PAYMENT_RECEIPT
"CREDIT NOTE
Credit Note No: CN-2425-704
Credit Note Date: 14-09-2024
Original Tax Invoice Ref: INV-2425-33598
Original Invoice Date: 12-08-2024
Issued By: Bharat Precision Fasteners
GSTIN: 27AABC5796A1Z7
Issued To: MSME Manufacturing Ltd
Reason for Credit: Rate difference / Return of damaged goods / Post-sale discount
Particulars:
Item: Tungsten Carbide Milling Insert TNMG160408
Quantity Returned / Adjusted: 50 BOX
Unit Rate: Rs. 1430.45
Credit Amount (Taxable): Rs. 7296.71
CGST 9%: Rs. 656.70
SGST 9%: Rs. 656.70
Total Credit Note Amount: Rs. 8610.12
We have credited your account with the above amount.",CREDIT_NOTE
"DEBIT NOTE
Debit Note No: DC-5103
Debit Note Date: 16-08-2024
Against Original Invoice: INV-2425-72543
Issued By: Apex Industrial Tools Pvt Ltd
GSTIN: 27AABC9326A1Z3
Issued To: MSME Precision Tools
Reason for Debit: Price undercharged in original invoice / Supplementary freight charges / Unbilled additional quantities
Description: Viton Seal Gasket 100mm OD
Underbilled Amount: Rs. 59.71
Applicable GST (18%): Rs. 10.75
Total Debit Value: Rs. 70.46
We have debited your account with the above mentioned sum.
Authorized Signatory",DEBIT_NOTE
"DELIVERY RECEIPT & DISPATCH SLIP
DN Number: DC-5631
Dispatch Date: 25-07-2024
Purchase Order: PO-2024-9802
Supplier: Omkar Industrial Hardware
Destination: Industrial Warehouse Sector 5
List of Items:
Item: Hydraulic Pressure Relief Valve 1/2 inch | Qty Delivered: 10 | Unit: NOS | Batch No: B-2024-09
Security Gate Entry No: G-4412
Storekeeper Signature: _____________
Date & Time Received: 25-07-2024 14:30 hrs",DELIVERY_NOTE
"ORIGINAL TAX INVOICE (FOR RECIPIENT)
Invoice No: INV-2425-35640
Date of Issue: 21-02-2024
PO Ref: PO-2024-8806
Supplier Name: Premier Bearings & Power Transmission
PAN: AABCP9871M
GSTIN/UIN: 27AABC2846A1Z9
Place of Supply: 27-Maharashtra
Table of Supplies:
SI No | Item Description | Qty | Rate | Amount
01 | Viton Seal Gasket 100mm OD | 20 | 98.11 | 1962.20
Total Taxable: 1962.20
IGST @ 18%: 353.20
Gross Total: 2315.40
Subject to Pune Jurisdiction only.",INVOICE
"ORDER CONFIRMATION / PO
Purchase Order Ref: PO-2024-8467
Issued To: Swaraj Pneumatic Systems
Ship To: Plot 102, Chakan Industrial Area, Pune 410501
Order Date: 23-02-2024
Required Delivery Date: 15-10-2024
Items Ordered:
- Digital Vernier Caliper 0-150mm | Quantity: 20 NOS | Unit Rate: Rs. 1296.73 | Total: Rs. 25934.60
Freight: Extra at actuals
GST: 18% extra
Prepared by: Purchase Dept",PURCHASE_ORDER
"MATERIAL DISPATCH NOTE
Dispatch Memo: DC-5696
Date: 02-01-2024
Ref PO: PO-2024-2538
Vendor: Sunrise Rubber & Polymer Components
Delivered To: Central Stores, Unit II
Description: Carbon Steel Seamless Pipe 2 inch NB
Quantity Sent: 200 MTR
No of Cartons: 10
Received Ok by Stores Department.",DELIVERY_NOTE
"INTERNAL MEMORANDUM
To: All Plant Staff
From: Operations Director
Subject: Scheduled maintenance of Power Generator DG-2 on coming Sunday.
All departments are requested to plan production accordingly.",UNKNOWN
"DELIVERY RECEIPT & DISPATCH SLIP
DN Number: DC-9572
Dispatch Date: 15-09-2024
Purchase Order: PO-2024-7486
Supplier: Kirloskar Engineering Supplies
Destination: Industrial Warehouse Sector 5
List of Items:
Item: Industrial Ball Bearing 6205-2RS | Qty Delivered: 10 | Unit: NOS | Batch No: B-2024-09
Security Gate Entry No: G-4412
Storekeeper Signature: _____________
Date & Time Received: 15-09-2024 14:30 hrs",DELIVERY_NOTE
"DEBIT NOTE
Debit Note No: DC-7466
Debit Note Date: 18-01-2024
Against Original Invoice: INV-2425-47125
Issued By: Swaraj Pneumatic Systems
GSTIN: 27AABC8356A1Z9
Issued To: MSME Precision Tools
Reason for Debit: Price undercharged in original invoice / Supplementary freight charges / Unbilled additional quantities
Description: Stainless Steel Hex Bolt M10x50mm
Underbilled Amount: Rs. 22.81
Applicable GST (18%): Rs. 4.11
Total Debit Value: Rs. 26.92
We have debited your account with the above mentioned sum.
Authorized Signatory",DEBIT_NOTE
"ORDER CONFIRMATION / PO
Purchase Order Ref: PO-2024-2924
Issued To: Bharat Precision Fasteners
Ship To: Plot 102, Chakan Industrial Area, Pune 410501
Order Date: 12-02-2024
Required Delivery Date: 20-10-2024
Items Ordered:
- Carbon Steel Seamless Pipe 2 inch NB | Quantity: 100 MTR | Unit Rate: Rs. 600.61 | Total: Rs. 60061.00
Freight: Extra at actuals
GST: 18% extra
Prepared by: Purchase Dept",PURCHASE_ORDER
"FORMAL PRICE PROPOSAL
Quote ID: QUO-2024-588
Date: 11-01-2024
Customer: MSME Manufacturing
Supplier: Shree Ganesh Hydraulic Spares
Estimated Schedule of Rates:
1. Stainless Steel Hex Bolt M10x50mm - Unit Rate: INR 45.09 (MOQ: 50 PCS)
GST: 18% extra
Delivery: Ex-works Pune
Warranty: 12 months from delivery date.
Commercial Terms: 100% against delivery.
Authorized Signatory: Shree Ganesh Hydraulic Spares",QUOTATION
"TAX CREDIT MEMORANDUM
CN Number: CN-2425-218
Date: 03-08-2024
Ref Invoice: INV-2425-86643
Vendor: Mahindra Tooling & Forging Ltd
Customer: MSME Works
Adjustment Details:
Price reduction agreed on Stainless Steel Hex Bolt M10x50mm - Difference INR 2160.40
IGST Adjustment: INR 388.87
Net Credit Allowed: INR 2549.27
Authorized Signatory, Accounts Department",CREDIT_NOTE
"INTERNAL MEMORANDUM
To: All Plant Staff
From: Operations Director
Subject: Scheduled maintenance of Power Generator DG-2 on coming Sunday.
All departments are requested to plan production accordingly.",UNKNOWN
"DELIVERY RECEIPT & DISPATCH SLIP
DN Number: DC-7617
Dispatch Date: 14-07-2024
Purchase Order: PO-2024-7334
Supplier: Vanguard Steel & Alloys Corp
Destination: Industrial Warehouse Sector 5
List of Items:
Item: Pneumatic Cylinder Double Acting 50mm Bore | Qty Delivered: 200 | Unit: NOS | Batch No: B-2024-09
Security Gate Entry No: G-4412
Storekeeper Signature: _____________
Date & Time Received: 14-07-2024 14:30 hrs",DELIVERY_NOTE
"PAYMENT RECEIPT / VOUCHER
Receipt No: PAY-REC-110203
Payment Date: 12-07-2024
Paid To: Premier Bearings & Power Transmission
Paid By: MSME Auto Components Ltd
Payment Method: NEFT / RTGS Transfer
Bank Transaction Ref / UTR: UTR-HDFC-99182374192
Invoice Reference: INV-2425-94711
Amount Paid: INR 5485.23
Amount in Words: INR 5485.23 only
Payment towards full/part settlement of Invoice INV-2425-94711
Authorized Accounts Officer: Rajeev Kumar",PAYMENT_RECEIPT
"PAYMENT ADVICE & RECEIPT
Payment Slip Ref: PAY-REC-316123
Date of Remittance: 16-02-2024
Vendor: Shree Ganesh Hydraulic Spares
Against Bill/Invoice No: INV-2425-20823
Cheque/NEFT No: 882910
Paid Amount: INR 1075.22
Deductions (TDS/Retention): Rs. 0.00
Total Cleared: INR 1075.22
Received with thanks from MSME Industries.",PAYMENT_RECEIPT
"TAX CREDIT MEMORANDUM
CN Number: CN-2425-701
Date: 12-03-2024
Ref Invoice: INV-2425-81108
Vendor: Swaraj Pneumatic Systems
Customer: MSME Works
Adjustment Details:
Price reduction agreed on Digital Vernier Caliper 0-150mm - Difference INR 2263.52
IGST Adjustment: INR 407.43
Net Credit Allowed: INR 2670.95
Authorized Signatory, Accounts Department",CREDIT_NOTE
"DEBIT NOTE
Debit Note No: DC-7549
Debit Note Date: 03-05-2024
Against Original Invoice: INV-2425-42663
Issued By: Kirloskar Engineering Supplies
GSTIN: 27AABC4711A1Z5
Issued To: MSME Precision Tools
Reason for Debit: Price undercharged in original invoice / Supplementary freight charges / Unbilled additional quantities
Description: Nitrile Rubber O-Ring Kit 200pcs
Underbilled Amount: Rs. 7719.97
Applicable GST (18%): Rs. 1389.59
Total Debit Value: Rs. 9109.56
We have debited your account with the above mentioned sum.
Authorized Signatory",DEBIT_NOTE
"DELIVERY NOTE / CHALLAN
Delivery Challan No: DC-6732
Date of Dispatch: 01-09-2024
Against PO No: PO-2024-4469
Consignor: Bharat Precision Fasteners
Consignee: MSME Manufacturing Plant
Vehicle No: MH-12-RN-8821
Transporter: Apex Logistics
Driver Name: Suresh Patil (Mob: 9876543210)
Materials Dispatched:
1. Digital Vernier Caliper 0-150mm - Dispatched Qty: 10 NOS (Packages: 4 Wooden Crates)
Condition of Goods: Good condition, sealed boxes.
Received by: Stores In-charge (Signature & Date)
Goods received in full and sound condition.",DELIVERY_NOTE
"DELIVERY NOTE / CHALLAN
Delivery Challan No: DC-9367
Date of Dispatch: 20-01-2024
Against PO No: PO-2024-1297
Consignor: National Electricals & Controls
Consignee: MSME Manufacturing Plant
Vehicle No: MH-12-RN-8821
Transporter: Apex Logistics
Driver Name: Suresh Patil (Mob: 9876543210)
Materials Dispatched:
1. Industrial Ball Bearing 6205-2RS - Dispatched Qty: 200 NOS (Packages: 4 Wooden Crates)
Condition of Goods: Good condition, sealed boxes.
Received by: Stores In-charge (Signature & Date)
Goods received in full and sound condition.",DELIVERY_NOTE
"ORDER CONFIRMATION / PO
Purchase Order Ref: PO-2024-7333
Issued To: Kirloskar Engineering Supplies
Ship To: Plot 102, Chakan Industrial Area, Pune 410501
Order Date: 08-07-2024
Required Delivery Date: 02-10-2024
Items Ordered:
- Hydraulic Pressure Relief Valve 1/2 inch | Quantity: 200 NOS | Unit Rate: Rs. 1723.32 | Total: Rs. 344664.00
Freight: Extra at actuals
GST: 18% extra
Prepared by: Purchase Dept",PURCHASE_ORDER
"DELIVERY NOTE / CHALLAN
Delivery Challan No: DC-7571
Date of Dispatch: 02-05-2024
Against PO No: PO-2024-8698
Consignor: Omkar Industrial Hardware
Consignee: MSME Manufacturing Plant
Vehicle No: MH-12-RN-8821
Transporter: Apex Logistics
Driver Name: Suresh Patil (Mob: 9876543210)
Materials Dispatched:
1. Nitrile Rubber O-Ring Kit 200pcs - Dispatched Qty: 100 SET (Packages: 4 Wooden Crates)
Condition of Goods: Good condition, sealed boxes.
Received by: Stores In-charge (Signature & Date)
Goods received in full and sound condition.",DELIVERY_NOTE
"TAX CREDIT MEMORANDUM
CN Number: CN-2425-186
Date: 18-05-2024
Ref Invoice: INV-2425-66219
Vendor: Vanguard Steel & Alloys Corp
Customer: MSME Works
Adjustment Details:
Price reduction agreed on Viton Seal Gasket 100mm OD - Difference INR 3022.15
IGST Adjustment: INR 543.99
Net Credit Allowed: INR 3566.14
Authorized Signatory, Accounts Department",CREDIT_NOTE
"ORIGINAL TAX INVOICE (FOR RECIPIENT)
Invoice No: INV-2425-40048
Date of Issue: 18-08-2024
PO Ref: PO-2024-9625
Supplier Name: Vanguard Steel & Alloys Corp
PAN: AABCP9871M
GSTIN/UIN: 27AABC6425A1Z9
Place of Supply: 27-Maharashtra
Table of Supplies:
SI No | Item Description | Qty | Rate | Amount
01 | Viton Seal Gasket 100mm OD | 100 | 101.18 | 10118.00
Total Taxable: 10118.00
IGST @ 18%: 1821.24
Gross Total: 11939.24
Subject to Pune Jurisdiction only.",INVOICE
"STANDARD PURCHASE ORDER
PO No: PO-2024-3864
Buyer: MSME Manufacturing Works
Supplier: Shree Ganesh Hydraulic Spares
GSTIN: 27AABC7358A1Z9
Item Details:
Item Code: ITM-758, Description: Tungsten Carbide Milling Insert TNMG160408, Quantity: 100, Rate: 1532.22, Taxable Value: 153222.00
Total Order Value: INR 153222.00
Special Instructions: Deliver with inspection certificate and warranty.",PURCHASE_ORDER
"INVOICE
Doc No: INV-2425-33527
Date: 06-06-2024
Ref Purchase Order: PO-2024-3010
From: Mahindra Tooling & Forging Ltd
To: Bharat Engineering MSME
Summary:
Item: Viton Seal Gasket 100mm OD
Quantity Supplied: 200
Price per unit: Rs. 97.59
Net Amount: Rs. 19518.00
Add GST 18%: Rs. 3513.24
Invoice Total: Rs. 23031.24
Payment Due Date: 02-10-2024
Please remit payment to State Bank of India A/c: 30981723481",INVOICE
"PAYMENT RECEIPT / VOUCHER
Receipt No: PAY-REC-823597
Payment Date: 06-02-2024
Paid To: Omkar Industrial Hardware
Paid By: MSME Auto Components Ltd
Payment Method: NEFT / RTGS Transfer
Bank Transaction Ref / UTR: UTR-HDFC-99182374192
Invoice Reference: INV-2425-31327
Amount Paid: INR 803957.60
Amount in Words: INR 803957.60 only
Payment towards full/part settlement of Invoice INV-2425-31327
Authorized Accounts Officer: Rajeev Kumar",PAYMENT_RECEIPT
"DELIVERY RECEIPT & DISPATCH SLIP
DN Number: DC-5456
Dispatch Date: 08-09-2024
Purchase Order: PO-2024-9232
Supplier: National Electricals & Controls
Destination: Industrial Warehouse Sector 5
List of Items:
Item: Viton Seal Gasket 100mm OD | Qty Delivered: 10 | Unit: PCS | Batch No: B-2024-09
Security Gate Entry No: G-4412
Storekeeper Signature: _____________
Date & Time Received: 08-09-2024 14:30 hrs",DELIVERY_NOTE
"TAX INVOICE
Invoice Number: INV-2425-49223
Invoice Date: 02-04-2024
PO Reference: PO-2024-6456
Seller: Shree Ganesh Hydraulic Spares
GSTIN: 27AABC2506A1Z6
Buyer: MSME Precision Components Ltd
Buyer GSTIN: 27AAACM1234F1Z5
Description of Goods: Hydraulic Pressure Relief Valve 1/2 inch
HSN Code: 84818030
Qty: 200 NOS
Unit Rate: INR 1957.12
Taxable Value: INR 391424.00
CGST 9%: INR 35228.16
SGST 9%: INR 35228.16
Total Invoice Amount: INR 461880.32
Bank Account: HDFC Bank, IFSC: HDFC0001234, A/c: 5020001928374
For Shree Ganesh Hydraulic Spares - Authorized Signatory",INVOICE
"COMMERCIAL PURCHASE ORDER
Order ID: PO-2024-4786
Vendor Name: National Electricals & Controls
Billing Address: Plot 45, Industrial Estate, Pune
Date of Order: 01-08-2024
Scope of Supply:
- Carbon Steel Seamless Pipe 2 inch NB (Qty: 20, Unit Price: 653.54, Amount: 13070.80)
Payment: 100% against Delivery Note and Tax Invoice.
Authorized by Procurement Manager.",PURCHASE_ORDER
"DELIVERY NOTE / CHALLAN
Delivery Challan No: DC-6407
Date of Dispatch: 23-02-2024
Against PO No: PO-2024-7546
Consignor: Kirloskar Engineering Supplies
Consignee: MSME Manufacturing Plant
Vehicle No: MH-12-RN-8821
Transporter: Apex Logistics
Driver Name: Suresh Patil (Mob: 9876543210)
Materials Dispatched:
1. Industrial Ball Bearing 6205-2RS - Dispatched Qty: 20 NOS (Packages: 4 Wooden Crates)
Condition of Goods: Good condition, sealed boxes.
Received by: Stores In-charge (Signature & Date)
Goods received in full and sound condition.",DELIVERY_NOTE
"PURCHASE ORDER
PO Number: PO-2024-7606
Date: 12-02-2024
Vendor: TechnoMech Automation Solutions
Delivery Address: Plot 102, Chakan Industrial Area, Pune 410501
Payment Terms: Net 30 Days
Line Items:
1. Pneumatic Cylinder Double Acting 50mm Bore - Qty: 500 @ INR 2687.17/unit = INR 1343585.00
Authorized Signatory
Terms & Conditions: Goods must be delivered within 15 days.",PURCHASE_ORDER
"DEBIT NOTE
Debit Note No: DC-8393
Debit Note Date: 23-05-2024
Against Original Invoice: INV-2425-24418
Issued By: Mahindra Tooling & Forging Ltd
GSTIN: 27AABC7590A1Z7
Issued To: MSME Precision Tools
Reason for Debit: Price undercharged in original invoice / Supplementary freight charges / Unbilled additional quantities
Description: Digital Vernier Caliper 0-150mm
Underbilled Amount: Rs. 716.48
Applicable GST (18%): Rs. 128.97
Total Debit Value: Rs. 845.45
We have debited your account with the above mentioned sum.
Authorized Signatory",DEBIT_NOTE
"INTERNAL MEMORANDUM
To: All Plant Staff
From: Operations Director
Subject: Scheduled maintenance of Power Generator DG-2 on coming Sunday.
All departments are requested to plan production accordingly.",UNKNOWN
"STANDARD PURCHASE ORDER
PO No: PO-2024-1996
Buyer: MSME Manufacturing Works
Supplier: Premier Bearings & Power Transmission
GSTIN: 27AABC3705A1Z6
Item Details:
Item Code: ITM-859, Description: Industrial Ball Bearing 6205-2RS, Quantity: 200, Rate: 311.39, Taxable Value: 62278.00
Total Order Value: INR 62278.00
Special Instructions: Deliver with inspection certificate and warranty.",PURCHASE_ORDER
"GOODS DELIVERY CHALLAN
Challan Ref: DC-8262
Date: 23-07-2024
PO Reference: PO-2024-2364
From: Swaraj Pneumatic Systems
To: MSME Engineering Works, Plot 8, MIDC Pune
Mode of Transport: Tempo MH-14-BT-1122
LR / GC No: 994821
Particulars:
- Tungsten Carbide Milling Insert TNMG160408 : Quantity Delivered: 500 BOX
Remarks: Material subject to quality inspection at gate.
Inspected & Received in good order.",DELIVERY_NOTE
"DEBIT NOTE
Debit Note No: DC-9137
Debit Note Date: 27-03-2024
Against Original Invoice: INV-2425-76686
Issued By: Mahindra Tooling & Forging Ltd
GSTIN: 27AABC8025A1Z3
Issued To: MSME Precision Tools
Reason for Debit: Price undercharged in original invoice / Supplementary freight charges / Unbilled additional quantities
Description: Carbon Steel Seamless Pipe 2 inch NB
Underbilled Amount: Rs. 54131.36
Applicable GST (18%): Rs. 9743.64
Total Debit Value: Rs. 63875.00
We have debited your account with the above mentioned sum.
Authorized Signatory",DEBIT_NOTE
"DELIVERY NOTE / CHALLAN
Delivery Challan No: DC-5279
Date of Dispatch: 21-06-2024
Against PO No: PO-2024-5682
Consignor: Shree Ganesh Hydraulic Spares
Consignee: MSME Manufacturing Plant
Vehicle No: MH-12-RN-8821
Transporter: Apex Logistics
Driver Name: Suresh Patil (Mob: 9876543210)
Materials Dispatched:
1. Stainless Steel Hex Bolt M10x50mm - Dispatched Qty: 500 PCS (Packages: 4 Wooden Crates)
Condition of Goods: Good condition, sealed boxes.
Received by: Stores In-charge (Signature & Date)
Goods received in full and sound condition.",DELIVERY_NOTE
"PAYMENT RECEIPT / VOUCHER
Receipt No: PAY-REC-340443
Payment Date: 09-04-2024
Paid To: Sunrise Rubber & Polymer Components
Paid By: MSME Auto Components Ltd
Payment Method: NEFT / RTGS Transfer
Bank Transaction Ref / UTR: UTR-HDFC-99182374192
Invoice Reference: INV-2425-66965
Amount Paid: INR 594663.36
Amount in Words: INR 594663.36 only
Payment towards full/part settlement of Invoice INV-2425-66965
Authorized Accounts Officer: Rajeev Kumar",PAYMENT_RECEIPT
"CREDIT NOTE
Credit Note No: CN-2425-517
Credit Note Date: 07-06-2024
Original Tax Invoice Ref: INV-2425-31738
Original Invoice Date: 17-08-2024
Issued By: Bharat Precision Fasteners
GSTIN: 27AABC6378A1Z1
Issued To: MSME Manufacturing Ltd
Reason for Credit: Rate difference / Return of damaged goods / Post-sale discount
Particulars:
Item: Viton Seal Gasket 100mm OD
Quantity Returned / Adjusted: 20 PCS
Unit Rate: Rs. 90.25
Credit Amount (Taxable): Rs. 280.61
CGST 9%: Rs. 25.25
SGST 9%: Rs. 25.25
Total Credit Note Amount: Rs. 331.12
We have credited your account with the above amount.",CREDIT_NOTE
"SAFETY MANUAL & PROTOCOL
Section 4: General Workshop Safety Guidelines.
1. Personal Protective Equipment (PPE) including safety helmets, steel-toe shoes and goggles must be worn.
2. Machine emergency stop buttons must be inspected daily.
3. In case of fire, evacuate through Gate 2.",UNKNOWN
"TAX CREDIT MEMORANDUM
CN Number: CN-2425-492
Date: 26-01-2024
Ref Invoice: INV-2425-38454
Vendor: Kirloskar Engineering Supplies
Customer: MSME Works
Adjustment Details:
Price reduction agreed on Stainless Steel Hex Bolt M10x50mm - Difference INR 1380.74
IGST Adjustment: INR 248.53
Net Credit Allowed: INR 1629.27
Authorized Signatory, Accounts Department",CREDIT_NOTE
"TAX CREDIT MEMORANDUM
CN Number: CN-2425-423
Date: 05-07-2024
Ref Invoice: INV-2425-81366
Vendor: Mahindra Tooling & Forging Ltd
Customer: MSME Works
Adjustment Details:
Price reduction agreed on Carbon Steel Seamless Pipe 2 inch NB - Difference INR 10690.52
IGST Adjustment: INR 1924.29
Net Credit Allowed: INR 12614.81
Authorized Signatory, Accounts Department",CREDIT_NOTE
"DEBIT NOTE
Debit Note No: DC-6823
Debit Note Date: 16-08-2024
Against Original Invoice: INV-2425-41640
Issued By: Premier Bearings & Power Transmission
GSTIN: 27AABC8396A1Z1
Issued To: MSME Precision Tools
Reason for Debit: Price undercharged in original invoice / Supplementary freight charges / Unbilled additional quantities
Description: Carbon Steel Seamless Pipe 2 inch NB
Underbilled Amount: Rs. 3284.77
Applicable GST (18%): Rs. 591.26
Total Debit Value: Rs. 3876.03
We have debited your account with the above mentioned sum.
Authorized Signatory",DEBIT_NOTE
"PAYMENT RECEIPT / VOUCHER
Receipt No: PAY-REC-442973
Payment Date: 17-09-2024
Paid To: Apex Industrial Tools Pvt Ltd
Paid By: MSME Auto Components Ltd
Payment Method: NEFT / RTGS Transfer
Bank Transaction Ref / UTR: UTR-HDFC-99182374192
Invoice Reference: INV-2425-91869
Amount Paid: INR 16698.14
Amount in Words: INR 16698.14 only
Payment towards full/part settlement of Invoice INV-2425-91869
Authorized Accounts Officer: Rajeev Kumar",PAYMENT_RECEIPT
"DEBIT NOTE
Debit Note No: DC-5036
Debit Note Date: 11-06-2024
Against Original Invoice: INV-2425-35238
Issued By: Vanguard Steel & Alloys Corp
GSTIN: 27AABC2858A1Z5
Issued To: MSME Precision Tools
Reason for Debit: Price undercharged in original invoice / Supplementary freight charges / Unbilled additional quantities
Description: Pneumatic Cylinder Double Acting 50mm Bore
Underbilled Amount: Rs. 39277.14
Applicable GST (18%): Rs. 7069.89
Total Debit Value: Rs. 46347.03
We have debited your account with the above mentioned sum.
Authorized Signatory",DEBIT_NOTE
"DELIVERY NOTE / CHALLAN
Delivery Challan No: DC-5622
Date of Dispatch: 11-03-2024
Against PO No: PO-2024-6427
Consignor: Swaraj Pneumatic Systems
Consignee: MSME Manufacturing Plant
Vehicle No: MH-12-RN-8821
Transporter: Apex Logistics
Driver Name: Suresh Patil (Mob: 9876543210)
Materials Dispatched:
1. Nitrile Rubber O-Ring Kit 200pcs - Dispatched Qty: 10 SET (Packages: 4 Wooden Crates)
Condition of Goods: Good condition, sealed boxes.
Received by: Stores In-charge (Signature & Date)
Goods received in full and sound condition.",DELIVERY_NOTE
"QUOTATION / PRICE ESTIMATE
Quotation Ref: QUO-2024-571
Quote Date: 01-07-2024
Valid Until: 23-11-2024
To: Procurement Team, MSME Works
From: Sunrise Rubber & Polymer Components
Dear Sir, We are pleased to quote our lowest rates:
Item: Viton Seal Gasket 100mm OD
Offered Unit Price: Rs. 102.60 per PCS
Lead Time: 10 working days from PO confirmation.
Payment Terms: 30 days credit from invoice date.
Validity: 30 days from quote date.
Looking forward to your valued Purchase Order.
Best Regards, Sales Manager, Sunrise Rubber & Polymer Components",QUOTATION
"TAX CREDIT MEMORANDUM
CN Number: CN-2425-105
Date: 19-03-2024
Ref Invoice: INV-2425-44371
Vendor: Premier Bearings & Power Transmission
Customer: MSME Works
Adjustment Details:
Price reduction agreed on Viton Seal Gasket 100mm OD - Difference INR 5932.33
IGST Adjustment: INR 1067.82
Net Credit Allowed: INR 7000.15
Authorized Signatory, Accounts Department",CREDIT_NOTE
"CREDIT NOTE
Credit Note No: CN-2425-347
Credit Note Date: 27-08-2024
Original Tax Invoice Ref: INV-2425-49765
Original Invoice Date: 28-08-2024
Issued By: Swaraj Pneumatic Systems
GSTIN: 27AABC5112A1Z1
Issued To: MSME Manufacturing Ltd
Reason for Credit: Rate difference / Return of damaged goods / Post-sale discount
Particulars:
Item: Digital Vernier Caliper 0-150mm
Quantity Returned / Adjusted: 50 NOS
Unit Rate: Rs. 1191.83
Credit Amount (Taxable): Rs. 5297.48
CGST 9%: Rs. 476.77
SGST 9%: Rs. 476.77
Total Credit Note Amount: Rs. 6251.03
We have credited your account with the above amount.",CREDIT_NOTE
"QUOTATION / PRICE ESTIMATE
Quotation Ref: QUO-2024-529
Quote Date: 19-07-2024
Valid Until: 07-11-2024
To: Procurement Team, MSME Works
From: Kirloskar Engineering Supplies
Dear Sir, We are pleased to quote our lowest rates:
Item: Viton Seal Gasket 100mm OD
Offered Unit Price: Rs. 95.38 per PCS
Lead Time: 10 working days from PO confirmation.
Payment Terms: 30 days credit from invoice date.
Validity: 30 days from quote date.
Looking forward to your valued Purchase Order.
Best Regards, Sales Manager, Kirloskar Engineering Supplies",QUOTATION
"TAX CREDIT MEMORANDUM
CN Number: CN-2425-738
Date: 05-08-2024
Ref Invoice: INV-2425-88039
Vendor: Bharat Precision Fasteners
Customer: MSME Works
Adjustment Details:
Price reduction agreed on Digital Vernier Caliper 0-150mm - Difference INR 14788.38
IGST Adjustment: INR 2661.91
Net Credit Allowed: INR 17450.29
Authorized Signatory, Accounts Department",CREDIT_NOTE
"DEBIT NOTE
Debit Note No: DC-5147
Debit Note Date: 18-02-2024
Against Original Invoice: INV-2425-30046
Issued By: Vanguard Steel & Alloys Corp
GSTIN: 27AABC5705A1Z5
Issued To: MSME Precision Tools
Reason for Debit: Price undercharged in original invoice / Supplementary freight charges / Unbilled additional quantities
Description: Pneumatic Cylinder Double Acting 50mm Bore
Underbilled Amount: Rs. 14074.21
Applicable GST (18%): Rs. 2533.36
Total Debit Value: Rs. 16607.57
We have debited your account with the above mentioned sum.
Authorized Signatory",DEBIT_NOTE
"DELIVERY NOTE / CHALLAN
Delivery Challan No: DC-6881
Date of Dispatch: 21-06-2024
Against PO No: PO-2024-5083
Consignor: National Electricals & Controls
Consignee: MSME Manufacturing Plant
Vehicle No: MH-12-RN-8821
Transporter: Apex Logistics
Driver Name: Suresh Patil (Mob: 9876543210)
Materials Dispatched:
1. Tungsten Carbide Milling Insert TNMG160408 - Dispatched Qty: 20 BOX (Packages: 4 Wooden Crates)
Condition of Goods: Good condition, sealed boxes.
Received by: Stores In-charge (Signature & Date)
Goods received in full and sound condition.",DELIVERY_NOTE
"EMPLOYEE LEAVE APPLICATION
Employee Name: Ramesh Shinde
Department: Assembly Line B
Leave Dates: 10th Oct to 12th Oct
Reason: Personal family function.
Approved by Plant Supervisor.",UNKNOWN
"QUOTATION / PRICE ESTIMATE
Quotation Ref: QUO-2024-632
Quote Date: 03-01-2024
Valid Until: 17-11-2024
To: Procurement Team, MSME Works
From: TechnoMech Automation Solutions
Dear Sir, We are pleased to quote our lowest rates:
Item: Nitrile Rubber O-Ring Kit 200pcs
Offered Unit Price: Rs. 479.18 per SET
Lead Time: 10 working days from PO confirmation.
Payment Terms: 30 days credit from invoice date.
Validity: 30 days from quote date.
Looking forward to your valued Purchase Order.
Best Regards, Sales Manager, TechnoMech Automation Solutions",QUOTATION
"COMMERCIAL TAX INVOICE
Bill No: INV-2425-37541
Bill Date: 27-03-2024
Against PO No: PO-2024-3256
Supplier: Premier Bearings & Power Transmission
State: Maharashtra, Code: 27
Consignee: Global MSME Solutions
Line Items:
1. Hydraulic Pressure Relief Valve 1/2 inch | 100 NOS | Rate: Rs. 1882.50 | Taxable: Rs. 188250.00 | IGST 18%: Rs. 33885.00 | Total: Rs. 222135.00
Amount in Words: INR 222135.00 only
E-Way Bill No: 541098234712
Declaration: Certified that particulars given above are true and correct.",INVOICE
"EMPLOYEE LEAVE APPLICATION
Employee Name: Ramesh Shinde
Department: Assembly Line B
Leave Dates: 10th Oct to 12th Oct
Reason: Personal family function.
Approved by Plant Supervisor.",UNKNOWN
"COMMERCIAL PURCHASE ORDER
Order ID: PO-2024-3872
Vendor Name: Omkar Industrial Hardware
Billing Address: Plot 45, Industrial Estate, Pune
Date of Order: 19-07-2024
Scope of Supply:
- Hydraulic Pressure Relief Valve 1/2 inch (Qty: 500, Unit Price: 1915.88, Amount: 957940.00)
Payment: 100% against Delivery Note and Tax Invoice.
Authorized by Procurement Manager.",PURCHASE_ORDER
"DEBIT NOTE
Debit Note No: DC-9801
Debit Note Date: 13-01-2024
Against Original Invoice: INV-2425-17181
Issued By: Apex Industrial Tools Pvt Ltd
GSTIN: 27AABC4894A1Z7
Issued To: MSME Precision Tools
Reason for Debit: Price undercharged in original invoice / Supplementary freight charges / Unbilled additional quantities
Description: Nitrile Rubber O-Ring Kit 200pcs
Underbilled Amount: Rs. 5078.54
Applicable GST (18%): Rs. 914.14
Total Debit Value: Rs. 5992.68
We have debited your account with the above mentioned sum.
Authorized Signatory",DEBIT_NOTE
"CREDIT NOTE
Credit Note No: CN-2425-462
Credit Note Date: 12-08-2024
Original Tax Invoice Ref: INV-2425-60892
Original Invoice Date: 20-08-2024
Issued By: Shree Ganesh Hydraulic Spares
GSTIN: 27AABC7100A1Z7
Issued To: MSME Manufacturing Ltd
Reason for Credit: Rate difference / Return of damaged goods / Post-sale discount
Particulars:
Item: High Tensile Flange Nut M12
Quantity Returned / Adjusted: 50 PCS
Unit Rate: Rs. 18.75
Credit Amount (Taxable): Rs. 67.24
CGST 9%: Rs. 6.05
SGST 9%: Rs. 6.05
Total Credit Note Amount: Rs. 79.34
We have credited your account with the above amount.",CREDIT_NOTE
"BANK PAYMENT CONFIRMATION RECEIPT
Voucher ID: PAY-REC-737026
Date: 10-09-2024
Beneficiary Name: National Electricals & Controls
Beneficiary A/c: 0029017257283
Transaction ID: CMS2024091800492
Settlement for Tax Invoice: INV-2425-50483
PO Number Ref: PO-2024-7608
Net Remitted: Rs. 275437.96
Status: SUCCESS - Transferred to beneficiary account.
Accounts Department Signature",PAYMENT_RECEIPT
"PURCHASE ORDER CONTRACT
PO#: PO-2024-3338
Date: 23-05-2024
To: Omkar Industrial Hardware
Shipment Mode: By Road
Delivery Location: Warehouse 4, Sector 12, Manesar
Line Item 1: High Tensile Flange Nut M12 - 20 Nos @ Rs. 16.98 each.
Subtotal: Rs. 339.60
Applicable GST: 18%
Grand Total: Rs. 400.73
Signature: Head of SCM",PURCHASE_ORDER
"DELIVERY RECEIPT & DISPATCH SLIP
DN Number: DC-9177
Dispatch Date: 02-09-2024
Purchase Order: PO-2024-4452
Supplier: Kirloskar Engineering Supplies
Destination: Industrial Warehouse Sector 5
List of Items:
Item: Nitrile Rubber O-Ring Kit 200pcs | Qty Delivered: 10 | Unit: SET | Batch No: B-2024-09
Security Gate Entry No: G-4412
Storekeeper Signature: _____________
Date & Time Received: 02-09-2024 14:30 hrs",DELIVERY_NOTE
"ORIGINAL TAX INVOICE (FOR RECIPIENT)
Invoice No: INV-2425-89720
Date of Issue: 07-04-2024
PO Ref: PO-2024-4161
Supplier Name: TechnoMech Automation Solutions
PAN: AABCP9871M
GSTIN/UIN: 27AABC5581A1Z3
Place of Supply: 27-Maharashtra
Table of Supplies:
SI No | Item Description | Qty | Rate | Amount
01 | Pneumatic Cylinder Double Acting 50mm Bore | 100 | 2577.77 | 257777.00
Total Taxable: 257777.00
IGST @ 18%: 46399.86
Gross Total: 304176.86
Subject to Pune Jurisdiction only.",INVOICE
"VISITOR PASS - RECEPTION
Visitor Name: Ananya Sharma
Company: Tech Audit Consultants
Person to meet: Finance Manager
Entry Time: 10:15 AM
Exit Time: 12:45 PM",UNKNOWN
"PAYMENT ADVICE & RECEIPT
Payment Slip Ref: PAY-REC-163259
Date of Remittance: 16-04-2024
Vendor: Mahindra Tooling & Forging Ltd
Against Bill/Invoice No: INV-2425-89029
Cheque/NEFT No: 882910
Paid Amount: INR 207.92
Deductions (TDS/Retention): Rs. 0.00
Total Cleared: INR 207.92
Received with thanks from MSME Industries.",PAYMENT_RECEIPT
"PAYMENT ADVICE & RECEIPT
Payment Slip Ref: PAY-REC-477488
Date of Remittance: 01-07-2024
Vendor: Mahindra Tooling & Forging Ltd
Against Bill/Invoice No: INV-2425-50590
Cheque/NEFT No: 882910
Paid Amount: INR 18101.91
Deductions (TDS/Retention): Rs. 0.00
Total Cleared: INR 18101.91
Received with thanks from MSME Industries.",PAYMENT_RECEIPT
"MATERIAL DISPATCH NOTE
Dispatch Memo: DC-9217
Date: 26-07-2024
Ref PO: PO-2024-2129
Vendor: Kirloskar Engineering Supplies
Delivered To: Central Stores, Unit II
Description: Carbon Steel Seamless Pipe 2 inch NB
Quantity Sent: 50 MTR
No of Cartons: 10
Received Ok by Stores Department.",DELIVERY_NOTE
"TAX CREDIT MEMORANDUM
CN Number: CN-2425-322
Date: 18-08-2024
Ref Invoice: INV-2425-29040
Vendor: Vanguard Steel & Alloys Corp
Customer: MSME Works
Adjustment Details:
Price reduction agreed on Pneumatic Cylinder Double Acting 50mm Bore - Difference INR 4313.40
IGST Adjustment: INR 776.41
Net Credit Allowed: INR 5089.81
Authorized Signatory, Accounts Department",CREDIT_NOTE
"DEBIT NOTE
Debit Note No: DC-6357
Debit Note Date: 19-05-2024
Against Original Invoice: INV-2425-19516
Issued By: Mahindra Tooling & Forging Ltd
GSTIN: 27AABC7965A1Z8
Issued To: MSME Precision Tools
Reason for Debit: Price undercharged in original invoice / Supplementary freight charges / Unbilled additional quantities
Description: Stainless Steel Hex Bolt M10x50mm
Underbilled Amount: Rs. 1101.40
Applicable GST (18%): Rs. 198.25
Total Debit Value: Rs. 1299.65
We have debited your account with the above mentioned sum.
Authorized Signatory",DEBIT_NOTE
"ORIGINAL TAX INVOICE (FOR RECIPIENT)
Invoice No: INV-2425-18072
Date of Issue: 24-03-2024
PO Ref: PO-2024-4720
Supplier Name: Shree Ganesh Hydraulic Spares
PAN: AABCP9871M
GSTIN/UIN: 27AABC1310A1Z7
Place of Supply: 27-Maharashtra
Table of Supplies:
SI No | Item Description | Qty | Rate | Amount
01 | Industrial Ball Bearing 6205-2RS | 500 | 307.63 | 153815.00
Total Taxable: 153815.00
IGST @ 18%: 27686.70
Gross Total: 181501.70
Subject to Pune Jurisdiction only.",INVOICE
"GOODS DELIVERY CHALLAN
Challan Ref: DC-9899
Date: 25-02-2024
PO Reference: PO-2024-9853
From: Kirloskar Engineering Supplies
To: MSME Engineering Works, Plot 8, MIDC Pune
Mode of Transport: Tempo MH-14-BT-1122
LR / GC No: 994821
Particulars:
- Tungsten Carbide Milling Insert TNMG160408 : Quantity Delivered: 500 BOX
Remarks: Material subject to quality inspection at gate.
Inspected & Received in good order.",DELIVERY_NOTE
"PAYMENT RECEIPT / VOUCHER
Receipt No: PAY-REC-295641
Payment Date: 25-05-2024
Paid To: Bharat Precision Fasteners
Paid By: MSME Auto Components Ltd
Payment Method: NEFT / RTGS Transfer
Bank Transaction Ref / UTR: UTR-HDFC-99182374192
Invoice Reference: INV-2425-28158
Amount Paid: INR 872828.30
Amount in Words: INR 872828.30 only
Payment towards full/part settlement of Invoice INV-2425-28158
Authorized Accounts Officer: Rajeev Kumar",PAYMENT_RECEIPT
"INVOICE
Doc No: INV-2425-22481
Date: 11-08-2024
Ref Purchase Order: PO-2024-6091
From: National Electricals & Controls
To: Bharat Engineering MSME
Summary:
Item: Viton Seal Gasket 100mm OD
Quantity Supplied: 20
Price per unit: Rs. 93.91
Net Amount: Rs. 1878.20
Add GST 18%: Rs. 338.08
Invoice Total: Rs. 2216.28
Payment Due Date: 05-10-2024
Please remit payment to State Bank of India A/c: 30981723481",INVOICE
"EMPLOYEE LEAVE APPLICATION
Employee Name: Ramesh Shinde
Department: Assembly Line B
Leave Dates: 10th Oct to 12th Oct
Reason: Personal family function.
Approved by Plant Supervisor.",UNKNOWN
"TAX CREDIT MEMORANDUM
CN Number: CN-2425-429
Date: 27-08-2024
Ref Invoice: INV-2425-27138
Vendor: Mahindra Tooling & Forging Ltd
Customer: MSME Works
Adjustment Details:
Price reduction agreed on Viton Seal Gasket 100mm OD - Difference INR 1313.08
IGST Adjustment: INR 236.35
Net Credit Allowed: INR 1549.43
Authorized Signatory, Accounts Department",CREDIT_NOTE
"INVOICE
Doc No: INV-2425-40548
Date: 18-03-2024
Ref Purchase Order: PO-2024-1633
From: Mahindra Tooling & Forging Ltd
To: Bharat Engineering MSME
Summary:
Item: Digital Vernier Caliper 0-150mm
Quantity Supplied: 50
Price per unit: Rs. 1296.01
Net Amount: Rs. 64800.50
Add GST 18%: Rs. 11664.09
Invoice Total: Rs. 76464.59
Payment Due Date: 03-10-2024
Please remit payment to State Bank of India A/c: 30981723481",INVOICE
"PAYMENT RECEIPT / VOUCHER
Receipt No: PAY-REC-669549
Payment Date: 12-06-2024
Paid To: Swaraj Pneumatic Systems
Paid By: MSME Auto Components Ltd
Payment Method: NEFT / RTGS Transfer
Bank Transaction Ref / UTR: UTR-HDFC-99182374192
Invoice Reference: INV-2425-81803
Amount Paid: INR 165338.06
Amount in Words: INR 165338.06 only
Payment towards full/part settlement of Invoice INV-2425-81803
Authorized Accounts Officer: Rajeev Kumar",PAYMENT_RECEIPT
"QUOTATION / PRICE ESTIMATE
Quotation Ref: QUO-2024-241
Quote Date: 13-07-2024
Valid Until: 24-11-2024
To: Procurement Team, MSME Works
From: Omkar Industrial Hardware
Dear Sir, We are pleased to quote our lowest rates:
Item: Pneumatic Cylinder Double Acting 50mm Bore
Offered Unit Price: Rs. 2513.85 per NOS
Lead Time: 10 working days from PO confirmation.
Payment Terms: 30 days credit from invoice date.
Validity: 30 days from quote date.
Looking forward to your valued Purchase Order.
Best Regards, Sales Manager, Omkar Industrial Hardware",QUOTATION
"CREDIT NOTE
Credit Note No: CN-2425-816
Credit Note Date: 20-03-2024
Original Tax Invoice Ref: INV-2425-91660
Original Invoice Date: 20-08-2024
Issued By: Vanguard Steel & Alloys Corp
GSTIN: 27AABC2847A1Z7
Issued To: MSME Manufacturing Ltd
Reason for Credit: Rate difference / Return of damaged goods / Post-sale discount
Particulars:
Item: Pneumatic Cylinder Double Acting 50mm Bore
Quantity Returned / Adjusted: 100 NOS
Unit Rate: Rs. 2803.76
Credit Amount (Taxable): Rs. 53134.51
CGST 9%: Rs. 4782.11
SGST 9%: Rs. 4782.11
Total Credit Note Amount: Rs. 62698.72
We have credited your account with the above amount.",CREDIT_NOTE
"PAYMENT ADVICE & RECEIPT
Payment Slip Ref: PAY-REC-441903
Date of Remittance: 25-05-2024
Vendor: Swaraj Pneumatic Systems
Against Bill/Invoice No: INV-2425-75370
Cheque/NEFT No: 882910
Paid Amount: INR 1879.50
Deductions (TDS/Retention): Rs. 0.00
Total Cleared: INR 1879.50
Received with thanks from MSME Industries.",PAYMENT_RECEIPT
"TAX CREDIT MEMORANDUM
CN Number: CN-2425-595
Date: 19-03-2024
Ref Invoice: INV-2425-40887
Vendor: Mahindra Tooling & Forging Ltd
Customer: MSME Works
Adjustment Details:
Price reduction agreed on Industrial Ball Bearing 6205-2RS - Difference INR 660.18
IGST Adjustment: INR 118.83
Net Credit Allowed: INR 779.01
Authorized Signatory, Accounts Department",CREDIT_NOTE
"PAYMENT RECEIPT / VOUCHER
Receipt No: PAY-REC-474874
Payment Date: 04-08-2024
Paid To: Vanguard Steel & Alloys Corp
Paid By: MSME Auto Components Ltd
Payment Method: NEFT / RTGS Transfer
Bank Transaction Ref / UTR: UTR-HDFC-99182374192
Invoice Reference: INV-2425-52742
Amount Paid: INR 570.88
Amount in Words: INR 570.88 only
Payment towards full/part settlement of Invoice INV-2425-52742
Authorized Accounts Officer: Rajeev Kumar",PAYMENT_RECEIPT
"FORMAL PRICE PROPOSAL
Quote ID: QUO-2024-411
Date: 26-02-2024
Customer: MSME Manufacturing
Supplier: National Electricals & Controls
Estimated Schedule of Rates:
1. Viton Seal Gasket 100mm OD - Unit Rate: INR 88.45 (MOQ: 50 PCS)
GST: 18% extra
Delivery: Ex-works Pune
Warranty: 12 months from delivery date.
Commercial Terms: 100% against delivery.
Authorized Signatory: National Electricals & Controls",QUOTATION
"TAX CREDIT MEMORANDUM
CN Number: CN-2425-491
Date: 15-01-2024
Ref Invoice: INV-2425-10205
Vendor: Mahindra Tooling & Forging Ltd
Customer: MSME Works
Adjustment Details:
Price reduction agreed on Carbon Steel Seamless Pipe 2 inch NB - Difference INR 524.36
IGST Adjustment: INR 94.38
Net Credit Allowed: INR 618.74
Authorized Signatory, Accounts Department",CREDIT_NOTE
"TAX INVOICE
Invoice Number: INV-2425-28128
Invoice Date: 22-02-2024
PO Reference: PO-2024-2906
Seller: Mahindra Tooling & Forging Ltd
GSTIN: 27AABC7301A1Z1
Buyer: MSME Precision Components Ltd
Buyer GSTIN: 27AAACM1234F1Z5
Description of Goods: Tungsten Carbide Milling Insert TNMG160408
HSN Code: 84818030
Qty: 200 BOX
Unit Rate: INR 1306.70
Taxable Value: INR 261340.00
CGST 9%: INR 23520.60
SGST 9%: INR 23520.60
Total Invoice Amount: INR 308381.20
Bank Account: HDFC Bank, IFSC: HDFC0001234, A/c: 5020001928374
For Mahindra Tooling & Forging Ltd - Authorized Signatory",INVOICE
"QUOTATION / PRICE ESTIMATE
Quotation Ref: QUO-2024-814
Quote Date: 27-02-2024
Valid Until: 04-11-2024
To: Procurement Team, MSME Works
From: Bharat Precision Fasteners
Dear Sir, We are pleased to quote our lowest rates:
Item: Tungsten Carbide Milling Insert TNMG160408
Offered Unit Price: Rs. 1480.71 per BOX
Lead Time: 10 working days from PO confirmation.
Payment Terms: 30 days credit from invoice date.
Validity: 30 days from quote date.
Looking forward to your valued Purchase Order.
Best Regards, Sales Manager, Bharat Precision Fasteners",QUOTATION
"PAYMENT RECEIPT / VOUCHER
Receipt No: PAY-REC-608137
Payment Date: 19-01-2024
Paid To: Sunrise Rubber & Polymer Components
Paid By: MSME Auto Components Ltd
Payment Method: NEFT / RTGS Transfer
Bank Transaction Ref / UTR: UTR-HDFC-99182374192
Invoice Reference: INV-2425-46850
Amount Paid: INR 410.17
Amount in Words: INR 410.17 only
Payment towards full/part settlement of Invoice INV-2425-46850
Authorized Accounts Officer: Rajeev Kumar",PAYMENT_RECEIPT
"PAYMENT RECEIPT / VOUCHER
Receipt No: PAY-REC-718896
Payment Date: 17-06-2024
Paid To: TechnoMech Automation Solutions
Paid By: MSME Auto Components Ltd
Payment Method: NEFT / RTGS Transfer
Bank Transaction Ref / UTR: UTR-HDFC-99182374192
Invoice Reference: INV-2425-44991
Amount Paid: INR 1180.59
Amount in Words: INR 1180.59 only
Payment towards full/part settlement of Invoice INV-2425-44991
Authorized Accounts Officer: Rajeev Kumar",PAYMENT_RECEIPT
"GOODS DELIVERY CHALLAN
Challan Ref: DC-9535
Date: 26-07-2024
PO Reference: PO-2024-6293
From: Mahindra Tooling & Forging Ltd
To: MSME Engineering Works, Plot 8, MIDC Pune
Mode of Transport: Tempo MH-14-BT-1122
LR / GC No: 994821
Particulars:
- Pneumatic Cylinder Double Acting 50mm Bore : Quantity Delivered: 10 NOS
Remarks: Material subject to quality inspection at gate.
Inspected & Received in good order.",DELIVERY_NOTE
"MATERIAL DISPATCH NOTE
Dispatch Memo: DC-9968
Date: 05-02-2024
Ref PO: PO-2024-3405
Vendor: Apex Industrial Tools Pvt Ltd
Delivered To: Central Stores, Unit II
Description: Pneumatic Cylinder Double Acting 50mm Bore
Quantity Sent: 20 NOS
No of Cartons: 10
Received Ok by Stores Department.",DELIVERY_NOTE
"DEBIT NOTE
Debit Note No: DC-5444
Debit Note Date: 05-05-2024
Against Original Invoice: INV-2425-44691
Issued By: Bharat Precision Fasteners
GSTIN: 27AABC7113A1Z7
Issued To: MSME Precision Tools
Reason for Debit: Price undercharged in original invoice / Supplementary freight charges / Unbilled additional quantities
Description: High Tensile Flange Nut M12
Underbilled Amount: Rs. 60.63
Applicable GST (18%): Rs. 10.91
Total Debit Value: Rs. 71.54
We have debited your account with the above mentioned sum.
Authorized Signatory",DEBIT_NOTE
"COMMERCIAL TAX INVOICE
Bill No: INV-2425-72566
Bill Date: 27-03-2024
Against PO No: PO-2024-3902
Supplier: TechnoMech Automation Solutions
State: Maharashtra, Code: 27
Consignee: Global MSME Solutions
Line Items:
1. Nitrile Rubber O-Ring Kit 200pcs | 50 SET | Rate: Rs. 488.62 | Taxable: Rs. 24431.00 | IGST 18%: Rs. 4397.58 | Total: Rs. 28828.58
Amount in Words: INR 28828.58 only
E-Way Bill No: 541098234712
Declaration: Certified that particulars given above are true and correct.",INVOICE
"MEETING MINUTES - PRODUCT DESIGN REVIEW
Date: 12-09-2024
Attendees: Engineering Team, Quality Team
Agenda: Review tolerances for new hydraulic valve housing prototype.
Action Items: Update CAD model with revised bore dimensions.",UNKNOWN
"ORIGINAL TAX INVOICE (FOR RECIPIENT)
Invoice No: INV-2425-29541
Date of Issue: 25-03-2024
PO Ref: PO-2024-5033
Supplier Name: Apex Industrial Tools Pvt Ltd
PAN: AABCP9871M
GSTIN/UIN: 27AABC8421A1Z2
Place of Supply: 27-Maharashtra
Table of Supplies:
SI No | Item Description | Qty | Rate | Amount
01 | Industrial Ball Bearing 6205-2RS | 500 | 348.38 | 174190.00
Total Taxable: 174190.00
IGST @ 18%: 31354.20
Gross Total: 205544.20
Subject to Pune Jurisdiction only.",INVOICE
"BANK PAYMENT CONFIRMATION RECEIPT
Voucher ID: PAY-REC-809685
Date: 21-02-2024
Beneficiary Name: Omkar Industrial Hardware
Beneficiary A/c: 0029017662982
Transaction ID: CMS2024091800492
Settlement for Tax Invoice: INV-2425-97612
PO Number Ref: PO-2024-7733
Net Remitted: Rs. 29843.97
Status: SUCCESS - Transferred to beneficiary account.
Accounts Department Signature",PAYMENT_RECEIPT
"FORMAL PRICE PROPOSAL
Quote ID: QUO-2024-648
Date: 28-07-2024
Customer: MSME Manufacturing
Supplier: Bharat Precision Fasteners
Estimated Schedule of Rates:
1. Hydraulic Pressure Relief Valve 1/2 inch - Unit Rate: INR 1982.44 (MOQ: 50 NOS)
GST: 18% extra
Delivery: Ex-works Pune
Warranty: 12 months from delivery date.
Commercial Terms: 100% against delivery.
Authorized Signatory: Bharat Precision Fasteners",QUOTATION
"QUOTATION / PRICE ESTIMATE
Quotation Ref: QUO-2024-901
Quote Date: 08-08-2024
Valid Until: 16-11-2024
To: Procurement Team, MSME Works
From: Kirloskar Engineering Supplies
Dear Sir, We are pleased to quote our lowest rates:
Item: Tungsten Carbide Milling Insert TNMG160408
Offered Unit Price: Rs. 1415.50 per BOX
Lead Time: 10 working days from PO confirmation.
Payment Terms: 30 days credit from invoice date.
Validity: 30 days from quote date.
Looking forward to your valued Purchase Order.
Best Regards, Sales Manager, Kirloskar Engineering Supplies",QUOTATION
"TAX CREDIT MEMORANDUM
CN Number: CN-2425-539
Date: 05-08-2024
Ref Invoice: INV-2425-29903
Vendor: Swaraj Pneumatic Systems
Customer: MSME Works
Adjustment Details:
Price reduction agreed on Viton Seal Gasket 100mm OD - Difference INR 1709.71
IGST Adjustment: INR 307.75
Net Credit Allowed: INR 2017.46
Authorized Signatory, Accounts Department",CREDIT_NOTE
"FORMAL PRICE PROPOSAL
Quote ID: QUO-2024-567
Date: 10-03-2024
Customer: MSME Manufacturing
Supplier: Sunrise Rubber & Polymer Components
Estimated Schedule of Rates:
1. Stainless Steel Hex Bolt M10x50mm - Unit Rate: INR 43.78 (MOQ: 50 PCS)
GST: 18% extra
Delivery: Ex-works Pune
Warranty: 12 months from delivery date.
Commercial Terms: 100% against delivery.
Authorized Signatory: Sunrise Rubber & Polymer Components",QUOTATION
"FORMAL PRICE PROPOSAL
Quote ID: QUO-2024-321
Date: 18-03-2024
Customer: MSME Manufacturing
Supplier: Mahindra Tooling & Forging Ltd
Estimated Schedule of Rates:
1. High Tensile Flange Nut M12 - Unit Rate: INR 19.25 (MOQ: 50 PCS)
GST: 18% extra
Delivery: Ex-works Pune
Warranty: 12 months from delivery date.
Commercial Terms: 100% against delivery.
Authorized Signatory: Mahindra Tooling & Forging Ltd",QUOTATION
"TAX INVOICE
Invoice Number: INV-2425-69878
Invoice Date: 03-06-2024
PO Reference: PO-2024-9402
Seller: Kirloskar Engineering Supplies
GSTIN: 27AABC1929A1Z3
Buyer: MSME Precision Components Ltd
Buyer GSTIN: 27AAACM1234F1Z5
Description of Goods: Stainless Steel Hex Bolt M10x50mm
HSN Code: 84818030
Qty: 200 PCS
Unit Rate: INR 44.48
Taxable Value: INR 8896.00
CGST 9%: INR 800.64
SGST 9%: INR 800.64
Total Invoice Amount: INR 10497.28
Bank Account: HDFC Bank, IFSC: HDFC0001234, A/c: 5020001928374
For Kirloskar Engineering Supplies - Authorized Signatory",INVOICE
"DEBIT NOTE
Debit Note No: DC-7733
Debit Note Date: 18-03-2024
Against Original Invoice: INV-2425-77707
Issued By: Mahindra Tooling & Forging Ltd
GSTIN: 27AABC7346A1Z9
Issued To: MSME Precision Tools
Reason for Debit: Price undercharged in original invoice / Supplementary freight charges / Unbilled additional quantities
Description: Stainless Steel Hex Bolt M10x50mm
Underbilled Amount: Rs. 305.70
Applicable GST (18%): Rs. 55.03
Total Debit Value: Rs. 360.73
We have debited your account with the above mentioned sum.
Authorized Signatory",DEBIT_NOTE
"PURCHASE ORDER CONTRACT
PO#: PO-2024-1395
Date: 22-07-2024
To: Vanguard Steel & Alloys Corp
Shipment Mode: By Road
Delivery Location: Warehouse 4, Sector 12, Manesar
Line Item 1: Industrial Ball Bearing 6205-2RS - 50 Nos @ Rs. 311.91 each.
Subtotal: Rs. 15595.50
Applicable GST: 18%
Grand Total: Rs. 18402.69
Signature: Head of SCM",PURCHASE_ORDER
"DEBIT NOTE
Debit Note No: DC-5248
Debit Note Date: 17-05-2024
Against Original Invoice: INV-2425-28630
Issued By: Premier Bearings & Power Transmission
GSTIN: 27AABC2181A1Z4
Issued To: MSME Precision Tools
Reason for Debit: Price undercharged in original invoice / Supplementary freight charges / Unbilled additional quantities
Description: High Tensile Flange Nut M12
Underbilled Amount: Rs. 373.80
Applicable GST (18%): Rs. 67.28
Total Debit Value: Rs. 441.08
We have debited your account with the above mentioned sum.
Authorized Signatory",DEBIT_NOTE
"ORDER CONFIRMATION / PO
Purchase Order Ref: PO-2024-2884
Issued To: Premier Bearings & Power Transmission
Ship To: Plot 102, Chakan Industrial Area, Pune 410501
Order Date: 02-01-2024
Required Delivery Date: 15-10-2024
Items Ordered:
- Industrial Ball Bearing 6205-2RS | Quantity: 50 NOS | Unit Rate: Rs. 296.38 | Total: Rs. 14819.00
Freight: Extra at actuals
GST: 18% extra
Prepared by: Purchase Dept",PURCHASE_ORDER
"COMMERCIAL PURCHASE ORDER
Order ID: PO-2024-9316
Vendor Name: Vanguard Steel & Alloys Corp
Billing Address: Plot 45, Industrial Estate, Pune
Date of Order: 26-01-2024
Scope of Supply:
- Nitrile Rubber O-Ring Kit 200pcs (Qty: 500, Unit Price: 514.93, Amount: 257465.00)
Payment: 100% against Delivery Note and Tax Invoice.
Authorized by Procurement Manager.",PURCHASE_ORDER
"TAX INVOICE
Invoice Number: INV-2425-64824
Invoice Date: 26-08-2024
PO Reference: PO-2024-1544
Seller: Kirloskar Engineering Supplies
GSTIN: 27AABC6343A1Z2
Buyer: MSME Precision Components Ltd
Buyer GSTIN: 27AAACM1234F1Z5
Description of Goods: Pneumatic Cylinder Double Acting 50mm Bore
HSN Code: 84818030
Qty: 200 NOS
Unit Rate: INR 2953.33
Taxable Value: INR 590666.00
CGST 9%: INR 53159.94
SGST 9%: INR 53159.94
Total Invoice Amount: INR 696985.88
Bank Account: HDFC Bank, IFSC: HDFC0001234, A/c: 5020001928374
For Kirloskar Engineering Supplies - Authorized Signatory",INVOICE
"BANK PAYMENT CONFIRMATION RECEIPT
Voucher ID: PAY-REC-464214
Date: 05-09-2024
Beneficiary Name: Vanguard Steel & Alloys Corp
Beneficiary A/c: 0029017818139
Transaction ID: CMS2024091800492
Settlement for Tax Invoice: INV-2425-77823
PO Number Ref: PO-2024-5510
Net Remitted: Rs. 5648.66
Status: SUCCESS - Transferred to beneficiary account.
Accounts Department Signature",PAYMENT_RECEIPT
"GOODS DELIVERY CHALLAN
Challan Ref: DC-9638
Date: 10-01-2024
PO Reference: PO-2024-1743
From: Omkar Industrial Hardware
To: MSME Engineering Works, Plot 8, MIDC Pune
Mode of Transport: Tempo MH-14-BT-1122
LR / GC No: 994821
Particulars:
- Stainless Steel Hex Bolt M10x50mm : Quantity Delivered: 50 PCS
Remarks: Material subject to quality inspection at gate.
Inspected & Received in good order.",DELIVERY_NOTE
"INVOICE
Doc No: INV-2425-35547
Date: 21-02-2024
Ref Purchase Order: PO-2024-1607
From: Bharat Precision Fasteners
To: Bharat Engineering MSME
Summary:
Item: Digital Vernier Caliper 0-150mm
Quantity Supplied: 100
Price per unit: Rs. 1306.73
Net Amount: Rs. 130673.00
Add GST 18%: Rs. 23521.14
Invoice Total: Rs. 154194.14
Payment Due Date: 27-10-2024
Please remit payment to State Bank of India A/c: 30981723481",INVOICE
"MATERIAL DISPATCH NOTE
Dispatch Memo: DC-6271
Date: 01-03-2024
Ref PO: PO-2024-5378
Vendor: Swaraj Pneumatic Systems
Delivered To: Central Stores, Unit II
Description: High Tensile Flange Nut M12
Quantity Sent: 100 PCS
No of Cartons: 10
Received Ok by Stores Department.",DELIVERY_NOTE
"CREDIT NOTE
Credit Note No: CN-2425-764
Credit Note Date: 12-02-2024
Original Tax Invoice Ref: INV-2425-59446
Original Invoice Date: 10-08-2024
Issued By: Vanguard Steel & Alloys Corp
GSTIN: 27AABC2336A1Z3
Issued To: MSME Manufacturing Ltd
Reason for Credit: Rate difference / Return of damaged goods / Post-sale discount
Particulars:
Item: Nitrile Rubber O-Ring Kit 200pcs
Quantity Returned / Adjusted: 500 SET
Unit Rate: Rs. 432.83
Credit Amount (Taxable): Rs. 29820.21
CGST 9%: Rs. 2683.82
SGST 9%: Rs. 2683.82
Total Credit Note Amount: Rs. 35187.85
We have credited your account with the above amount.",CREDIT_NOTE
"STANDARD PURCHASE ORDER
PO No: PO-2024-5439
Buyer: MSME Manufacturing Works
Supplier: Mahindra Tooling & Forging Ltd
GSTIN: 27AABC3436A1Z8
Item Details:
Item Code: ITM-180, Description: Digital Vernier Caliper 0-150mm, Quantity: 10, Rate: 1295.52, Taxable Value: 12955.20
Total Order Value: INR 12955.20
Special Instructions: Deliver with inspection certificate and warranty.",PURCHASE_ORDER
"DEBIT NOTE
Debit Note No: DC-8271
Debit Note Date: 01-01-2024
Against Original Invoice: INV-2425-90889
Issued By: Kirloskar Engineering Supplies
GSTIN: 27AABC6934A1Z4
Issued To: MSME Precision Tools
Reason for Debit: Price undercharged in original invoice / Supplementary freight charges / Unbilled additional quantities
Description: Hydraulic Pressure Relief Valve 1/2 inch
Underbilled Amount: Rs. 31976.78
Applicable GST (18%): Rs. 5755.82
Total Debit Value: Rs. 37732.60
We have debited your account with the above mentioned sum.
Authorized Signatory",DEBIT_NOTE
"STANDARD PURCHASE ORDER
PO No: PO-2024-6892
Buyer: MSME Manufacturing Works
Supplier: Omkar Industrial Hardware
GSTIN: 27AABC5981A1Z5
Item Details:
Item Code: ITM-979, Description: Viton Seal Gasket 100mm OD, Quantity: 20, Rate: 97.18, Taxable Value: 1943.60
Total Order Value: INR 1943.60
Special Instructions: Deliver with inspection certificate and warranty.",PURCHASE_ORDER
"PURCHASE ORDER
PO Number: PO-2024-4644
Date: 11-05-2024
Vendor: Mahindra Tooling & Forging Ltd
Delivery Address: Plot 102, Chakan Industrial Area, Pune 410501
Payment Terms: Net 30 Days
Line Items:
1. Nitrile Rubber O-Ring Kit 200pcs - Qty: 50 @ INR 472.94/unit = INR 23647.00
Authorized Signatory
Terms & Conditions: Goods must be delivered within 15 days.",PURCHASE_ORDER
"CREDIT NOTE
Credit Note No: CN-2425-642
Credit Note Date: 20-04-2024
Original Tax Invoice Ref: INV-2425-22074
Original Invoice Date: 22-08-2024
Issued By: Mahindra Tooling & Forging Ltd
GSTIN: 27AABC9302A1Z3
Issued To: MSME Manufacturing Ltd
Reason for Credit: Rate difference / Return of damaged goods / Post-sale discount
Particulars:
Item: Industrial Ball Bearing 6205-2RS
Quantity Returned / Adjusted: 20 NOS
Unit Rate: Rs. 315.19
Credit Amount (Taxable): Rs. 1001.23
CGST 9%: Rs. 90.11
SGST 9%: Rs. 90.11
Total Credit Note Amount: Rs. 1181.45
We have credited your account with the above amount.",CREDIT_NOTE
"ORIGINAL TAX INVOICE (FOR RECIPIENT)
Invoice No: INV-2425-70863
Date of Issue: 07-02-2024
PO Ref: PO-2024-6036
Supplier Name: Kirloskar Engineering Supplies
PAN: AABCP9871M
GSTIN/UIN: 27AABC7293A1Z5
Place of Supply: 27-Maharashtra
Table of Supplies:
SI No | Item Description | Qty | Rate | Amount
01 | Nitrile Rubber O-Ring Kit 200pcs | 50 | 518.22 | 25911.00
Total Taxable: 25911.00
IGST @ 18%: 4663.98
Gross Total: 30574.98
Subject to Pune Jurisdiction only.",INVOICE
"QUOTATION / PRICE ESTIMATE
Quotation Ref: QUO-2024-674
Quote Date: 16-04-2024
Valid Until: 24-11-2024
To: Procurement Team, MSME Works
From: Kirloskar Engineering Supplies
Dear Sir, We are pleased to quote our lowest rates:
Item: Stainless Steel Hex Bolt M10x50mm
Offered Unit Price: Rs. 48.77 per PCS
Lead Time: 10 working days from PO confirmation.
Payment Terms: 30 days credit from invoice date.
Validity: 30 days from quote date.
Looking forward to your valued Purchase Order.
Best Regards, Sales Manager, Kirloskar Engineering Supplies",QUOTATION
"DEBIT NOTE
Debit Note No: DC-8609
Debit Note Date: 21-03-2024
Against Original Invoice: INV-2425-93774
Issued By: TechnoMech Automation Solutions
GSTIN: 27AABC7110A1Z3
Issued To: MSME Precision Tools
Reason for Debit: Price undercharged in original invoice / Supplementary freight charges / Unbilled additional quantities
Description: High Tensile Flange Nut M12
Underbilled Amount: Rs. 1096.55
Applicable GST (18%): Rs. 197.38
Total Debit Value: Rs. 1293.93
We have debited your account with the above mentioned sum.
Authorized Signatory",DEBIT_NOTE
"CREDIT NOTE
Credit Note No: CN-2425-574
Credit Note Date: 23-07-2024
Original Tax Invoice Ref: INV-2425-49833
Original Invoice Date: 17-08-2024
Issued By: Apex Industrial Tools Pvt Ltd
GSTIN: 27AABC5234A1Z7
Issued To: MSME Manufacturing Ltd
Reason for Credit: Rate difference / Return of damaged goods / Post-sale discount
Particulars:
Item: Digital Vernier Caliper 0-150mm
Quantity Returned / Adjusted: 50 NOS
Unit Rate: Rs. 1229.37
Credit Amount (Taxable): Rs. 4922.42
CGST 9%: Rs. 443.02
SGST 9%: Rs. 443.02
Total Credit Note Amount: Rs. 5808.46
We have credited your account with the above amount.",CREDIT_NOTE
"PAYMENT ADVICE & RECEIPT
Payment Slip Ref: PAY-REC-258582
Date of Remittance: 06-04-2024
Vendor: Kirloskar Engineering Supplies
Against Bill/Invoice No: INV-2425-10700
Cheque/NEFT No: 882910
Paid Amount: INR 296675.60
Deductions (TDS/Retention): Rs. 0.00
Total Cleared: INR 296675.60
Received with thanks from MSME Industries.",PAYMENT_RECEIPT
"TAX CREDIT MEMORANDUM
CN Number: CN-2425-120
Date: 23-01-2024
Ref Invoice: INV-2425-49642
Vendor: Swaraj Pneumatic Systems
Customer: MSME Works
Adjustment Details:
Price reduction agreed on Tungsten Carbide Milling Insert TNMG160408 - Difference INR 27784.51
IGST Adjustment: INR 5001.21
Net Credit Allowed: INR 32785.72
Authorized Signatory, Accounts Department",CREDIT_NOTE
"DEBIT NOTE
Debit Note No: DC-8661
Debit Note Date: 21-06-2024
Against Original Invoice: INV-2425-14479
Issued By: Sunrise Rubber & Polymer Components
GSTIN: 27AABC4073A1Z7
Issued To: MSME Precision Tools
Reason for Debit: Price undercharged in original invoice / Supplementary freight charges / Unbilled additional quantities
Description: Nitrile Rubber O-Ring Kit 200pcs
Underbilled Amount: Rs. 1424.08
Applicable GST (18%): Rs. 256.33
Total Debit Value: Rs. 1680.41
We have debited your account with the above mentioned sum.
Authorized Signatory",DEBIT_NOTE
"PURCHASE ORDER
PO Number: PO-2024-6027
Date: 21-08-2024
Vendor: Bharat Precision Fasteners
Delivery Address: Plot 102, Chakan Industrial Area, Pune 410501
Payment Terms: Net 30 Days
Line Items:
1. Nitrile Rubber O-Ring Kit 200pcs - Qty: 200 @ INR 461.87/unit = INR 92374.00
Authorized Signatory
Terms & Conditions: Goods must be delivered within 15 days.",PURCHASE_ORDER
"PAYMENT RECEIPT / VOUCHER
Receipt No: PAY-REC-918038
Payment Date: 16-02-2024
Paid To: Vanguard Steel & Alloys Corp
Paid By: MSME Auto Components Ltd
Payment Method: NEFT / RTGS Transfer
Bank Transaction Ref / UTR: UTR-HDFC-99182374192
Invoice Reference: INV-2425-26039
Amount Paid: INR 179.17
Amount in Words: INR 179.17 only
Payment towards full/part settlement of Invoice INV-2425-26039
Authorized Accounts Officer: Rajeev Kumar",PAYMENT_RECEIPT
"GOODS DELIVERY CHALLAN
Challan Ref: DC-6044
Date: 13-07-2024
PO Reference: PO-2024-3349
From: Apex Industrial Tools Pvt Ltd
To: MSME Engineering Works, Plot 8, MIDC Pune
Mode of Transport: Tempo MH-14-BT-1122
LR / GC No: 994821
Particulars:
- Hydraulic Pressure Relief Valve 1/2 inch : Quantity Delivered: 50 NOS
Remarks: Material subject to quality inspection at gate.
Inspected & Received in good order.",DELIVERY_NOTE
"PURCHASE ORDER CONTRACT
PO#: PO-2024-7600
Date: 22-04-2024
To: Kirloskar Engineering Supplies
Shipment Mode: By Road
Delivery Location: Warehouse 4, Sector 12, Manesar
Line Item 1: High Tensile Flange Nut M12 - 50 Nos @ Rs. 18.86 each.
Subtotal: Rs. 943.00
Applicable GST: 18%
Grand Total: Rs. 1112.74
Signature: Head of SCM",PURCHASE_ORDER
"INVOICE
Doc No: INV-2425-25133
Date: 13-04-2024
Ref Purchase Order: PO-2024-6755
From: Sunrise Rubber & Polymer Components
To: Bharat Engineering MSME
Summary:
Item: Carbon Steel Seamless Pipe 2 inch NB
Quantity Supplied: 500
Price per unit: Rs. 627.69
Net Amount: Rs. 313845.00
Add GST 18%: Rs. 56492.10
Invoice Total: Rs. 370337.10
Payment Due Date: 05-10-2024
Please remit payment to State Bank of India A/c: 30981723481",INVOICE
"PAYMENT RECEIPT / VOUCHER
Receipt No: PAY-REC-403598
Payment Date: 11-01-2024
Paid To: Bharat Precision Fasteners
Paid By: MSME Auto Components Ltd
Payment Method: NEFT / RTGS Transfer
Bank Transaction Ref / UTR: UTR-HDFC-99182374192
Invoice Reference: INV-2425-12906
Amount Paid: INR 100468.15
Amount in Words: INR 100468.15 only
Payment towards full/part settlement of Invoice INV-2425-12906
Authorized Accounts Officer: Rajeev Kumar",PAYMENT_RECEIPT
"TAX INVOICE
Invoice Number: INV-2425-33173
Invoice Date: 15-06-2024
PO Reference: PO-2024-3785
Seller: Vanguard Steel & Alloys Corp
GSTIN: 27AABC6618A1Z9
Buyer: MSME Precision Components Ltd
Buyer GSTIN: 27AAACM1234F1Z5
Description of Goods: Nitrile Rubber O-Ring Kit 200pcs
HSN Code: 84818030
Qty: 500 SET
Unit Rate: INR 480.22
Taxable Value: INR 240110.00
CGST 9%: INR 21609.90
SGST 9%: INR 21609.90
Total Invoice Amount: INR 283329.80
Bank Account: HDFC Bank, IFSC: HDFC0001234, A/c: 5020001928374
For Vanguard Steel & Alloys Corp - Authorized Signatory",INVOICE
"ORDER CONFIRMATION / PO
Purchase Order Ref: PO-2024-3565
Issued To: Swaraj Pneumatic Systems
Ship To: Plot 102, Chakan Industrial Area, Pune 410501
Order Date: 06-05-2024
Required Delivery Date: 02-10-2024
Items Ordered:
- Nitrile Rubber O-Ring Kit 200pcs | Quantity: 10 SET | Unit Rate: Rs. 506.07 | Total: Rs. 5060.70
Freight: Extra at actuals
GST: 18% extra
Prepared by: Purchase Dept",PURCHASE_ORDER
"PAYMENT ADVICE & RECEIPT
Payment Slip Ref: PAY-REC-694290
Date of Remittance: 06-09-2024
Vendor: Mahindra Tooling & Forging Ltd
Against Bill/Invoice No: INV-2425-28595
Cheque/NEFT No: 882910
Paid Amount: INR 10885.50
Deductions (TDS/Retention): Rs. 0.00
Total Cleared: INR 10885.50
Received with thanks from MSME Industries.",PAYMENT_RECEIPT
"PAYMENT RECEIPT / VOUCHER
Receipt No: PAY-REC-323311
Payment Date: 07-02-2024
Paid To: Sunrise Rubber & Polymer Components
Paid By: MSME Auto Components Ltd
Payment Method: NEFT / RTGS Transfer
Bank Transaction Ref / UTR: UTR-HDFC-99182374192
Invoice Reference: INV-2425-51946
Amount Paid: INR 17865.30
Amount in Words: INR 17865.30 only
Payment towards full/part settlement of Invoice INV-2425-51946
Authorized Accounts Officer: Rajeev Kumar",PAYMENT_RECEIPT
"STANDARD PURCHASE ORDER
PO No: PO-2024-7617
Buyer: MSME Manufacturing Works
Supplier: Swaraj Pneumatic Systems
GSTIN: 27AABC7790A1Z3
Item Details:
Item Code: ITM-192, Description: Tungsten Carbide Milling Insert TNMG160408, Quantity: 100, Rate: 1547.64, Taxable Value: 154764.00
Total Order Value: INR 154764.00
Special Instructions: Deliver with inspection certificate and warranty.",PURCHASE_ORDER
"INTERNAL MEMORANDUM
To: All Plant Staff
From: Operations Director
Subject: Scheduled maintenance of Power Generator DG-2 on coming Sunday.
All departments are requested to plan production accordingly.",UNKNOWN
"DEBIT NOTE
Debit Note No: DC-7685
Debit Note Date: 02-05-2024
Against Original Invoice: INV-2425-14014
Issued By: Kirloskar Engineering Supplies
GSTIN: 27AABC4506A1Z6
Issued To: MSME Precision Tools
Reason for Debit: Price undercharged in original invoice / Supplementary freight charges / Unbilled additional quantities
Description: Hydraulic Pressure Relief Valve 1/2 inch
Underbilled Amount: Rs. 14819.42
Applicable GST (18%): Rs. 2667.50
Total Debit Value: Rs. 17486.92
We have debited your account with the above mentioned sum.
Authorized Signatory",DEBIT_NOTE
"ORDER CONFIRMATION / PO
Purchase Order Ref: PO-2024-6002
Issued To: Vanguard Steel & Alloys Corp
Ship To: Plot 102, Chakan Industrial Area, Pune 410501
Order Date: 11-07-2024
Required Delivery Date: 26-10-2024
Items Ordered:
- Industrial Ball Bearing 6205-2RS | Quantity: 20 NOS | Unit Rate: Rs. 332.69 | Total: Rs. 6653.80
Freight: Extra at actuals
GST: 18% extra
Prepared by: Purchase Dept",PURCHASE_ORDER
"DELIVERY RECEIPT & DISPATCH SLIP
DN Number: DC-6560
Dispatch Date: 23-05-2024
Purchase Order: PO-2024-9811
Supplier: TechnoMech Automation Solutions
Destination: Industrial Warehouse Sector 5
List of Items:
Item: Pneumatic Cylinder Double Acting 50mm Bore | Qty Delivered: 200 | Unit: NOS | Batch No: B-2024-09
Security Gate Entry No: G-4412
Storekeeper Signature: _____________
Date & Time Received: 23-05-2024 14:30 hrs",DELIVERY_NOTE
"SAFETY MANUAL & PROTOCOL
Section 4: General Workshop Safety Guidelines.
1. Personal Protective Equipment (PPE) including safety helmets, steel-toe shoes and goggles must be worn.
2. Machine emergency stop buttons must be inspected daily.
3. In case of fire, evacuate through Gate 2.",UNKNOWN
"COMMERCIAL PURCHASE ORDER
Order ID: PO-2024-7669
Vendor Name: Bharat Precision Fasteners
Billing Address: Plot 45, Industrial Estate, Pune
Date of Order: 24-02-2024
Scope of Supply:
- Digital Vernier Caliper 0-150mm (Qty: 10, Unit Price: 1184.93, Amount: 11849.30)
Payment: 100% against Delivery Note and Tax Invoice.
Authorized by Procurement Manager.",PURCHASE_ORDER
"VISITOR PASS - RECEPTION
Visitor Name: Ananya Sharma
Company: Tech Audit Consultants
Person to meet: Finance Manager
Entry Time: 10:15 AM
Exit Time: 12:45 PM",UNKNOWN
"PAYMENT RECEIPT / VOUCHER
Receipt No: PAY-REC-830364
Payment Date: 27-03-2024
Paid To: Kirloskar Engineering Supplies
Paid By: MSME Auto Components Ltd
Payment Method: NEFT / RTGS Transfer
Bank Transaction Ref / UTR: UTR-HDFC-99182374192
Invoice Reference: INV-2425-24031
Amount Paid: INR 4748.32
Amount in Words: INR 4748.32 only
Payment towards full/part settlement of Invoice INV-2425-24031
Authorized Accounts Officer: Rajeev Kumar",PAYMENT_RECEIPT
"QUOTATION / PRICE ESTIMATE
Quotation Ref: QUO-2024-654
Quote Date: 09-06-2024
Valid Until: 16-11-2024
To: Procurement Team, MSME Works
From: Kirloskar Engineering Supplies
Dear Sir, We are pleased to quote our lowest rates:
Item: Digital Vernier Caliper 0-150mm
Offered Unit Price: Rs. 1195.98 per NOS
Lead Time: 10 working days from PO confirmation.
Payment Terms: 30 days credit from invoice date.
Validity: 30 days from quote date.
Looking forward to your valued Purchase Order.
Best Regards, Sales Manager, Kirloskar Engineering Supplies",QUOTATION
"VISITOR PASS - RECEPTION
Visitor Name: Ananya Sharma
Company: Tech Audit Consultants
Person to meet: Finance Manager
Entry Time: 10:15 AM
Exit Time: 12:45 PM",UNKNOWN
"QUOTATION / PRICE ESTIMATE
Quotation Ref: QUO-2024-365
Quote Date: 04-09-2024
Valid Until: 08-11-2024
To: Procurement Team, MSME Works
From: Omkar Industrial Hardware
Dear Sir, We are pleased to quote our lowest rates:
Item: Pneumatic Cylinder Double Acting 50mm Bore
Offered Unit Price: Rs. 2798.65 per NOS
Lead Time: 10 working days from PO confirmation.
Payment Terms: 30 days credit from invoice date.
Validity: 30 days from quote date.
Looking forward to your valued Purchase Order.
Best Regards, Sales Manager, Omkar Industrial Hardware",QUOTATION
"DELIVERY NOTE / CHALLAN
Delivery Challan No: DC-8330
Date of Dispatch: 11-04-2024
Against PO No: PO-2024-4714
Consignor: Bharat Precision Fasteners
Consignee: MSME Manufacturing Plant
Vehicle No: MH-12-RN-8821
Transporter: Apex Logistics
Driver Name: Suresh Patil (Mob: 9876543210)
Materials Dispatched:
1. High Tensile Flange Nut M12 - Dispatched Qty: 200 PCS (Packages: 4 Wooden Crates)
Condition of Goods: Good condition, sealed boxes.
Received by: Stores In-charge (Signature & Date)
Goods received in full and sound condition.",DELIVERY_NOTE
"TAX INVOICE
Invoice Number: INV-2425-44630
Invoice Date: 01-09-2024
PO Reference: PO-2024-5791
Seller: Omkar Industrial Hardware
GSTIN: 27AABC1073A1Z3
Buyer: MSME Precision Components Ltd
Buyer GSTIN: 27AAACM1234F1Z5
Description of Goods: Pneumatic Cylinder Double Acting 50mm Bore
HSN Code: 84818030
Qty: 200 NOS
Unit Rate: INR 2869.63
Taxable Value: INR 573926.00
CGST 9%: INR 51653.34
SGST 9%: INR 51653.34
Total Invoice Amount: INR 677232.68
Bank Account: HDFC Bank, IFSC: HDFC0001234, A/c: 5020001928374
For Omkar Industrial Hardware - Authorized Signatory",INVOICE
"DEBIT NOTE
Debit Note No: DC-7712
Debit Note Date: 11-01-2024
Against Original Invoice: INV-2425-52315
Issued By: National Electricals & Controls
GSTIN: 27AABC7288A1Z9
Issued To: MSME Precision Tools
Reason for Debit: Price undercharged in original invoice / Supplementary freight charges / Unbilled additional quantities
Description: Tungsten Carbide Milling Insert TNMG160408
Underbilled Amount: Rs. 81914.78
Applicable GST (18%): Rs. 14744.66
Total Debit Value: Rs. 96659.44
We have debited your account with the above mentioned sum.
Authorized Signatory",DEBIT_NOTE
"MEETING MINUTES - PRODUCT DESIGN REVIEW
Date: 12-09-2024
Attendees: Engineering Team, Quality Team
Agenda: Review tolerances for new hydraulic valve housing prototype.
Action Items: Update CAD model with revised bore dimensions.",UNKNOWN
"QUOTATION / PRICE ESTIMATE
Quotation Ref: QUO-2024-784
Quote Date: 24-08-2024
Valid Until: 25-11-2024
To: Procurement Team, MSME Works
From: Bharat Precision Fasteners
Dear Sir, We are pleased to quote our lowest rates:
Item: Viton Seal Gasket 100mm OD
Offered Unit Price: Rs. 90.54 per PCS
Lead Time: 10 working days from PO confirmation.
Payment Terms: 30 days credit from invoice date.
Validity: 30 days from quote date.
Looking forward to your valued Purchase Order.
Best Regards, Sales Manager, Bharat Precision Fasteners",QUOTATION
"DELIVERY RECEIPT & DISPATCH SLIP
DN Number: DC-9795
Dispatch Date: 08-08-2024
Purchase Order: PO-2024-6263
Supplier: TechnoMech Automation Solutions
Destination: Industrial Warehouse Sector 5
List of Items:
Item: Pneumatic Cylinder Double Acting 50mm Bore | Qty Delivered: 10 | Unit: NOS | Batch No: B-2024-09
Security Gate Entry No: G-4412
Storekeeper Signature: _____________
Date & Time Received: 08-08-2024 14:30 hrs",DELIVERY_NOTE
"PURCHASE ORDER
PO Number: PO-2024-8451
Date: 04-04-2024
Vendor: Kirloskar Engineering Supplies
Delivery Address: Plot 102, Chakan Industrial Area, Pune 410501
Payment Terms: Net 30 Days
Line Items:
1. Digital Vernier Caliper 0-150mm - Qty: 50 @ INR 1264.65/unit = INR 63232.50
Authorized Signatory
Terms & Conditions: Goods must be delivered within 15 days.",PURCHASE_ORDER
"BANK PAYMENT CONFIRMATION RECEIPT
Voucher ID: PAY-REC-101099
Date: 05-08-2024
Beneficiary Name: Omkar Industrial Hardware
Beneficiary A/c: 0029015360826
Transaction ID: CMS2024091800492
Settlement for Tax Invoice: INV-2425-82163
PO Number Ref: PO-2024-2586
Net Remitted: Rs. 12420.68
Status: SUCCESS - Transferred to beneficiary account.
Accounts Department Signature",PAYMENT_RECEIPT
"COMMERCIAL PURCHASE ORDER
Order ID: PO-2024-8069
Vendor Name: Sunrise Rubber & Polymer Components
Billing Address: Plot 45, Industrial Estate, Pune
Date of Order: 21-08-2024
Scope of Supply:
- Industrial Ball Bearing 6205-2RS (Qty: 200, Unit Price: 312.53, Amount: 62506.00)
Payment: 100% against Delivery Note and Tax Invoice.
Authorized by Procurement Manager.",PURCHASE_ORDER
"INTERNAL MEMORANDUM
To: All Plant Staff
From: Operations Director
Subject: Scheduled maintenance of Power Generator DG-2 on coming Sunday.
All departments are requested to plan production accordingly.",UNKNOWN
"QUOTATION / PRICE ESTIMATE
Quotation Ref: QUO-2024-625
Quote Date: 11-02-2024
Valid Until: 03-11-2024
To: Procurement Team, MSME Works
From: Bharat Precision Fasteners
Dear Sir, We are pleased to quote our lowest rates:
Item: Digital Vernier Caliper 0-150mm
Offered Unit Price: Rs. 1265.95 per NOS
Lead Time: 10 working days from PO confirmation.
Payment Terms: 30 days credit from invoice date.
Validity: 30 days from quote date.
Looking forward to your valued Purchase Order.
Best Regards, Sales Manager, Bharat Precision Fasteners",QUOTATION
"PAYMENT ADVICE & RECEIPT
Payment Slip Ref: PAY-REC-182230
Date of Remittance: 14-03-2024
Vendor: Mahindra Tooling & Forging Ltd
Against Bill/Invoice No: INV-2425-80272
Cheque/NEFT No: 882910
Paid Amount: INR 1755609.90
Deductions (TDS/Retention): Rs. 0.00
Total Cleared: INR 1755609.90
Received with thanks from MSME Industries.",PAYMENT_RECEIPT
"PAYMENT ADVICE & RECEIPT
Payment Slip Ref: PAY-REC-626086
Date of Remittance: 28-03-2024
Vendor: Apex Industrial Tools Pvt Ltd
Against Bill/Invoice No: INV-2425-84848
Cheque/NEFT No: 882910
Paid Amount: INR 16789.63
Deductions (TDS/Retention): Rs. 0.00
Total Cleared: INR 16789.63
Received with thanks from MSME Industries.",PAYMENT_RECEIPT
"COMMERCIAL TAX INVOICE
Bill No: INV-2425-40124
Bill Date: 10-06-2024
Against PO No: PO-2024-7665
Supplier: Swaraj Pneumatic Systems
State: Maharashtra, Code: 27
Consignee: Global MSME Solutions
Line Items:
1. Nitrile Rubber O-Ring Kit 200pcs | 50 SET | Rate: Rs. 510.05 | Taxable: Rs. 25502.50 | IGST 18%: Rs. 4590.45 | Total: Rs. 30092.95
Amount in Words: INR 30092.95 only
E-Way Bill No: 541098234712
Declaration: Certified that particulars given above are true and correct.",INVOICE
"DEBIT NOTE
Debit Note No: DC-9680
Debit Note Date: 04-01-2024
Against Original Invoice: INV-2425-84260
Issued By: Swaraj Pneumatic Systems
GSTIN: 27AABC5352A1Z2
Issued To: MSME Precision Tools
Reason for Debit: Price undercharged in original invoice / Supplementary freight charges / Unbilled additional quantities
Description: Stainless Steel Hex Bolt M10x50mm
Underbilled Amount: Rs. 3047.75
Applicable GST (18%): Rs. 548.60
Total Debit Value: Rs. 3596.35
We have debited your account with the above mentioned sum.
Authorized Signatory",DEBIT_NOTE
"TAX INVOICE
Invoice Number: INV-2425-28285
Invoice Date: 27-09-2024
PO Reference: PO-2024-2935
Seller: Bharat Precision Fasteners
GSTIN: 27AABC6083A1Z5
Buyer: MSME Precision Components Ltd
Buyer GSTIN: 27AAACM1234F1Z5
Description of Goods: Carbon Steel Seamless Pipe 2 inch NB
HSN Code: 84818030
Qty: 100 MTR
Unit Rate: INR 666.23
Taxable Value: INR 66623.00
CGST 9%: INR 5996.07
SGST 9%: INR 5996.07
Total Invoice Amount: INR 78615.14
Bank Account: HDFC Bank, IFSC: HDFC0001234, A/c: 5020001928374
For Bharat Precision Fasteners - Authorized Signatory",INVOICE
"QUOTATION / PRICE ESTIMATE
Quotation Ref: QUO-2024-733
Quote Date: 15-07-2024
Valid Until: 01-11-2024
To: Procurement Team, MSME Works
From: TechnoMech Automation Solutions
Dear Sir, We are pleased to quote our lowest rates:
Item: High Tensile Flange Nut M12
Offered Unit Price: Rs. 16.80 per PCS
Lead Time: 10 working days from PO confirmation.
Payment Terms: 30 days credit from invoice date.
Validity: 30 days from quote date.
Looking forward to your valued Purchase Order.
Best Regards, Sales Manager, TechnoMech Automation Solutions",QUOTATION
"TAX INVOICE
Invoice Number: INV-2425-13521
Invoice Date: 27-09-2024
PO Reference: PO-2024-5233
Seller: Kirloskar Engineering Supplies
GSTIN: 27AABC3866A1Z6
Buyer: MSME Precision Components Ltd
Buyer GSTIN: 27AAACM1234F1Z5
Description of Goods: Pneumatic Cylinder Double Acting 50mm Bore
HSN Code: 84818030
Qty: 200 NOS
Unit Rate: INR 3014.45
Taxable Value: INR 602890.00
CGST 9%: INR 54260.10
SGST 9%: INR 54260.10
Total Invoice Amount: INR 711410.20
Bank Account: HDFC Bank, IFSC: HDFC0001234, A/c: 5020001928374
For Kirloskar Engineering Supplies - Authorized Signatory",INVOICE
"FORMAL PRICE PROPOSAL
Quote ID: QUO-2024-465
Date: 04-04-2024
Customer: MSME Manufacturing
Supplier: Apex Industrial Tools Pvt Ltd
Estimated Schedule of Rates:
1. Pneumatic Cylinder Double Acting 50mm Bore - Unit Rate: INR 2653.37 (MOQ: 50 NOS)
GST: 18% extra
Delivery: Ex-works Pune
Warranty: 12 months from delivery date.
Commercial Terms: 100% against delivery.
Authorized Signatory: Apex Industrial Tools Pvt Ltd",QUOTATION
"MEETING MINUTES - PRODUCT DESIGN REVIEW
Date: 12-09-2024
Attendees: Engineering Team, Quality Team
Agenda: Review tolerances for new hydraulic valve housing prototype.
Action Items: Update CAD model with revised bore dimensions.",UNKNOWN
"SAFETY MANUAL & PROTOCOL
Section 4: General Workshop Safety Guidelines.
1. Personal Protective Equipment (PPE) including safety helmets, steel-toe shoes and goggles must be worn.
2. Machine emergency stop buttons must be inspected daily.
3. In case of fire, evacuate through Gate 2.",UNKNOWN
"ORDER CONFIRMATION / PO
Purchase Order Ref: PO-2024-7171
Issued To: Bharat Precision Fasteners
Ship To: Plot 102, Chakan Industrial Area, Pune 410501
Order Date: 24-02-2024
Required Delivery Date: 12-10-2024
Items Ordered:
- Digital Vernier Caliper 0-150mm | Quantity: 20 NOS | Unit Rate: Rs. 1192.40 | Total: Rs. 23848.00
Freight: Extra at actuals
GST: 18% extra
Prepared by: Purchase Dept",PURCHASE_ORDER
"DEBIT NOTE
Debit Note No: DC-5513
Debit Note Date: 02-04-2024
Against Original Invoice: INV-2425-56433
Issued By: TechnoMech Automation Solutions
GSTIN: 27AABC6976A1Z4
Issued To: MSME Precision Tools
Reason for Debit: Price undercharged in original invoice / Supplementary freight charges / Unbilled additional quantities
Description: High Tensile Flange Nut M12
Underbilled Amount: Rs. 333.41
Applicable GST (18%): Rs. 60.01
Total Debit Value: Rs. 393.42
We have debited your account with the above mentioned sum.
Authorized Signatory",DEBIT_NOTE
"TAX CREDIT MEMORANDUM
CN Number: CN-2425-762
Date: 11-02-2024
Ref Invoice: INV-2425-11583
Vendor: Premier Bearings & Power Transmission
Customer: MSME Works
Adjustment Details:
Price reduction agreed on Industrial Ball Bearing 6205-2RS - Difference INR 251.27
IGST Adjustment: INR 45.23
Net Credit Allowed: INR 296.50
Authorized Signatory, Accounts Department",CREDIT_NOTE
"STANDARD PURCHASE ORDER
PO No: PO-2024-3658
Buyer: MSME Manufacturing Works
Supplier: Bharat Precision Fasteners
GSTIN: 27AABC2597A1Z9
Item Details:
Item Code: ITM-590, Description: Industrial Ball Bearing 6205-2RS, Quantity: 200, Rate: 333.83, Taxable Value: 66766.00
Total Order Value: INR 66766.00
Special Instructions: Deliver with inspection certificate and warranty.",PURCHASE_ORDER
"QUOTATION / PRICE ESTIMATE
Quotation Ref: QUO-2024-934
Quote Date: 13-01-2024
Valid Until: 15-11-2024
To: Procurement Team, MSME Works
From: Swaraj Pneumatic Systems
Dear Sir, We are pleased to quote our lowest rates:
Item: Hydraulic Pressure Relief Valve 1/2 inch
Offered Unit Price: Rs. 1977.08 per NOS
Lead Time: 10 working days from PO confirmation.
Payment Terms: 30 days credit from invoice date.
Validity: 30 days from quote date.
Looking forward to your valued Purchase Order.
Best Regards, Sales Manager, Swaraj Pneumatic Systems",QUOTATION
"PAYMENT RECEIPT / VOUCHER
Receipt No: PAY-REC-409103
Payment Date: 22-04-2024
Paid To: Premier Bearings & Power Transmission
Paid By: MSME Auto Components Ltd
Payment Method: NEFT / RTGS Transfer
Bank Transaction Ref / UTR: UTR-HDFC-99182374192
Invoice Reference: INV-2425-80534
Amount Paid: INR 7499.14
Amount in Words: INR 7499.14 only
Payment towards full/part settlement of Invoice INV-2425-80534
Authorized Accounts Officer: Rajeev Kumar",PAYMENT_RECEIPT
"BANK PAYMENT CONFIRMATION RECEIPT
Voucher ID: PAY-REC-572398
Date: 15-06-2024
Beneficiary Name: Apex Industrial Tools Pvt Ltd
Beneficiary A/c: 0029014376319
Transaction ID: CMS2024091800492
Settlement for Tax Invoice: INV-2425-58508
PO Number Ref: PO-2024-8399
Net Remitted: Rs. 28383.34
Status: SUCCESS - Transferred to beneficiary account.
Accounts Department Signature",PAYMENT_RECEIPT
"DEBIT NOTE
Debit Note No: DC-8793
Debit Note Date: 27-04-2024
Against Original Invoice: INV-2425-23872
Issued By: Omkar Industrial Hardware
GSTIN: 27AABC9717A1Z6
Issued To: MSME Precision Tools
Reason for Debit: Price undercharged in original invoice / Supplementary freight charges / Unbilled additional quantities
Description: Carbon Steel Seamless Pipe 2 inch NB
Underbilled Amount: Rs. 47297.33
Applicable GST (18%): Rs. 8513.52
Total Debit Value: Rs. 55810.85
We have debited your account with the above mentioned sum.
Authorized Signatory",DEBIT_NOTE
"ORDER CONFIRMATION / PO
Purchase Order Ref: PO-2024-4874
Issued To: Apex Industrial Tools Pvt Ltd
Ship To: Plot 102, Chakan Industrial Area, Pune 410501
Order Date: 13-07-2024
Required Delivery Date: 09-10-2024
Items Ordered:
- Pneumatic Cylinder Double Acting 50mm Bore | Quantity: 100 NOS | Unit Rate: Rs. 2856.14 | Total: Rs. 285614.00
Freight: Extra at actuals
GST: 18% extra
Prepared by: Purchase Dept",PURCHASE_ORDER
"COMMERCIAL PURCHASE ORDER
Order ID: PO-2024-1614
Vendor Name: Premier Bearings & Power Transmission
Billing Address: Plot 45, Industrial Estate, Pune
Date of Order: 09-07-2024
Scope of Supply:
- Stainless Steel Hex Bolt M10x50mm (Qty: 50, Unit Price: 41.45, Amount: 2072.50)
Payment: 100% against Delivery Note and Tax Invoice.
Authorized by Procurement Manager.",PURCHASE_ORDER
"PURCHASE ORDER CONTRACT
PO#: PO-2024-6662
Date: 04-04-2024
To: Kirloskar Engineering Supplies
Shipment Mode: By Road
Delivery Location: Warehouse 4, Sector 12, Manesar
Line Item 1: Hydraulic Pressure Relief Valve 1/2 inch - 20 Nos @ Rs. 1666.96 each.
Subtotal: Rs. 33339.20
Applicable GST: 18%
Grand Total: Rs. 39340.26
Signature: Head of SCM",PURCHASE_ORDER
"MATERIAL DISPATCH NOTE
Dispatch Memo: DC-9563
Date: 28-06-2024
Ref PO: PO-2024-5089
Vendor: Shree Ganesh Hydraulic Spares
Delivered To: Central Stores, Unit II
Description: Pneumatic Cylinder Double Acting 50mm Bore
Quantity Sent: 50 NOS
No of Cartons: 10
Received Ok by Stores Department.",DELIVERY_NOTE
"COMMERCIAL PURCHASE ORDER
Order ID: PO-2024-5125
Vendor Name: Shree Ganesh Hydraulic Spares
Billing Address: Plot 45, Industrial Estate, Pune
Date of Order: 06-08-2024
Scope of Supply:
- Digital Vernier Caliper 0-150mm (Qty: 20, Unit Price: 1320.16, Amount: 26403.20)
Payment: 100% against Delivery Note and Tax Invoice.
Authorized by Procurement Manager.",PURCHASE_ORDER
"PURCHASE ORDER
PO Number: PO-2024-5922
Date: 13-08-2024
Vendor: Mahindra Tooling & Forging Ltd
Delivery Address: Plot 102, Chakan Industrial Area, Pune 410501
Payment Terms: Net 30 Days
Line Items:
1. Nitrile Rubber O-Ring Kit 200pcs - Qty: 500 @ INR 475.66/unit = INR 237830.00
Authorized Signatory
Terms & Conditions: Goods must be delivered within 15 days.",PURCHASE_ORDER
"ORIGINAL TAX INVOICE (FOR RECIPIENT)
Invoice No: INV-2425-62506
Date of Issue: 16-07-2024
PO Ref: PO-2024-5932
Supplier Name: Premier Bearings & Power Transmission
PAN: AABCP9871M
GSTIN/UIN: 27AABC9192A1Z2
Place of Supply: 27-Maharashtra
Table of Supplies:
SI No | Item Description | Qty | Rate | Amount
01 | Nitrile Rubber O-Ring Kit 200pcs | 50 | 445.30 | 22265.00
Total Taxable: 22265.00
IGST @ 18%: 4007.70
Gross Total: 26272.70
Subject to Pune Jurisdiction only.",INVOICE
"FORMAL PRICE PROPOSAL
Quote ID: QUO-2024-706
Date: 08-06-2024
Customer: MSME Manufacturing
Supplier: Bharat Precision Fasteners
Estimated Schedule of Rates:
1. Tungsten Carbide Milling Insert TNMG160408 - Unit Rate: INR 1429.47 (MOQ: 50 BOX)
GST: 18% extra
Delivery: Ex-works Pune
Warranty: 12 months from delivery date.
Commercial Terms: 100% against delivery.
Authorized Signatory: Bharat Precision Fasteners",QUOTATION
"INTERNAL MEMORANDUM
To: All Plant Staff
From: Operations Director
Subject: Scheduled maintenance of Power Generator DG-2 on coming Sunday.
All departments are requested to plan production accordingly.",UNKNOWN
"COMMERCIAL PURCHASE ORDER
Order ID: PO-2024-4626
Vendor Name: Omkar Industrial Hardware
Billing Address: Plot 45, Industrial Estate, Pune
Date of Order: 23-06-2024
Scope of Supply:
- Industrial Ball Bearing 6205-2RS (Qty: 200, Unit Price: 292.29, Amount: 58458.00)
Payment: 100% against Delivery Note and Tax Invoice.
Authorized by Procurement Manager.",PURCHASE_ORDER
"DELIVERY RECEIPT & DISPATCH SLIP
DN Number: DC-5654
Dispatch Date: 17-05-2024
Purchase Order: PO-2024-9022
Supplier: Sunrise Rubber & Polymer Components
Destination: Industrial Warehouse Sector 5
List of Items:
Item: Hydraulic Pressure Relief Valve 1/2 inch | Qty Delivered: 100 | Unit: NOS | Batch No: B-2024-09
Security Gate Entry No: G-4412
Storekeeper Signature: _____________
Date & Time Received: 17-05-2024 14:30 hrs",DELIVERY_NOTE
"MATERIAL DISPATCH NOTE
Dispatch Memo: DC-9374
Date: 09-03-2024
Ref PO: PO-2024-2446
Vendor: Bharat Precision Fasteners
Delivered To: Central Stores, Unit II
Description: Hydraulic Pressure Relief Valve 1/2 inch
Quantity Sent: 100 NOS
No of Cartons: 10
Received Ok by Stores Department.",DELIVERY_NOTE
"TAX CREDIT MEMORANDUM
CN Number: CN-2425-976
Date: 03-03-2024
Ref Invoice: INV-2425-98789
Vendor: Omkar Industrial Hardware
Customer: MSME Works
Adjustment Details:
Price reduction agreed on High Tensile Flange Nut M12 - Difference INR 42.85
IGST Adjustment: INR 7.71
Net Credit Allowed: INR 50.56
Authorized Signatory, Accounts Department",CREDIT_NOTE
"PURCHASE ORDER
PO Number: PO-2024-2461
Date: 14-08-2024
Vendor: Vanguard Steel & Alloys Corp
Delivery Address: Plot 102, Chakan Industrial Area, Pune 410501
Payment Terms: Net 30 Days
Line Items:
1. Pneumatic Cylinder Double Acting 50mm Bore - Qty: 10 @ INR 2734.47/unit = INR 27344.70
Authorized Signatory
Terms & Conditions: Goods must be delivered within 15 days.",PURCHASE_ORDER
"INVOICE
Doc No: INV-2425-52303
Date: 23-09-2024
Ref Purchase Order: PO-2024-4845
From: Omkar Industrial Hardware
To: Bharat Engineering MSME
Summary:
Item: Industrial Ball Bearing 6205-2RS
Quantity Supplied: 10
Price per unit: Rs. 334.72
Net Amount: Rs. 3347.20
Add GST 18%: Rs. 602.50
Invoice Total: Rs. 3949.70
Payment Due Date: 28-10-2024
Please remit payment to State Bank of India A/c: 30981723481",INVOICE
"COMMERCIAL PURCHASE ORDER
Order ID: PO-2024-2089
Vendor Name: Apex Industrial Tools Pvt Ltd
Billing Address: Plot 45, Industrial Estate, Pune
Date of Order: 12-04-2024
Scope of Supply:
- High Tensile Flange Nut M12 (Qty: 500, Unit Price: 20.30, Amount: 10150.00)
Payment: 100% against Delivery Note and Tax Invoice.
Authorized by Procurement Manager.",PURCHASE_ORDER
"CREDIT NOTE
Credit Note No: CN-2425-289
Credit Note Date: 28-09-2024
Original Tax Invoice Ref: INV-2425-52379
Original Invoice Date: 13-08-2024
Issued By: Premier Bearings & Power Transmission
GSTIN: 27AABC7078A1Z3
Issued To: MSME Manufacturing Ltd
Reason for Credit: Rate difference / Return of damaged goods / Post-sale discount
Particulars:
Item: Digital Vernier Caliper 0-150mm
Quantity Returned / Adjusted: 20 NOS
Unit Rate: Rs. 1366.07
Credit Amount (Taxable): Rs. 4639.24
CGST 9%: Rs. 417.53
SGST 9%: Rs. 417.53
Total Credit Note Amount: Rs. 5474.30
We have credited your account with the above amount.",CREDIT_NOTE
"CREDIT NOTE
Credit Note No: CN-2425-862
Credit Note Date: 03-04-2024
Original Tax Invoice Ref: INV-2425-85276
Original Invoice Date: 23-08-2024
Issued By: Shree Ganesh Hydraulic Spares
GSTIN: 27AABC5542A1Z7
Issued To: MSME Manufacturing Ltd
Reason for Credit: Rate difference / Return of damaged goods / Post-sale discount
Particulars:
Item: Pneumatic Cylinder Double Acting 50mm Bore
Quantity Returned / Adjusted: 100 NOS
Unit Rate: Rs. 2781.18
Credit Amount (Taxable): Rs. 15486.94
CGST 9%: Rs. 1393.82
SGST 9%: Rs. 1393.82
Total Credit Note Amount: Rs. 18274.59
We have credited your account with the above amount.",CREDIT_NOTE
"INTERNAL MEMORANDUM
To: All Plant Staff
From: Operations Director
Subject: Scheduled maintenance of Power Generator DG-2 on coming Sunday.
All departments are requested to plan production accordingly.",UNKNOWN
"FORMAL PRICE PROPOSAL
Quote ID: QUO-2024-603
Date: 06-01-2024
Customer: MSME Manufacturing
Supplier: Bharat Precision Fasteners
Estimated Schedule of Rates:
1. Nitrile Rubber O-Ring Kit 200pcs - Unit Rate: INR 476.37 (MOQ: 50 SET)
GST: 18% extra
Delivery: Ex-works Pune
Warranty: 12 months from delivery date.
Commercial Terms: 100% against delivery.
Authorized Signatory: Bharat Precision Fasteners",QUOTATION
"PAYMENT RECEIPT / VOUCHER
Receipt No: PAY-REC-788232
Payment Date: 28-01-2024
Paid To: Kirloskar Engineering Supplies
Paid By: MSME Auto Components Ltd
Payment Method: NEFT / RTGS Transfer
Bank Transaction Ref / UTR: UTR-HDFC-99182374192
Invoice Reference: INV-2425-86824
Amount Paid: INR 5795.92
Amount in Words: INR 5795.92 only
Payment towards full/part settlement of Invoice INV-2425-86824
Authorized Accounts Officer: Rajeev Kumar",PAYMENT_RECEIPT
"ORDER CONFIRMATION / PO
Purchase Order Ref: PO-2024-1672
Issued To: TechnoMech Automation Solutions
Ship To: Plot 102, Chakan Industrial Area, Pune 410501
Order Date: 16-06-2024
Required Delivery Date: 04-10-2024
Items Ordered:
- Carbon Steel Seamless Pipe 2 inch NB | Quantity: 50 MTR | Unit Rate: Rs. 581.82 | Total: Rs. 29091.00
Freight: Extra at actuals
GST: 18% extra
Prepared by: Purchase Dept",PURCHASE_ORDER
"PAYMENT ADVICE & RECEIPT
Payment Slip Ref: PAY-REC-924882
Date of Remittance: 12-02-2024
Vendor: Bharat Precision Fasteners
Against Bill/Invoice No: INV-2425-88885
Cheque/NEFT No: 882910
Paid Amount: INR 891.14
Deductions (TDS/Retention): Rs. 0.00
Total Cleared: INR 891.14
Received with thanks from MSME Industries.",PAYMENT_RECEIPT
"QUOTATION / PRICE ESTIMATE
Quotation Ref: QUO-2024-987
Quote Date: 04-02-2024
Valid Until: 22-11-2024
To: Procurement Team, MSME Works
From: Swaraj Pneumatic Systems
Dear Sir, We are pleased to quote our lowest rates:
Item: Nitrile Rubber O-Ring Kit 200pcs
Offered Unit Price: Rs. 488.84 per SET
Lead Time: 10 working days from PO confirmation.
Payment Terms: 30 days credit from invoice date.
Validity: 30 days from quote date.
Looking forward to your valued Purchase Order.
Best Regards, Sales Manager, Swaraj Pneumatic Systems",QUOTATION
"BANK PAYMENT CONFIRMATION RECEIPT
Voucher ID: PAY-REC-508544
Date: 04-02-2024
Beneficiary Name: Mahindra Tooling & Forging Ltd
Beneficiary A/c: 0029015457213
Transaction ID: CMS2024091800492
Settlement for Tax Invoice: INV-2425-57783
PO Number Ref: PO-2024-3984
Net Remitted: Rs. 28886.40
Status: SUCCESS - Transferred to beneficiary account.
Accounts Department Signature",PAYMENT_RECEIPT
"FORMAL PRICE PROPOSAL
Quote ID: QUO-2024-559
Date: 07-02-2024
Customer: MSME Manufacturing
Supplier: National Electricals & Controls
Estimated Schedule of Rates:
1. Stainless Steel Hex Bolt M10x50mm - Unit Rate: INR 40.79 (MOQ: 50 PCS)
GST: 18% extra
Delivery: Ex-works Pune
Warranty: 12 months from delivery date.
Commercial Terms: 100% against delivery.
Authorized Signatory: National Electricals & Controls",QUOTATION
"VISITOR PASS - RECEPTION
Visitor Name: Ananya Sharma
Company: Tech Audit Consultants
Person to meet: Finance Manager
Entry Time: 10:15 AM
Exit Time: 12:45 PM",UNKNOWN
"MEETING MINUTES - PRODUCT DESIGN REVIEW
Date: 12-09-2024
Attendees: Engineering Team, Quality Team
Agenda: Review tolerances for new hydraulic valve housing prototype.
Action Items: Update CAD model with revised bore dimensions.",UNKNOWN
"COMMERCIAL PURCHASE ORDER
Order ID: PO-2024-8260
Vendor Name: TechnoMech Automation Solutions
Billing Address: Plot 45, Industrial Estate, Pune
Date of Order: 23-09-2024
Scope of Supply:
- Tungsten Carbide Milling Insert TNMG160408 (Qty: 100, Unit Price: 1414.32, Amount: 141432.00)
Payment: 100% against Delivery Note and Tax Invoice.
Authorized by Procurement Manager.",PURCHASE_ORDER
"PURCHASE ORDER CONTRACT
PO#: PO-2024-9850
Date: 19-03-2024
To: Shree Ganesh Hydraulic Spares
Shipment Mode: By Road
Delivery Location: Warehouse 4, Sector 12, Manesar
Line Item 1: Viton Seal Gasket 100mm OD - 10 Nos @ Rs. 87.33 each.
Subtotal: Rs. 873.30
Applicable GST: 18%
Grand Total: Rs. 1030.49
Signature: Head of SCM",PURCHASE_ORDER
"ORIGINAL TAX INVOICE (FOR RECIPIENT)
Invoice No: INV-2425-11599
Date of Issue: 09-02-2024
PO Ref: PO-2024-8862
Supplier Name: Bharat Precision Fasteners
PAN: AABCP9871M
GSTIN/UIN: 27AABC6421A1Z4
Place of Supply: 27-Maharashtra
Table of Supplies:
SI No | Item Description | Qty | Rate | Amount
01 | Stainless Steel Hex Bolt M10x50mm | 50 | 49.15 | 2457.50
Total Taxable: 2457.50
IGST @ 18%: 442.35
Gross Total: 2899.85
Subject to Pune Jurisdiction only.",INVOICE
"DELIVERY RECEIPT & DISPATCH SLIP
DN Number: DC-5881
Dispatch Date: 12-09-2024
Purchase Order: PO-2024-2736
Supplier: Vanguard Steel & Alloys Corp
Destination: Industrial Warehouse Sector 5
List of Items:
Item: Hydraulic Pressure Relief Valve 1/2 inch | Qty Delivered: 20 | Unit: NOS | Batch No: B-2024-09
Security Gate Entry No: G-4412
Storekeeper Signature: _____________
Date & Time Received: 12-09-2024 14:30 hrs",DELIVERY_NOTE
"DEBIT NOTE
Debit Note No: DC-7525
Debit Note Date: 28-08-2024
Against Original Invoice: INV-2425-44619
Issued By: Apex Industrial Tools Pvt Ltd
GSTIN: 27AABC6816A1Z2
Issued To: MSME Precision Tools
Reason for Debit: Price undercharged in original invoice / Supplementary freight charges / Unbilled additional quantities
Description: Digital Vernier Caliper 0-150mm
Underbilled Amount: Rs. 74417.84
Applicable GST (18%): Rs. 13395.21
Total Debit Value: Rs. 87813.05
We have debited your account with the above mentioned sum.
Authorized Signatory",DEBIT_NOTE
"FORMAL PRICE PROPOSAL
Quote ID: QUO-2024-583
Date: 10-04-2024
Customer: MSME Manufacturing
Supplier: Kirloskar Engineering Supplies
Estimated Schedule of Rates:
1. Stainless Steel Hex Bolt M10x50mm - Unit Rate: INR 46.84 (MOQ: 50 PCS)
GST: 18% extra
Delivery: Ex-works Pune
Warranty: 12 months from delivery date.
Commercial Terms: 100% against delivery.
Authorized Signatory: Kirloskar Engineering Supplies",QUOTATION
"TAX CREDIT MEMORANDUM
CN Number: CN-2425-577
Date: 17-07-2024
Ref Invoice: INV-2425-31631
Vendor: Premier Bearings & Power Transmission
Customer: MSME Works
Adjustment Details:
Price reduction agreed on Hydraulic Pressure Relief Valve 1/2 inch - Difference INR 4514.82
IGST Adjustment: INR 812.67
Net Credit Allowed: INR 5327.49
Authorized Signatory, Accounts Department",CREDIT_NOTE
"FORMAL PRICE PROPOSAL
Quote ID: QUO-2024-617
Date: 02-04-2024
Customer: MSME Manufacturing
Supplier: Premier Bearings & Power Transmission
Estimated Schedule of Rates:
1. Stainless Steel Hex Bolt M10x50mm - Unit Rate: INR 43.74 (MOQ: 50 PCS)
GST: 18% extra
Delivery: Ex-works Pune
Warranty: 12 months from delivery date.
Commercial Terms: 100% against delivery.
Authorized Signatory: Premier Bearings & Power Transmission",QUOTATION
"INVOICE
Doc No: INV-2425-37648
Date: 10-07-2024
Ref Purchase Order: PO-2024-5635
From: Apex Industrial Tools Pvt Ltd
To: Bharat Engineering MSME
Summary:
Item: Carbon Steel Seamless Pipe 2 inch NB
Quantity Supplied: 50
Price per unit: Rs. 641.54
Net Amount: Rs. 32077.00
Add GST 18%: Rs. 5773.86
Invoice Total: Rs. 37850.86
Payment Due Date: 21-10-2024
Please remit payment to State Bank of India A/c: 30981723481",INVOICE
"GOODS DELIVERY CHALLAN
Challan Ref: DC-9942
Date: 22-01-2024
PO Reference: PO-2024-8875
From: Shree Ganesh Hydraulic Spares
To: MSME Engineering Works, Plot 8, MIDC Pune
Mode of Transport: Tempo MH-14-BT-1122
LR / GC No: 994821
Particulars:
- Industrial Ball Bearing 6205-2RS : Quantity Delivered: 10 NOS
Remarks: Material subject to quality inspection at gate.
Inspected & Received in good order.",DELIVERY_NOTE
"COMMERCIAL TAX INVOICE
Bill No: INV-2425-44137
Bill Date: 17-05-2024
Against PO No: PO-2024-1724
Supplier: Shree Ganesh Hydraulic Spares
State: Maharashtra, Code: 27
Consignee: Global MSME Solutions
Line Items:
1. Viton Seal Gasket 100mm OD | 200 PCS | Rate: Rs. 96.80 | Taxable: Rs. 19360.00 | IGST 18%: Rs. 3484.80 | Total: Rs. 22844.80
Amount in Words: INR 22844.80 only
E-Way Bill No: 541098234712
Declaration: Certified that particulars given above are true and correct.",INVOICE
"BANK PAYMENT CONFIRMATION RECEIPT
Voucher ID: PAY-REC-751113
Date: 18-05-2024
Beneficiary Name: Premier Bearings & Power Transmission
Beneficiary A/c: 0029014991235
Transaction ID: CMS2024091800492
Settlement for Tax Invoice: INV-2425-33092
PO Number Ref: PO-2024-3407
Net Remitted: Rs. 11444.11
Status: SUCCESS - Transferred to beneficiary account.
Accounts Department Signature",PAYMENT_RECEIPT
"DEBIT NOTE
Debit Note No: DC-6915
Debit Note Date: 14-03-2024
Against Original Invoice: INV-2425-51354
Issued By: Premier Bearings & Power Transmission
GSTIN: 27AABC2469A1Z1
Issued To: MSME Precision Tools
Reason for Debit: Price undercharged in original invoice / Supplementary freight charges / Unbilled additional quantities
Description: Tungsten Carbide Milling Insert TNMG160408
Underbilled Amount: Rs. 3338.01
Applicable GST (18%): Rs. 600.84
Total Debit Value: Rs. 3938.85
We have debited your account with the above mentioned sum.
Authorized Signatory",DEBIT_NOTE
"DELIVERY NOTE / CHALLAN
Delivery Challan No: DC-8146
Date of Dispatch: 09-05-2024
Against PO No: PO-2024-3849
Consignor: Apex Industrial Tools Pvt Ltd
Consignee: MSME Manufacturing Plant
Vehicle No: MH-12-RN-8821
Transporter: Apex Logistics
Driver Name: Suresh Patil (Mob: 9876543210)
Materials Dispatched:
1. Tungsten Carbide Milling Insert TNMG160408 - Dispatched Qty: 100 BOX (Packages: 4 Wooden Crates)
Condition of Goods: Good condition, sealed boxes.
Received by: Stores In-charge (Signature & Date)
Goods received in full and sound condition.",DELIVERY_NOTE
"PAYMENT ADVICE & RECEIPT
Payment Slip Ref: PAY-REC-816806
Date of Remittance: 25-09-2024
Vendor: Omkar Industrial Hardware
Against Bill/Invoice No: INV-2425-22397
Cheque/NEFT No: 882910
Paid Amount: INR 314132.52
Deductions (TDS/Retention): Rs. 0.00
Total Cleared: INR 314132.52
Received with thanks from MSME Industries.",PAYMENT_RECEIPT
"PAYMENT RECEIPT / VOUCHER
Receipt No: PAY-REC-868438
Payment Date: 12-08-2024
Paid To: Apex Industrial Tools Pvt Ltd
Paid By: MSME Auto Components Ltd
Payment Method: NEFT / RTGS Transfer
Bank Transaction Ref / UTR: UTR-HDFC-99182374192
Invoice Reference: INV-2425-87322
Amount Paid: INR 26042.41
Amount in Words: INR 26042.41 only
Payment towards full/part settlement of Invoice INV-2425-87322
Authorized Accounts Officer: Rajeev Kumar",PAYMENT_RECEIPT
"BANK PAYMENT CONFIRMATION RECEIPT
Voucher ID: PAY-REC-502820
Date: 28-01-2024
Beneficiary Name: Bharat Precision Fasteners
Beneficiary A/c: 0029013847559
Transaction ID: CMS2024091800492
Settlement for Tax Invoice: INV-2425-48200
PO Number Ref: PO-2024-5932
Net Remitted: Rs. 880317.76
Status: SUCCESS - Transferred to beneficiary account.
Accounts Department Signature",PAYMENT_RECEIPT
"INTERNAL MEMORANDUM
To: All Plant Staff
From: Operations Director
Subject: Scheduled maintenance of Power Generator DG-2 on coming Sunday.
All departments are requested to plan production accordingly.",UNKNOWN
"FORMAL PRICE PROPOSAL
Quote ID: QUO-2024-416
Date: 07-03-2024
Customer: MSME Manufacturing
Supplier: Kirloskar Engineering Supplies
Estimated Schedule of Rates:
1. Stainless Steel Hex Bolt M10x50mm - Unit Rate: INR 43.14 (MOQ: 50 PCS)
GST: 18% extra
Delivery: Ex-works Pune
Warranty: 12 months from delivery date.
Commercial Terms: 100% against delivery.
Authorized Signatory: Kirloskar Engineering Supplies",QUOTATION
"INVOICE
Doc No: INV-2425-63915
Date: 13-02-2024
Ref Purchase Order: PO-2024-6880
From: Swaraj Pneumatic Systems
To: Bharat Engineering MSME
Summary:
Item: Digital Vernier Caliper 0-150mm
Quantity Supplied: 200
Price per unit: Rs. 1348.15
Net Amount: Rs. 269630.00
Add GST 18%: Rs. 48533.40
Invoice Total: Rs. 318163.40
Payment Due Date: 24-10-2024
Please remit payment to State Bank of India A/c: 30981723481",INVOICE
"FORMAL PRICE PROPOSAL
Quote ID: QUO-2024-282
Date: 15-07-2024
Customer: MSME Manufacturing
Supplier: Shree Ganesh Hydraulic Spares
Estimated Schedule of Rates:
1. Viton Seal Gasket 100mm OD - Unit Rate: INR 103.75 (MOQ: 50 PCS)
GST: 18% extra
Delivery: Ex-works Pune
Warranty: 12 months from delivery date.
Commercial Terms: 100% against delivery.
Authorized Signatory: Shree Ganesh Hydraulic Spares",QUOTATION
"VISITOR PASS - RECEPTION
Visitor Name: Ananya Sharma
Company: Tech Audit Consultants
Person to meet: Finance Manager
Entry Time: 10:15 AM
Exit Time: 12:45 PM",UNKNOWN
"STANDARD PURCHASE ORDER
PO No: PO-2024-6115
Buyer: MSME Manufacturing Works
Supplier: Swaraj Pneumatic Systems
GSTIN: 27AABC9178A1Z5
Item Details:
Item Code: ITM-754, Description: High Tensile Flange Nut M12, Quantity: 100, Rate: 18.38, Taxable Value: 1838.00
Total Order Value: INR 1838.00
Special Instructions: Deliver with inspection certificate and warranty.",PURCHASE_ORDER
"DEBIT NOTE
Debit Note No: DC-7012
Debit Note Date: 15-09-2024
Against Original Invoice: INV-2425-40077
Issued By: Bharat Precision Fasteners
GSTIN: 27AABC9802A1Z2
Issued To: MSME Precision Tools
Reason for Debit: Price undercharged in original invoice / Supplementary freight charges / Unbilled additional quantities
Description: Industrial Ball Bearing 6205-2RS
Underbilled Amount: Rs. 941.88
Applicable GST (18%): Rs. 169.54
Total Debit Value: Rs. 1111.42
We have debited your account with the above mentioned sum.
Authorized Signatory",DEBIT_NOTE
"CREDIT NOTE
Credit Note No: CN-2425-649
Credit Note Date: 13-07-2024
Original Tax Invoice Ref: INV-2425-92136
Original Invoice Date: 27-08-2024
Issued By: Shree Ganesh Hydraulic Spares
GSTIN: 27AABC6482A1Z4
Issued To: MSME Manufacturing Ltd
Reason for Credit: Rate difference / Return of damaged goods / Post-sale discount
Particulars:
Item: Industrial Ball Bearing 6205-2RS
Quantity Returned / Adjusted: 50 NOS
Unit Rate: Rs. 326.31
Credit Amount (Taxable): Rs. 1421.18
CGST 9%: Rs. 127.91
SGST 9%: Rs. 127.91
Total Credit Note Amount: Rs. 1676.99
We have credited your account with the above amount.",CREDIT_NOTE
"ORDER CONFIRMATION / PO
Purchase Order Ref: PO-2024-7513
Issued To: Premier Bearings & Power Transmission
Ship To: Plot 102, Chakan Industrial Area, Pune 410501
Order Date: 25-02-2024
Required Delivery Date: 07-10-2024
Items Ordered:
- Digital Vernier Caliper 0-150mm | Quantity: 50 NOS | Unit Rate: Rs. 1201.59 | Total: Rs. 60079.50
Freight: Extra at actuals
GST: 18% extra
Prepared by: Purchase Dept",PURCHASE_ORDER
"TAX CREDIT MEMORANDUM
CN Number: CN-2425-155
Date: 22-08-2024
Ref Invoice: INV-2425-11492
Vendor: Mahindra Tooling & Forging Ltd
Customer: MSME Works
Adjustment Details:
Price reduction agreed on Nitrile Rubber O-Ring Kit 200pcs - Difference INR 8091.00
IGST Adjustment: INR 1456.38
Net Credit Allowed: INR 9547.38
Authorized Signatory, Accounts Department",CREDIT_NOTE
"CREDIT NOTE
Credit Note No: CN-2425-264
Credit Note Date: 18-01-2024
Original Tax Invoice Ref: INV-2425-66533
Original Invoice Date: 18-08-2024
Issued By: Vanguard Steel & Alloys Corp
GSTIN: 27AABC9724A1Z6
Issued To: MSME Manufacturing Ltd
Reason for Credit: Rate difference / Return of damaged goods / Post-sale discount
Particulars:
Item: Digital Vernier Caliper 0-150mm
Quantity Returned / Adjusted: 10 NOS
Unit Rate: Rs. 1133.83
Credit Amount (Taxable): Rs. 1366.78
CGST 9%: Rs. 123.01
SGST 9%: Rs. 123.01
Total Credit Note Amount: Rs. 1612.80
We have credited your account with the above amount.",CREDIT_NOTE
"VISITOR PASS - RECEPTION
Visitor Name: Ananya Sharma
Company: Tech Audit Consultants
Person to meet: Finance Manager
Entry Time: 10:15 AM
Exit Time: 12:45 PM",UNKNOWN
"GOODS DELIVERY CHALLAN
Challan Ref: DC-7569
Date: 28-03-2024
PO Reference: PO-2024-8121
From: Omkar Industrial Hardware
To: MSME Engineering Works, Plot 8, MIDC Pune
Mode of Transport: Tempo MH-14-BT-1122
LR / GC No: 994821
Particulars:
- Tungsten Carbide Milling Insert TNMG160408 : Quantity Delivered: 200 BOX
Remarks: Material subject to quality inspection at gate.
Inspected & Received in good order.",DELIVERY_NOTE
"MATERIAL DISPATCH NOTE
Dispatch Memo: DC-8036
Date: 18-02-2024
Ref PO: PO-2024-8906
Vendor: Mahindra Tooling & Forging Ltd
Delivered To: Central Stores, Unit II
Description: Tungsten Carbide Milling Insert TNMG160408
Quantity Sent: 20 BOX
No of Cartons: 10
Received Ok by Stores Department.",DELIVERY_NOTE
"CREDIT NOTE
Credit Note No: CN-2425-196
Credit Note Date: 09-09-2024
Original Tax Invoice Ref: INV-2425-83641
Original Invoice Date: 19-08-2024
Issued By: Shree Ganesh Hydraulic Spares
GSTIN: 27AABC3229A1Z8
Issued To: MSME Manufacturing Ltd
Reason for Credit: Rate difference / Return of damaged goods / Post-sale discount
Particulars:
Item: High Tensile Flange Nut M12
Quantity Returned / Adjusted: 20 PCS
Unit Rate: Rs. 19.86
Credit Amount (Taxable): Rs. 25.14
CGST 9%: Rs. 2.26
SGST 9%: Rs. 2.26
Total Credit Note Amount: Rs. 29.67
We have credited your account with the above amount.",CREDIT_NOTE
"CREDIT NOTE
Credit Note No: CN-2425-672
Credit Note Date: 13-04-2024
Original Tax Invoice Ref: INV-2425-87591
Original Invoice Date: 04-08-2024
Issued By: Premier Bearings & Power Transmission
GSTIN: 27AABC8358A1Z8
Issued To: MSME Manufacturing Ltd
Reason for Credit: Rate difference / Return of damaged goods / Post-sale discount
Particulars:
Item: Stainless Steel Hex Bolt M10x50mm
Quantity Returned / Adjusted: 50 PCS
Unit Rate: Rs. 49.26
Credit Amount (Taxable): Rs. 211.96
CGST 9%: Rs. 19.08
SGST 9%: Rs. 19.08
Total Credit Note Amount: Rs. 250.11
We have credited your account with the above amount.",CREDIT_NOTE
"DELIVERY NOTE / CHALLAN
Delivery Challan No: DC-5445
Date of Dispatch: 16-08-2024
Against PO No: PO-2024-6539
Consignor: Shree Ganesh Hydraulic Spares
Consignee: MSME Manufacturing Plant
Vehicle No: MH-12-RN-8821
Transporter: Apex Logistics
Driver Name: Suresh Patil (Mob: 9876543210)
Materials Dispatched:
1. Nitrile Rubber O-Ring Kit 200pcs - Dispatched Qty: 10 SET (Packages: 4 Wooden Crates)
Condition of Goods: Good condition, sealed boxes.
Received by: Stores In-charge (Signature & Date)
Goods received in full and sound condition.",DELIVERY_NOTE
"FORMAL PRICE PROPOSAL
Quote ID: QUO-2024-271
Date: 26-02-2024
Customer: MSME Manufacturing
Supplier: Bharat Precision Fasteners
Estimated Schedule of Rates:
1. Nitrile Rubber O-Ring Kit 200pcs - Unit Rate: INR 462.79 (MOQ: 50 SET)
GST: 18% extra
Delivery: Ex-works Pune
Warranty: 12 months from delivery date.
Commercial Terms: 100% against delivery.
Authorized Signatory: Bharat Precision Fasteners",QUOTATION
"MEETING MINUTES - PRODUCT DESIGN REVIEW
Date: 12-09-2024
Attendees: Engineering Team, Quality Team
Agenda: Review tolerances for new hydraulic valve housing prototype.
Action Items: Update CAD model with revised bore dimensions.",UNKNOWN
"STANDARD PURCHASE ORDER
PO No: PO-2024-5364
Buyer: MSME Manufacturing Works
Supplier: Shree Ganesh Hydraulic Spares
GSTIN: 27AABC5513A1Z8
Item Details:
Item Code: ITM-607, Description: Industrial Ball Bearing 6205-2RS, Quantity: 200, Rate: 296.37, Taxable Value: 59274.00
Total Order Value: INR 59274.00
Special Instructions: Deliver with inspection certificate and warranty.",PURCHASE_ORDER
"BANK PAYMENT CONFIRMATION RECEIPT
Voucher ID: PAY-REC-486788
Date: 05-01-2024
Beneficiary Name: Shree Ganesh Hydraulic Spares
Beneficiary A/c: 0029019141918
Transaction ID: CMS2024091800492
Settlement for Tax Invoice: INV-2425-91768
PO Number Ref: PO-2024-9819
Net Remitted: Rs. 3448.90
Status: SUCCESS - Transferred to beneficiary account.
Accounts Department Signature",PAYMENT_RECEIPT
"BANK PAYMENT CONFIRMATION RECEIPT
Voucher ID: PAY-REC-664642
Date: 02-05-2024
Beneficiary Name: Sunrise Rubber & Polymer Components
Beneficiary A/c: 0029017804391
Transaction ID: CMS2024091800492
Settlement for Tax Invoice: INV-2425-72449
PO Number Ref: PO-2024-1925
Net Remitted: Rs. 17081.68
Status: SUCCESS - Transferred to beneficiary account.
Accounts Department Signature",PAYMENT_RECEIPT
"MATERIAL DISPATCH NOTE
Dispatch Memo: DC-8616
Date: 04-02-2024
Ref PO: PO-2024-6691
Vendor: Shree Ganesh Hydraulic Spares
Delivered To: Central Stores, Unit II
Description: Carbon Steel Seamless Pipe 2 inch NB
Quantity Sent: 50 MTR
No of Cartons: 10
Received Ok by Stores Department.",DELIVERY_NOTE
"BANK PAYMENT CONFIRMATION RECEIPT
Voucher ID: PAY-REC-338224
Date: 10-06-2024
Beneficiary Name: Premier Bearings & Power Transmission
Beneficiary A/c: 0029018329707
Transaction ID: CMS2024091800492
Settlement for Tax Invoice: INV-2425-67737
PO Number Ref: PO-2024-4428
Net Remitted: Rs. 2395.40
Status: SUCCESS - Transferred to beneficiary account.
Accounts Department Signature",PAYMENT_RECEIPT
"FORMAL PRICE PROPOSAL
Quote ID: QUO-2024-907
Date: 27-03-2024
Customer: MSME Manufacturing
Supplier: National Electricals & Controls
Estimated Schedule of Rates:
1. High Tensile Flange Nut M12 - Unit Rate: INR 17.18 (MOQ: 50 PCS)
GST: 18% extra
Delivery: Ex-works Pune
Warranty: 12 months from delivery date.
Commercial Terms: 100% against delivery.
Authorized Signatory: National Electricals & Controls",QUOTATION
"COMMERCIAL TAX INVOICE
Bill No: INV-2425-50434
Bill Date: 23-08-2024
Against PO No: PO-2024-9310
Supplier: Mahindra Tooling & Forging Ltd
State: Maharashtra, Code: 27
Consignee: Global MSME Solutions
Line Items:
1. Hydraulic Pressure Relief Valve 1/2 inch | 200 NOS | Rate: Rs. 1874.93 | Taxable: Rs. 374986.00 | IGST 18%: Rs. 67497.48 | Total: Rs. 442483.48
Amount in Words: INR 442483.48 only
E-Way Bill No: 541098234712
Declaration: Certified that particulars given above are true and correct.",INVOICE
"FORMAL PRICE PROPOSAL
Quote ID: QUO-2024-208
Date: 16-05-2024
Customer: MSME Manufacturing
Supplier: National Electricals & Controls
Estimated Schedule of Rates:
1. Tungsten Carbide Milling Insert TNMG160408 - Unit Rate: INR 1496.40 (MOQ: 50 BOX)
GST: 18% extra
Delivery: Ex-works Pune
Warranty: 12 months from delivery date.
Commercial Terms: 100% against delivery.
Authorized Signatory: National Electricals & Controls",QUOTATION
"QUOTATION / PRICE ESTIMATE
Quotation Ref: QUO-2024-857
Quote Date: 06-09-2024
Valid Until: 10-11-2024
To: Procurement Team, MSME Works
From: Shree Ganesh Hydraulic Spares
Dear Sir, We are pleased to quote our lowest rates:
Item: Digital Vernier Caliper 0-150mm
Offered Unit Price: Rs. 1357.43 per NOS
Lead Time: 10 working days from PO confirmation.
Payment Terms: 30 days credit from invoice date.
Validity: 30 days from quote date.
Looking forward to your valued Purchase Order.
Best Regards, Sales Manager, Shree Ganesh Hydraulic Spares",QUOTATION
"INVOICE
Doc No: INV-2425-86208
Date: 07-05-2024
Ref Purchase Order: PO-2024-3062
From: Shree Ganesh Hydraulic Spares
To: Bharat Engineering MSME
Summary:
Item: Hydraulic Pressure Relief Valve 1/2 inch
Quantity Supplied: 100
Price per unit: Rs. 1753.77
Net Amount: Rs. 175377.00
Add GST 18%: Rs. 31567.86
Invoice Total: Rs. 206944.86
Payment Due Date: 01-10-2024
Please remit payment to State Bank of India A/c: 30981723481",INVOICE
"DEBIT NOTE
Debit Note No: DC-5699
Debit Note Date: 26-06-2024
Against Original Invoice: INV-2425-39066
Issued By: Vanguard Steel & Alloys Corp
GSTIN: 27AABC2391A1Z2
Issued To: MSME Precision Tools
Reason for Debit: Price undercharged in original invoice / Supplementary freight charges / Unbilled additional quantities
Description: Tungsten Carbide Milling Insert TNMG160408
Underbilled Amount: Rs. 26468.42
Applicable GST (18%): Rs. 4764.32
Total Debit Value: Rs. 31232.74
We have debited your account with the above mentioned sum.
Authorized Signatory",DEBIT_NOTE
"FORMAL PRICE PROPOSAL
Quote ID: QUO-2024-613
Date: 26-06-2024
Customer: MSME Manufacturing
Supplier: Premier Bearings & Power Transmission
Estimated Schedule of Rates:
1. Nitrile Rubber O-Ring Kit 200pcs - Unit Rate: INR 482.24 (MOQ: 50 SET)
GST: 18% extra
Delivery: Ex-works Pune
Warranty: 12 months from delivery date.
Commercial Terms: 100% against delivery.
Authorized Signatory: Premier Bearings & Power Transmission",QUOTATION
"MATERIAL DISPATCH NOTE
Dispatch Memo: DC-5574
Date: 20-08-2024
Ref PO: PO-2024-5676
Vendor: Omkar Industrial Hardware
Delivered To: Central Stores, Unit II
Description: Nitrile Rubber O-Ring Kit 200pcs
Quantity Sent: 50 SET
No of Cartons: 10
Received Ok by Stores Department.",DELIVERY_NOTE
"DELIVERY NOTE / CHALLAN
Delivery Challan No: DC-6895
Date of Dispatch: 11-09-2024
Against PO No: PO-2024-3619
Consignor: TechnoMech Automation Solutions
Consignee: MSME Manufacturing Plant
Vehicle No: MH-12-RN-8821
Transporter: Apex Logistics
Driver Name: Suresh Patil (Mob: 9876543210)
Materials Dispatched:
1. Viton Seal Gasket 100mm OD - Dispatched Qty: 50 PCS (Packages: 4 Wooden Crates)
Condition of Goods: Good condition, sealed boxes.
Received by: Stores In-charge (Signature & Date)
Goods received in full and sound condition.",DELIVERY_NOTE
"DELIVERY NOTE / CHALLAN
Delivery Challan No: DC-7919
Date of Dispatch: 13-06-2024
Against PO No: PO-2024-6140
Consignor: Premier Bearings & Power Transmission
Consignee: MSME Manufacturing Plant
Vehicle No: MH-12-RN-8821
Transporter: Apex Logistics
Driver Name: Suresh Patil (Mob: 9876543210)
Materials Dispatched:
1. Viton Seal Gasket 100mm OD - Dispatched Qty: 50 PCS (Packages: 4 Wooden Crates)
Condition of Goods: Good condition, sealed boxes.
Received by: Stores In-charge (Signature & Date)
Goods received in full and sound condition.",DELIVERY_NOTE
"CREDIT NOTE
Credit Note No: CN-2425-263
Credit Note Date: 26-01-2024
Original Tax Invoice Ref: INV-2425-85832
Original Invoice Date: 25-08-2024
Issued By: Shree Ganesh Hydraulic Spares
GSTIN: 27AABC3952A1Z5
Issued To: MSME Manufacturing Ltd
Reason for Credit: Rate difference / Return of damaged goods / Post-sale discount
Particulars:
Item: Tungsten Carbide Milling Insert TNMG160408
Quantity Returned / Adjusted: 100 BOX
Unit Rate: Rs. 1505.29
Credit Amount (Taxable): Rs. 8468.83
CGST 9%: Rs. 762.19
SGST 9%: Rs. 762.19
Total Credit Note Amount: Rs. 9993.22
We have credited your account with the above amount.",CREDIT_NOTE
"TAX CREDIT MEMORANDUM
CN Number: CN-2425-563
Date: 18-05-2024
Ref Invoice: INV-2425-54213
Vendor: Mahindra Tooling & Forging Ltd
Customer: MSME Works
Adjustment Details:
Price reduction agreed on Nitrile Rubber O-Ring Kit 200pcs - Difference INR 1392.42
IGST Adjustment: INR 250.64
Net Credit Allowed: INR 1643.06
Authorized Signatory, Accounts Department",CREDIT_NOTE
"QUOTATION / PRICE ESTIMATE
Quotation Ref: QUO-2024-769
Quote Date: 22-08-2024
Valid Until: 02-11-2024
To: Procurement Team, MSME Works
From: Vanguard Steel & Alloys Corp
Dear Sir, We are pleased to quote our lowest rates:
Item: High Tensile Flange Nut M12
Offered Unit Price: Rs. 17.30 per PCS
Lead Time: 10 working days from PO confirmation.
Payment Terms: 30 days credit from invoice date.
Validity: 30 days from quote date.
Looking forward to your valued Purchase Order.
Best Regards, Sales Manager, Vanguard Steel & Alloys Corp",QUOTATION
"MEETING MINUTES - PRODUCT DESIGN REVIEW
Date: 12-09-2024
Attendees: Engineering Team, Quality Team
Agenda: Review tolerances for new hydraulic valve housing prototype.
Action Items: Update CAD model with revised bore dimensions.",UNKNOWN
"TAX CREDIT MEMORANDUM
CN Number: CN-2425-598
Date: 08-03-2024
Ref Invoice: INV-2425-23495
Vendor: Shree Ganesh Hydraulic Spares
Customer: MSME Works
Adjustment Details:
Price reduction agreed on Pneumatic Cylinder Double Acting 50mm Bore - Difference INR 159267.58
IGST Adjustment: INR 28668.16
Net Credit Allowed: INR 187935.74
Authorized Signatory, Accounts Department",CREDIT_NOTE
"INTERNAL MEMORANDUM
To: All Plant Staff
From: Operations Director
Subject: Scheduled maintenance of Power Generator DG-2 on coming Sunday.
All departments are requested to plan production accordingly.",UNKNOWN
"BANK PAYMENT CONFIRMATION RECEIPT
Voucher ID: PAY-REC-297276
Date: 21-07-2024
Beneficiary Name: Apex Industrial Tools Pvt Ltd
Beneficiary A/c: 0029013118215
Transaction ID: CMS2024091800492
Settlement for Tax Invoice: INV-2425-54189
PO Number Ref: PO-2024-3032
Net Remitted: Rs. 8527.90
Status: SUCCESS - Transferred to beneficiary account.
Accounts Department Signature",PAYMENT_RECEIPT
"DEBIT NOTE
Debit Note No: DC-6418
Debit Note Date: 21-01-2024
Against Original Invoice: INV-2425-45564
Issued By: Premier Bearings & Power Transmission
GSTIN: 27AABC9972A1Z6
Issued To: MSME Precision Tools
Reason for Debit: Price undercharged in original invoice / Supplementary freight charges / Unbilled additional quantities
Description: Industrial Ball Bearing 6205-2RS
Underbilled Amount: Rs. 25335.00
Applicable GST (18%): Rs. 4560.30
Total Debit Value: Rs. 29895.30
We have debited your account with the above mentioned sum.
Authorized Signatory",DEBIT_NOTE
"TAX CREDIT MEMORANDUM
CN Number: CN-2425-555
Date: 03-01-2024
Ref Invoice: INV-2425-30606
Vendor: Mahindra Tooling & Forging Ltd
Customer: MSME Works
Adjustment Details:
Price reduction agreed on Carbon Steel Seamless Pipe 2 inch NB - Difference INR 28594.88
IGST Adjustment: INR 5147.08
Net Credit Allowed: INR 33741.96
Authorized Signatory, Accounts Department",CREDIT_NOTE
"TAX INVOICE
Invoice Number: INV-2425-78208
Invoice Date: 05-06-2024
PO Reference: PO-2024-5373
Seller: Vanguard Steel & Alloys Corp
GSTIN: 27AABC4408A1Z3
Buyer: MSME Precision Components Ltd
Buyer GSTIN: 27AAACM1234F1Z5
Description of Goods: Carbon Steel Seamless Pipe 2 inch NB
HSN Code: 84818030
Qty: 200 MTR
Unit Rate: INR 583.85
Taxable Value: INR 116770.00
CGST 9%: INR 10509.30
SGST 9%: INR 10509.30
Total Invoice Amount: INR 137788.60
Bank Account: HDFC Bank, IFSC: HDFC0001234, A/c: 5020001928374
For Vanguard Steel & Alloys Corp - Authorized Signatory",INVOICE
"ORIGINAL TAX INVOICE (FOR RECIPIENT)
Invoice No: INV-2425-75932
Date of Issue: 04-01-2024
PO Ref: PO-2024-1264
Supplier Name: Apex Industrial Tools Pvt Ltd
PAN: AABCP9871M
GSTIN/UIN: 27AABC9591A1Z1
Place of Supply: 27-Maharashtra
Table of Supplies:
SI No | Item Description | Qty | Rate | Amount
01 | Nitrile Rubber O-Ring Kit 200pcs | 500 | 459.72 | 229860.00
Total Taxable: 229860.00
IGST @ 18%: 41374.80
Gross Total: 271234.80
Subject to Pune Jurisdiction only.",INVOICE
"DEBIT NOTE
Debit Note No: DC-6836
Debit Note Date: 22-06-2024
Against Original Invoice: INV-2425-92953
Issued By: National Electricals & Controls
GSTIN: 27AABC1213A1Z2
Issued To: MSME Precision Tools
Reason for Debit: Price undercharged in original invoice / Supplementary freight charges / Unbilled additional quantities
Description: Industrial Ball Bearing 6205-2RS
Underbilled Amount: Rs. 17579.40
Applicable GST (18%): Rs. 3164.29
Total Debit Value: Rs. 20743.69
We have debited your account with the above mentioned sum.
Authorized Signatory",DEBIT_NOTE
"QUOTATION / PRICE ESTIMATE
Quotation Ref: QUO-2024-201
Quote Date: 25-05-2024
Valid Until: 01-11-2024
To: Procurement Team, MSME Works
From: Swaraj Pneumatic Systems
Dear Sir, We are pleased to quote our lowest rates:
Item: Pneumatic Cylinder Double Acting 50mm Bore
Offered Unit Price: Rs. 2815.80 per NOS
Lead Time: 10 working days from PO confirmation.
Payment Terms: 30 days credit from invoice date.
Validity: 30 days from quote date.
Looking forward to your valued Purchase Order.
Best Regards, Sales Manager, Swaraj Pneumatic Systems",QUOTATION
"FORMAL PRICE PROPOSAL
Quote ID: QUO-2024-467
Date: 02-07-2024
Customer: MSME Manufacturing
Supplier: Bharat Precision Fasteners
Estimated Schedule of Rates:
1. Tungsten Carbide Milling Insert TNMG160408 - Unit Rate: INR 1365.38 (MOQ: 50 BOX)
GST: 18% extra
Delivery: Ex-works Pune
Warranty: 12 months from delivery date.
Commercial Terms: 100% against delivery.
Authorized Signatory: Bharat Precision Fasteners",QUOTATION
"ORDER CONFIRMATION / PO
Purchase Order Ref: PO-2024-8190
Issued To: Apex Industrial Tools Pvt Ltd
Ship To: Plot 102, Chakan Industrial Area, Pune 410501
Order Date: 10-03-2024
Required Delivery Date: 16-10-2024
Items Ordered:
- Stainless Steel Hex Bolt M10x50mm | Quantity: 20 PCS | Unit Rate: Rs. 49.06 | Total: Rs. 981.20
Freight: Extra at actuals
GST: 18% extra
Prepared by: Purchase Dept",PURCHASE_ORDER
"QUOTATION / PRICE ESTIMATE
Quotation Ref: QUO-2024-826
Quote Date: 03-07-2024
Valid Until: 02-11-2024
To: Procurement Team, MSME Works
From: Omkar Industrial Hardware
Dear Sir, We are pleased to quote our lowest rates:
Item: Industrial Ball Bearing 6205-2RS
Offered Unit Price: Rs. 332.58 per NOS
Lead Time: 10 working days from PO confirmation.
Payment Terms: 30 days credit from invoice date.
Validity: 30 days from quote date.
Looking forward to your valued Purchase Order.
Best Regards, Sales Manager, Omkar Industrial Hardware",QUOTATION
"TAX CREDIT MEMORANDUM
CN Number: CN-2425-556
Date: 07-03-2024
Ref Invoice: INV-2425-81724
Vendor: Premier Bearings & Power Transmission
Customer: MSME Works
Adjustment Details:
Price reduction agreed on Digital Vernier Caliper 0-150mm - Difference INR 50434.26
IGST Adjustment: INR 9078.17
Net Credit Allowed: INR 59512.43
Authorized Signatory, Accounts Department",CREDIT_NOTE
"MEETING MINUTES - PRODUCT DESIGN REVIEW
Date: 12-09-2024
Attendees: Engineering Team, Quality Team
Agenda: Review tolerances for new hydraulic valve housing prototype.
Action Items: Update CAD model with revised bore dimensions.",UNKNOWN
"BANK PAYMENT CONFIRMATION RECEIPT
Voucher ID: PAY-REC-587337
Date: 28-09-2024
Beneficiary Name: Premier Bearings & Power Transmission
Beneficiary A/c: 0029011708007
Transaction ID: CMS2024091800492
Settlement for Tax Invoice: INV-2425-48221
PO Number Ref: PO-2024-6413
Net Remitted: Rs. 18005.66
Status: SUCCESS - Transferred to beneficiary account.
Accounts Department Signature",PAYMENT_RECEIPT
"PAYMENT RECEIPT / VOUCHER
Receipt No: PAY-REC-525231
Payment Date: 06-02-2024
Paid To: Shree Ganesh Hydraulic Spares
Paid By: MSME Auto Components Ltd
Payment Method: NEFT / RTGS Transfer
Bank Transaction Ref / UTR: UTR-HDFC-99182374192
Invoice Reference: INV-2425-22243
Amount Paid: INR 9339.94
Amount in Words: INR 9339.94 only
Payment towards full/part settlement of Invoice INV-2425-22243
Authorized Accounts Officer: Rajeev Kumar",PAYMENT_RECEIPT
"DEBIT NOTE
Debit Note No: DC-5524
Debit Note Date: 05-08-2024
Against Original Invoice: INV-2425-37533
Issued By: Vanguard Steel & Alloys Corp
GSTIN: 27AABC6150A1Z5
Issued To: MSME Precision Tools
Reason for Debit: Price undercharged in original invoice / Supplementary freight charges / Unbilled additional quantities
Description: Digital Vernier Caliper 0-150mm
Underbilled Amount: Rs. 56737.43
Applicable GST (18%): Rs. 10212.74
Total Debit Value: Rs. 66950.17
We have debited your account with the above mentioned sum.
Authorized Signatory",DEBIT_NOTE
"QUOTATION / PRICE ESTIMATE
Quotation Ref: QUO-2024-866
Quote Date: 04-01-2024
Valid Until: 22-11-2024
To: Procurement Team, MSME Works
From: Sunrise Rubber & Polymer Components
Dear Sir, We are pleased to quote our lowest rates:
Item: Industrial Ball Bearing 6205-2RS
Offered Unit Price: Rs. 291.75 per NOS
Lead Time: 10 working days from PO confirmation.
Payment Terms: 30 days credit from invoice date.
Validity: 30 days from quote date.
Looking forward to your valued Purchase Order.
Best Regards, Sales Manager, Sunrise Rubber & Polymer Components",QUOTATION
"PAYMENT ADVICE & RECEIPT
Payment Slip Ref: PAY-REC-959246
Date of Remittance: 26-04-2024
Vendor: Omkar Industrial Hardware
Against Bill/Invoice No: INV-2425-60008
Cheque/NEFT No: 882910
Paid Amount: INR 3207.99
Deductions (TDS/Retention): Rs. 0.00
Total Cleared: INR 3207.99
Received with thanks from MSME Industries.",PAYMENT_RECEIPT
"DELIVERY NOTE / CHALLAN
Delivery Challan No: DC-6332
Date of Dispatch: 15-04-2024
Against PO No: PO-2024-8301
Consignor: Shree Ganesh Hydraulic Spares
Consignee: MSME Manufacturing Plant
Vehicle No: MH-12-RN-8821
Transporter: Apex Logistics
Driver Name: Suresh Patil (Mob: 9876543210)
Materials Dispatched:
1. Stainless Steel Hex Bolt M10x50mm - Dispatched Qty: 10 PCS (Packages: 4 Wooden Crates)
Condition of Goods: Good condition, sealed boxes.
Received by: Stores In-charge (Signature & Date)
Goods received in full and sound condition.",DELIVERY_NOTE
"QUOTATION / PRICE ESTIMATE
Quotation Ref: QUO-2024-917
Quote Date: 25-03-2024
Valid Until: 14-11-2024
To: Procurement Team, MSME Works
From: Vanguard Steel & Alloys Corp
Dear Sir, We are pleased to quote our lowest rates:
Item: Tungsten Carbide Milling Insert TNMG160408
Offered Unit Price: Rs. 1513.76 per BOX
Lead Time: 10 working days from PO confirmation.
Payment Terms: 30 days credit from invoice date.
Validity: 30 days from quote date.
Looking forward to your valued Purchase Order.
Best Regards, Sales Manager, Vanguard Steel & Alloys Corp",QUOTATION
"FORMAL PRICE PROPOSAL
Quote ID: QUO-2024-924
Date: 03-01-2024
Customer: MSME Manufacturing
Supplier: Vanguard Steel & Alloys Corp
Estimated Schedule of Rates:
1. Tungsten Carbide Milling Insert TNMG160408 - Unit Rate: INR 1514.71 (MOQ: 50 BOX)
GST: 18% extra
Delivery: Ex-works Pune
Warranty: 12 months from delivery date.
Commercial Terms: 100% against delivery.
Authorized Signatory: Vanguard Steel & Alloys Corp",QUOTATION
"VISITOR PASS - RECEPTION
Visitor Name: Ananya Sharma
Company: Tech Audit Consultants
Person to meet: Finance Manager
Entry Time: 10:15 AM
Exit Time: 12:45 PM",UNKNOWN
"CREDIT NOTE
Credit Note No: CN-2425-773
Credit Note Date: 13-08-2024
Original Tax Invoice Ref: INV-2425-62487
Original Invoice Date: 05-08-2024
Issued By: Swaraj Pneumatic Systems
GSTIN: 27AABC2212A1Z8
Issued To: MSME Manufacturing Ltd
Reason for Credit: Rate difference / Return of damaged goods / Post-sale discount
Particulars:
Item: Stainless Steel Hex Bolt M10x50mm
Quantity Returned / Adjusted: 10 PCS
Unit Rate: Rs. 46.71
Credit Amount (Taxable): Rs. 59.10
CGST 9%: Rs. 5.32
SGST 9%: Rs. 5.32
Total Credit Note Amount: Rs. 69.74
We have credited your account with the above amount.",CREDIT_NOTE
"DEBIT NOTE
Debit Note No: DC-6813
Debit Note Date: 04-04-2024
Against Original Invoice: INV-2425-18930
Issued By: Apex Industrial Tools Pvt Ltd
GSTIN: 27AABC7306A1Z3
Issued To: MSME Precision Tools
Reason for Debit: Price undercharged in original invoice / Supplementary freight charges / Unbilled additional quantities
Description: Carbon Steel Seamless Pipe 2 inch NB
Underbilled Amount: Rs. 62630.29
Applicable GST (18%): Rs. 11273.45
Total Debit Value: Rs. 73903.74
We have debited your account with the above mentioned sum.
Authorized Signatory",DEBIT_NOTE
"TAX CREDIT MEMORANDUM
CN Number: CN-2425-589
Date: 03-09-2024
Ref Invoice: INV-2425-28477
Vendor: Kirloskar Engineering Supplies
Customer: MSME Works
Adjustment Details:
Price reduction agreed on Stainless Steel Hex Bolt M10x50mm - Difference INR 540.86
IGST Adjustment: INR 97.35
Net Credit Allowed: INR 638.21
Authorized Signatory, Accounts Department",CREDIT_NOTE
"BANK PAYMENT CONFIRMATION RECEIPT
Voucher ID: PAY-REC-264399
Date: 10-05-2024
Beneficiary Name: TechnoMech Automation Solutions
Beneficiary A/c: 0029012602142
Transaction ID: CMS2024091800492
Settlement for Tax Invoice: INV-2425-12207
PO Number Ref: PO-2024-8618
Net Remitted: Rs. 5758.40
Status: SUCCESS - Transferred to beneficiary account.
Accounts Department Signature",PAYMENT_RECEIPT
"DELIVERY RECEIPT & DISPATCH SLIP
DN Number: DC-5027
Dispatch Date: 09-01-2024
Purchase Order: PO-2024-6665
Supplier: Kirloskar Engineering Supplies
Destination: Industrial Warehouse Sector 5
List of Items:
Item: Carbon Steel Seamless Pipe 2 inch NB | Qty Delivered: 100 | Unit: MTR | Batch No: B-2024-09
Security Gate Entry No: G-4412
Storekeeper Signature: _____________
Date & Time Received: 09-01-2024 14:30 hrs",DELIVERY_NOTE
"SAFETY MANUAL & PROTOCOL
Section 4: General Workshop Safety Guidelines.
1. Personal Protective Equipment (PPE) including safety helmets, steel-toe shoes and goggles must be worn.
2. Machine emergency stop buttons must be inspected daily.
3. In case of fire, evacuate through Gate 2.",UNKNOWN
"INTERNAL MEMORANDUM
To: All Plant Staff
From: Operations Director
Subject: Scheduled maintenance of Power Generator DG-2 on coming Sunday.
All departments are requested to plan production accordingly.",UNKNOWN
"VISITOR PASS - RECEPTION
Visitor Name: Ananya Sharma
Company: Tech Audit Consultants
Person to meet: Finance Manager
Entry Time: 10:15 AM
Exit Time: 12:45 PM",UNKNOWN
"ORDER CONFIRMATION / PO
Purchase Order Ref: PO-2024-5029
Issued To: Bharat Precision Fasteners
Ship To: Plot 102, Chakan Industrial Area, Pune 410501
Order Date: 10-02-2024
Required Delivery Date: 11-10-2024
Items Ordered:
- Pneumatic Cylinder Double Acting 50mm Bore | Quantity: 100 NOS | Unit Rate: Rs. 2502.44 | Total: Rs. 250244.00
Freight: Extra at actuals
GST: 18% extra
Prepared by: Purchase Dept",PURCHASE_ORDER
"PAYMENT RECEIPT / VOUCHER
Receipt No: PAY-REC-312175
Payment Date: 28-08-2024
Paid To: Bharat Precision Fasteners
Paid By: MSME Auto Components Ltd
Payment Method: NEFT / RTGS Transfer
Bank Transaction Ref / UTR: UTR-HDFC-99182374192
Invoice Reference: INV-2425-95864
Amount Paid: INR 11468.09
Amount in Words: INR 11468.09 only
Payment towards full/part settlement of Invoice INV-2425-95864
Authorized Accounts Officer: Rajeev Kumar",PAYMENT_RECEIPT
"PAYMENT RECEIPT / VOUCHER
Receipt No: PAY-REC-989463
Payment Date: 02-04-2024
Paid To: Premier Bearings & Power Transmission
Paid By: MSME Auto Components Ltd
Payment Method: NEFT / RTGS Transfer
Bank Transaction Ref / UTR: UTR-HDFC-99182374192
Invoice Reference: INV-2425-36860
Amount Paid: INR 15833.71
Amount in Words: INR 15833.71 only
Payment towards full/part settlement of Invoice INV-2425-36860
Authorized Accounts Officer: Rajeev Kumar",PAYMENT_RECEIPT
"FORMAL PRICE PROPOSAL
Quote ID: QUO-2024-245
Date: 18-07-2024
Customer: MSME Manufacturing
Supplier: Omkar Industrial Hardware
Estimated Schedule of Rates:
1. Pneumatic Cylinder Double Acting 50mm Bore - Unit Rate: INR 2691.33 (MOQ: 50 NOS)
GST: 18% extra
Delivery: Ex-works Pune
Warranty: 12 months from delivery date.
Commercial Terms: 100% against delivery.
Authorized Signatory: Omkar Industrial Hardware",QUOTATION
"TAX CREDIT MEMORANDUM
CN Number: CN-2425-476
Date: 24-06-2024
Ref Invoice: INV-2425-19348
Vendor: Omkar Industrial Hardware
Customer: MSME Works
Adjustment Details:
Price reduction agreed on Industrial Ball Bearing 6205-2RS - Difference INR 2944.64
IGST Adjustment: INR 530.04
Net Credit Allowed: INR 3474.68
Authorized Signatory, Accounts Department",CREDIT_NOTE
"QUOTATION / PRICE ESTIMATE
Quotation Ref: QUO-2024-238
Quote Date: 11-09-2024
Valid Until: 24-11-2024
To: Procurement Team, MSME Works
From: Apex Industrial Tools Pvt Ltd
Dear Sir, We are pleased to quote our lowest rates:
Item: Carbon Steel Seamless Pipe 2 inch NB
Offered Unit Price: Rs. 572.89 per MTR
Lead Time: 10 working days from PO confirmation.
Payment Terms: 30 days credit from invoice date.
Validity: 30 days from quote date.
Looking forward to your valued Purchase Order.
Best Regards, Sales Manager, Apex Industrial Tools Pvt Ltd",QUOTATION
"ORDER CONFIRMATION / PO
Purchase Order Ref: PO-2024-2657
Issued To: Apex Industrial Tools Pvt Ltd
Ship To: Plot 102, Chakan Industrial Area, Pune 410501
Order Date: 01-07-2024
Required Delivery Date: 15-10-2024
Items Ordered:
- Carbon Steel Seamless Pipe 2 inch NB | Quantity: 50 MTR | Unit Rate: Rs. 610.26 | Total: Rs. 30513.00
Freight: Extra at actuals
GST: 18% extra
Prepared by: Purchase Dept",PURCHASE_ORDER
"TAX INVOICE
Invoice Number: INV-2425-18061
Invoice Date: 23-04-2024
PO Reference: PO-2024-2797
Seller: Shree Ganesh Hydraulic Spares
GSTIN: 27AABC1740A1Z7
Buyer: MSME Precision Components Ltd
Buyer GSTIN: 27AAACM1234F1Z5
Description of Goods: Industrial Ball Bearing 6205-2RS
HSN Code: 84818030
Qty: 20 NOS
Unit Rate: INR 330.28
Taxable Value: INR 6605.60
CGST 9%: INR 594.50
SGST 9%: INR 594.50
Total Invoice Amount: INR 7794.61
Bank Account: HDFC Bank, IFSC: HDFC0001234, A/c: 5020001928374
For Shree Ganesh Hydraulic Spares - Authorized Signatory",INVOICE
"INTERNAL MEMORANDUM
To: All Plant Staff
From: Operations Director
Subject: Scheduled maintenance of Power Generator DG-2 on coming Sunday.
All departments are requested to plan production accordingly.",UNKNOWN
"EMPLOYEE LEAVE APPLICATION
Employee Name: Ramesh Shinde
Department: Assembly Line B
Leave Dates: 10th Oct to 12th Oct
Reason: Personal family function.
Approved by Plant Supervisor.",UNKNOWN
"DEBIT NOTE
Debit Note No: DC-7143
Debit Note Date: 17-09-2024
Against Original Invoice: INV-2425-73691
Issued By: Vanguard Steel & Alloys Corp
GSTIN: 27AABC7109A1Z8
Issued To: MSME Precision Tools
Reason for Debit: Price undercharged in original invoice / Supplementary freight charges / Unbilled additional quantities
Description: Carbon Steel Seamless Pipe 2 inch NB
Underbilled Amount: Rs. 17288.17
Applicable GST (18%): Rs. 3111.87
Total Debit Value: Rs. 20400.04
We have debited your account with the above mentioned sum.
Authorized Signatory",DEBIT_NOTE
"ORDER CONFIRMATION / PO
Purchase Order Ref: PO-2024-7165
Issued To: Mahindra Tooling & Forging Ltd
Ship To: Plot 102, Chakan Industrial Area, Pune 410501
Order Date: 18-07-2024
Required Delivery Date: 15-10-2024
Items Ordered:
- Industrial Ball Bearing 6205-2RS | Quantity: 500 NOS | Unit Rate: Rs. 298.75 | Total: Rs. 149375.00
Freight: Extra at actuals
GST: 18% extra
Prepared by: Purchase Dept",PURCHASE_ORDER
"INTERNAL MEMORANDUM
To: All Plant Staff
From: Operations Director
Subject: Scheduled maintenance of Power Generator DG-2 on coming Sunday.
All departments are requested to plan production accordingly.",UNKNOWN
"MEETING MINUTES - PRODUCT DESIGN REVIEW
Date: 12-09-2024
Attendees: Engineering Team, Quality Team
Agenda: Review tolerances for new hydraulic valve housing prototype.
Action Items: Update CAD model with revised bore dimensions.",UNKNOWN
"DEBIT NOTE
Debit Note No: DC-9102
Debit Note Date: 18-05-2024
Against Original Invoice: INV-2425-34603
Issued By: Bharat Precision Fasteners
GSTIN: 27AABC9093A1Z6
Issued To: MSME Precision Tools
Reason for Debit: Price undercharged in original invoice / Supplementary freight charges / Unbilled additional quantities
Description: Digital Vernier Caliper 0-150mm
Underbilled Amount: Rs. 1636.57
Applicable GST (18%): Rs. 294.58
Total Debit Value: Rs. 1931.15
We have debited your account with the above mentioned sum.
Authorized Signatory",DEBIT_NOTE
"EMPLOYEE LEAVE APPLICATION
Employee Name: Ramesh Shinde
Department: Assembly Line B
Leave Dates: 10th Oct to 12th Oct
Reason: Personal family function.
Approved by Plant Supervisor.",UNKNOWN
"DEBIT NOTE
Debit Note No: DC-8876
Debit Note Date: 17-03-2024
Against Original Invoice: INV-2425-13698
Issued By: Apex Industrial Tools Pvt Ltd
GSTIN: 27AABC7601A1Z5
Issued To: MSME Precision Tools
Reason for Debit: Price undercharged in original invoice / Supplementary freight charges / Unbilled additional quantities
Description: Viton Seal Gasket 100mm OD
Underbilled Amount: Rs. 2928.16
Applicable GST (18%): Rs. 527.07
Total Debit Value: Rs. 3455.23
We have debited your account with the above mentioned sum.
Authorized Signatory",DEBIT_NOTE
"CREDIT NOTE
Credit Note No: CN-2425-931
Credit Note Date: 25-05-2024
Original Tax Invoice Ref: INV-2425-44213
Original Invoice Date: 27-08-2024
Issued By: Mahindra Tooling & Forging Ltd
GSTIN: 27AABC5884A1Z6
Issued To: MSME Manufacturing Ltd
Reason for Credit: Rate difference / Return of damaged goods / Post-sale discount
Particulars:
Item: Carbon Steel Seamless Pipe 2 inch NB
Quantity Returned / Adjusted: 200 MTR
Unit Rate: Rs. 653.46
Credit Amount (Taxable): Rs. 24093.43
CGST 9%: Rs. 2168.41
SGST 9%: Rs. 2168.41
Total Credit Note Amount: Rs. 28430.25
We have credited your account with the above amount.",CREDIT_NOTE
"DEBIT NOTE
Debit Note No: DC-9488
Debit Note Date: 27-06-2024
Against Original Invoice: INV-2425-79359
Issued By: Bharat Precision Fasteners
GSTIN: 27AABC9375A1Z5
Issued To: MSME Precision Tools
Reason for Debit: Price undercharged in original invoice / Supplementary freight charges / Unbilled additional quantities
Description: Pneumatic Cylinder Double Acting 50mm Bore
Underbilled Amount: Rs. 7202.49
Applicable GST (18%): Rs. 1296.45
Total Debit Value: Rs. 8498.94
We have debited your account with the above mentioned sum.
Authorized Signatory",DEBIT_NOTE
"QUOTATION / PRICE ESTIMATE
Quotation Ref: QUO-2024-705
Quote Date: 02-01-2024
Valid Until: 05-11-2024
To: Procurement Team, MSME Works
From: Kirloskar Engineering Supplies
Dear Sir, We are pleased to quote our lowest rates:
Item: Pneumatic Cylinder Double Acting 50mm Bore
Offered Unit Price: Rs. 2864.32 per NOS
Lead Time: 10 working days from PO confirmation.
Payment Terms: 30 days credit from invoice date.
Validity: 30 days from quote date.
Looking forward to your valued Purchase Order.
Best Regards, Sales Manager, Kirloskar Engineering Supplies",QUOTATION
"BANK PAYMENT CONFIRMATION RECEIPT
Voucher ID: PAY-REC-213934
Date: 10-09-2024
Beneficiary Name: Shree Ganesh Hydraulic Spares
Beneficiary A/c: 0029013013331
Transaction ID: CMS2024091800492
Settlement for Tax Invoice: INV-2425-79262
PO Number Ref: PO-2024-8157
Net Remitted: Rs. 2050.84
Status: SUCCESS - Transferred to beneficiary account.
Accounts Department Signature",PAYMENT_RECEIPT
"TAX CREDIT MEMORANDUM
CN Number: CN-2425-719
Date: 07-09-2024
Ref Invoice: INV-2425-96447
Vendor: Bharat Precision Fasteners
Customer: MSME Works
Adjustment Details:
Price reduction agreed on Tungsten Carbide Milling Insert TNMG160408 - Difference INR 2618.24
IGST Adjustment: INR 471.28
Net Credit Allowed: INR 3089.52
Authorized Signatory, Accounts Department",CREDIT_NOTE
"CREDIT NOTE
Credit Note No: CN-2425-758
Credit Note Date: 04-08-2024
Original Tax Invoice Ref: INV-2425-48565
Original Invoice Date: 26-08-2024
Issued By: Shree Ganesh Hydraulic Spares
GSTIN: 27AABC2121A1Z5
Issued To: MSME Manufacturing Ltd
Reason for Credit: Rate difference / Return of damaged goods / Post-sale discount
Particulars:
Item: Pneumatic Cylinder Double Acting 50mm Bore
Quantity Returned / Adjusted: 10 NOS
Unit Rate: Rs. 2482.07
Credit Amount (Taxable): Rs. 4062.41
CGST 9%: Rs. 365.62
SGST 9%: Rs. 365.62
Total Credit Note Amount: Rs. 4793.64
We have credited your account with the above amount.",CREDIT_NOTE
"DEBIT NOTE
Debit Note No: DC-9695
Debit Note Date: 16-06-2024
Against Original Invoice: INV-2425-80974
Issued By: Apex Industrial Tools Pvt Ltd
GSTIN: 27AABC2989A1Z9
Issued To: MSME Precision Tools
Reason for Debit: Price undercharged in original invoice / Supplementary freight charges / Unbilled additional quantities
Description: Nitrile Rubber O-Ring Kit 200pcs
Underbilled Amount: Rs. 44082.24
Applicable GST (18%): Rs. 7934.80
Total Debit Value: Rs. 52017.04
We have debited your account with the above mentioned sum.
Authorized Signatory",DEBIT_NOTE
"FORMAL PRICE PROPOSAL
Quote ID: QUO-2024-701
Date: 05-03-2024
Customer: MSME Manufacturing
Supplier: Sunrise Rubber & Polymer Components
Estimated Schedule of Rates:
1. Carbon Steel Seamless Pipe 2 inch NB - Unit Rate: INR 640.32 (MOQ: 50 MTR)
GST: 18% extra
Delivery: Ex-works Pune
Warranty: 12 months from delivery date.
Commercial Terms: 100% against delivery.
Authorized Signatory: Sunrise Rubber & Polymer Components",QUOTATION
"TAX CREDIT MEMORANDUM
CN Number: CN-2425-591
Date: 15-06-2024
Ref Invoice: INV-2425-94320
Vendor: Vanguard Steel & Alloys Corp
Customer: MSME Works
Adjustment Details:
Price reduction agreed on Stainless Steel Hex Bolt M10x50mm - Difference INR 631.05
IGST Adjustment: INR 113.59
Net Credit Allowed: INR 744.64
Authorized Signatory, Accounts Department",CREDIT_NOTE
"SAFETY MANUAL & PROTOCOL
Section 4: General Workshop Safety Guidelines.
1. Personal Protective Equipment (PPE) including safety helmets, steel-toe shoes and goggles must be worn.
2. Machine emergency stop buttons must be inspected daily.
3. In case of fire, evacuate through Gate 2.",UNKNOWN
"PAYMENT ADVICE & RECEIPT
Payment Slip Ref: PAY-REC-455443
Date of Remittance: 27-03-2024
Vendor: Mahindra Tooling & Forging Ltd
Against Bill/Invoice No: INV-2425-49547
Cheque/NEFT No: 882910
Paid Amount: INR 5782.00
Deductions (TDS/Retention): Rs. 0.00
Total Cleared: INR 5782.00
Received with thanks from MSME Industries.",PAYMENT_RECEIPT
"MATERIAL DISPATCH NOTE
Dispatch Memo: DC-9828
Date: 26-04-2024
Ref PO: PO-2024-4420
Vendor: Shree Ganesh Hydraulic Spares
Delivered To: Central Stores, Unit II
Description: Hydraulic Pressure Relief Valve 1/2 inch
Quantity Sent: 50 NOS
No of Cartons: 10
Received Ok by Stores Department.",DELIVERY_NOTE
"PAYMENT RECEIPT / VOUCHER
Receipt No: PAY-REC-233560
Payment Date: 12-08-2024
Paid To: Bharat Precision Fasteners
Paid By: MSME Auto Components Ltd
Payment Method: NEFT / RTGS Transfer
Bank Transaction Ref / UTR: UTR-HDFC-99182374192
Invoice Reference: INV-2425-47670
Amount Paid: INR 41026.24
Amount in Words: INR 41026.24 only
Payment towards full/part settlement of Invoice INV-2425-47670
Authorized Accounts Officer: Rajeev Kumar",PAYMENT_RECEIPT
"PAYMENT RECEIPT / VOUCHER
Receipt No: PAY-REC-447960
Payment Date: 27-04-2024
Paid To: Premier Bearings & Power Transmission
Paid By: MSME Auto Components Ltd
Payment Method: NEFT / RTGS Transfer
Bank Transaction Ref / UTR: UTR-HDFC-99182374192
Invoice Reference: INV-2425-89359
Amount Paid: INR 4373.55
Amount in Words: INR 4373.55 only
Payment towards full/part settlement of Invoice INV-2425-89359
Authorized Accounts Officer: Rajeev Kumar",PAYMENT_RECEIPT
"ORIGINAL TAX INVOICE (FOR RECIPIENT)
Invoice No: INV-2425-14339
Date of Issue: 25-01-2024
PO Ref: PO-2024-2097
Supplier Name: National Electricals & Controls
PAN: AABCP9871M
GSTIN/UIN: 27AABC4313A1Z5
Place of Supply: 27-Maharashtra
Table of Supplies:
SI No | Item Description | Qty | Rate | Amount
01 | Stainless Steel Hex Bolt M10x50mm | 100 | 41.07 | 4107.00
Total Taxable: 4107.00
IGST @ 18%: 739.26
Gross Total: 4846.26
Subject to Pune Jurisdiction only.",INVOICE
"FORMAL PRICE PROPOSAL
Quote ID: QUO-2024-629
Date: 12-06-2024
Customer: MSME Manufacturing
Supplier: TechnoMech Automation Solutions
Estimated Schedule of Rates:
1. Digital Vernier Caliper 0-150mm - Unit Rate: INR 1175.65 (MOQ: 50 NOS)
GST: 18% extra
Delivery: Ex-works Pune
Warranty: 12 months from delivery date.
Commercial Terms: 100% against delivery.
Authorized Signatory: TechnoMech Automation Solutions",QUOTATION
"VISITOR PASS - RECEPTION
Visitor Name: Ananya Sharma
Company: Tech Audit Consultants
Person to meet: Finance Manager
Entry Time: 10:15 AM
Exit Time: 12:45 PM",UNKNOWN
"TAX CREDIT MEMORANDUM
CN Number: CN-2425-207
Date: 28-06-2024
Ref Invoice: INV-2425-78596
Vendor: Mahindra Tooling & Forging Ltd
Customer: MSME Works
Adjustment Details:
Price reduction agreed on Carbon Steel Seamless Pipe 2 inch NB - Difference INR 33275.71
IGST Adjustment: INR 5989.63
Net Credit Allowed: INR 39265.34
Authorized Signatory, Accounts Department",CREDIT_NOTE
"CREDIT NOTE
Credit Note No: CN-2425-604
Credit Note Date: 25-06-2024
Original Tax Invoice Ref: INV-2425-55861
Original Invoice Date: 02-08-2024
Issued By: TechnoMech Automation Solutions
GSTIN: 27AABC4488A1Z2
Issued To: MSME Manufacturing Ltd
Reason for Credit: Rate difference / Return of damaged goods / Post-sale discount
Particulars:
Item: Stainless Steel Hex Bolt M10x50mm
Quantity Returned / Adjusted: 50 PCS
Unit Rate: Rs. 45.75
Credit Amount (Taxable): Rs. 419.01
CGST 9%: Rs. 37.71
SGST 9%: Rs. 37.71
Total Credit Note Amount: Rs. 494.43
We have credited your account with the above amount.",CREDIT_NOTE
"DEBIT NOTE
Debit Note No: DC-5106
Debit Note Date: 22-08-2024
Against Original Invoice: INV-2425-75377
Issued By: Omkar Industrial Hardware
GSTIN: 27AABC3557A1Z9
Issued To: MSME Precision Tools
Reason for Debit: Price undercharged in original invoice / Supplementary freight charges / Unbilled additional quantities
Description: Hydraulic Pressure Relief Valve 1/2 inch
Underbilled Amount: Rs. 17133.95
Applicable GST (18%): Rs. 3084.11
Total Debit Value: Rs. 20218.06
We have debited your account with the above mentioned sum.
Authorized Signatory",DEBIT_NOTE
"MATERIAL DISPATCH NOTE
Dispatch Memo: DC-8701
Date: 27-06-2024
Ref PO: PO-2024-5544
Vendor: TechnoMech Automation Solutions
Delivered To: Central Stores, Unit II
Description: Industrial Ball Bearing 6205-2RS
Quantity Sent: 100 NOS
No of Cartons: 10
Received Ok by Stores Department.",DELIVERY_NOTE
"TAX INVOICE
Invoice Number: INV-2425-98663
Invoice Date: 26-01-2024
PO Reference: PO-2024-6986
Seller: Mahindra Tooling & Forging Ltd
GSTIN: 27AABC1918A1Z3
Buyer: MSME Precision Components Ltd
Buyer GSTIN: 27AAACM1234F1Z5
Description of Goods: Stainless Steel Hex Bolt M10x50mm
HSN Code: 84818030
Qty: 10 PCS
Unit Rate: INR 44.29
Taxable Value: INR 442.90
CGST 9%: INR 39.86
SGST 9%: INR 39.86
Total Invoice Amount: INR 522.62
Bank Account: HDFC Bank, IFSC: HDFC0001234, A/c: 5020001928374
For Mahindra Tooling & Forging Ltd - Authorized Signatory",INVOICE
"DELIVERY NOTE / CHALLAN
Delivery Challan No: DC-9370
Date of Dispatch: 01-03-2024
Against PO No: PO-2024-8518
Consignor: Bharat Precision Fasteners
Consignee: MSME Manufacturing Plant
Vehicle No: MH-12-RN-8821
Transporter: Apex Logistics
Driver Name: Suresh Patil (Mob: 9876543210)
Materials Dispatched:
1. Industrial Ball Bearing 6205-2RS - Dispatched Qty: 200 NOS (Packages: 4 Wooden Crates)
Condition of Goods: Good condition, sealed boxes.
Received by: Stores In-charge (Signature & Date)
Goods received in full and sound condition.",DELIVERY_NOTE
"INVOICE
Doc No: INV-2425-12018
Date: 13-01-2024
Ref Purchase Order: PO-2024-9292
From: National Electricals & Controls
To: Bharat Engineering MSME
Summary:
Item: Viton Seal Gasket 100mm OD
Quantity Supplied: 10
Price per unit: Rs. 85.97
Net Amount: Rs. 859.70
Add GST 18%: Rs. 154.75
Invoice Total: Rs. 1014.45
Payment Due Date: 20-10-2024
Please remit payment to State Bank of India A/c: 30981723481",INVOICE
"MATERIAL DISPATCH NOTE
Dispatch Memo: DC-8727
Date: 09-03-2024
Ref PO: PO-2024-1641
Vendor: Mahindra Tooling & Forging Ltd
Delivered To: Central Stores, Unit II
Description: Stainless Steel Hex Bolt M10x50mm
Quantity Sent: 10 PCS
No of Cartons: 10
Received Ok by Stores Department.",DELIVERY_NOTE
"PAYMENT ADVICE & RECEIPT
Payment Slip Ref: PAY-REC-875622
Date of Remittance: 04-02-2024
Vendor: Sunrise Rubber & Polymer Components
Against Bill/Invoice No: INV-2425-86260
Cheque/NEFT No: 882910
Paid Amount: INR 36648.44
Deductions (TDS/Retention): Rs. 0.00
Total Cleared: INR 36648.44
Received with thanks from MSME Industries.",PAYMENT_RECEIPT
"DEBIT NOTE
Debit Note No: DC-9995
Debit Note Date: 13-01-2024
Against Original Invoice: INV-2425-61395
Issued By: Swaraj Pneumatic Systems
GSTIN: 27AABC9427A1Z1
Issued To: MSME Precision Tools
Reason for Debit: Price undercharged in original invoice / Supplementary freight charges / Unbilled additional quantities
Description: Pneumatic Cylinder Double Acting 50mm Bore
Underbilled Amount: Rs. 50026.03
Applicable GST (18%): Rs. 9004.69
Total Debit Value: Rs. 59030.72
We have debited your account with the above mentioned sum.
Authorized Signatory",DEBIT_NOTE
"TAX CREDIT MEMORANDUM
CN Number: CN-2425-304
Date: 12-01-2024
Ref Invoice: INV-2425-36339
Vendor: Kirloskar Engineering Supplies
Customer: MSME Works
Adjustment Details:
Price reduction agreed on High Tensile Flange Nut M12 - Difference INR 655.56
IGST Adjustment: INR 118.00
Net Credit Allowed: INR 773.56
Authorized Signatory, Accounts Department",CREDIT_NOTE
"CREDIT NOTE
Credit Note No: CN-2425-933
Credit Note Date: 20-02-2024
Original Tax Invoice Ref: INV-2425-11065
Original Invoice Date: 17-08-2024
Issued By: TechnoMech Automation Solutions
GSTIN: 27AABC8250A1Z4
Issued To: MSME Manufacturing Ltd
Reason for Credit: Rate difference / Return of damaged goods / Post-sale discount
Particulars:
Item: Viton Seal Gasket 100mm OD
Quantity Returned / Adjusted: 50 PCS
Unit Rate: Rs. 89.63
Credit Amount (Taxable): Rs. 250.41
CGST 9%: Rs. 22.54
SGST 9%: Rs. 22.54
Total Credit Note Amount: Rs. 295.48
We have credited your account with the above amount.",CREDIT_NOTE
"INVOICE
Doc No: INV-2425-85967
Date: 19-08-2024
Ref Purchase Order: PO-2024-6004
From: National Electricals & Controls
To: Bharat Engineering MSME
Summary:
Item: Industrial Ball Bearing 6205-2RS
Quantity Supplied: 10
Price per unit: Rs. 328.70
Net Amount: Rs. 3287.00
Add GST 18%: Rs. 591.66
Invoice Total: Rs. 3878.66
Payment Due Date: 01-10-2024
Please remit payment to State Bank of India A/c: 30981723481",INVOICE
"BANK PAYMENT CONFIRMATION RECEIPT
Voucher ID: PAY-REC-178390
Date: 19-03-2024
Beneficiary Name: TechnoMech Automation Solutions
Beneficiary A/c: 0029011771015
Transaction ID: CMS2024091800492
Settlement for Tax Invoice: INV-2425-14553
PO Number Ref: PO-2024-1345
Net Remitted: Rs. 2387.14
Status: SUCCESS - Transferred to beneficiary account.
Accounts Department Signature",PAYMENT_RECEIPT
"GOODS DELIVERY CHALLAN
Challan Ref: DC-6104
Date: 02-08-2024
PO Reference: PO-2024-8266
From: Premier Bearings & Power Transmission
To: MSME Engineering Works, Plot 8, MIDC Pune
Mode of Transport: Tempo MH-14-BT-1122
LR / GC No: 994821
Particulars:
- High Tensile Flange Nut M12 : Quantity Delivered: 10 PCS
Remarks: Material subject to quality inspection at gate.
Inspected & Received in good order.",DELIVERY_NOTE
"MATERIAL DISPATCH NOTE
Dispatch Memo: DC-5351
Date: 18-01-2024
Ref PO: PO-2024-2124
Vendor: Vanguard Steel & Alloys Corp
Delivered To: Central Stores, Unit II
Description: Tungsten Carbide Milling Insert TNMG160408
Quantity Sent: 50 BOX
No of Cartons: 10
Received Ok by Stores Department.",DELIVERY_NOTE
"COMMERCIAL TAX INVOICE
Bill No: INV-2425-69711
Bill Date: 05-05-2024
Against PO No: PO-2024-8194
Supplier: TechnoMech Automation Solutions
State: Maharashtra, Code: 27
Consignee: Global MSME Solutions
Line Items:
1. Industrial Ball Bearing 6205-2RS | 10 NOS | Rate: Rs. 314.97 | Taxable: Rs. 3149.70 | IGST 18%: Rs. 566.95 | Total: Rs. 3716.65
Amount in Words: INR 3716.65 only
E-Way Bill No: 541098234712
Declaration: Certified that particulars given above are true and correct.",INVOICE
"INTERNAL MEMORANDUM
To: All Plant Staff
From: Operations Director
Subject: Scheduled maintenance of Power Generator DG-2 on coming Sunday.
All departments are requested to plan production accordingly.",UNKNOWN
"COMMERCIAL TAX INVOICE
Bill No: INV-2425-32972
Bill Date: 01-01-2024
Against PO No: PO-2024-2970
Supplier: Bharat Precision Fasteners
State: Maharashtra, Code: 27
Consignee: Global MSME Solutions
Line Items:
1. Carbon Steel Seamless Pipe 2 inch NB | 20 MTR | Rate: Rs. 638.09 | Taxable: Rs. 12761.80 | IGST 18%: Rs. 2297.12 | Total: Rs. 15058.92
Amount in Words: INR 15058.92 only
E-Way Bill No: 541098234712
Declaration: Certified that particulars given above are true and correct.",INVOICE
"ORIGINAL TAX INVOICE (FOR RECIPIENT)
Invoice No: INV-2425-13817
Date of Issue: 19-07-2024
PO Ref: PO-2024-6718
Supplier Name: Vanguard Steel & Alloys Corp
PAN: AABCP9871M
GSTIN/UIN: 27AABC2577A1Z1
Place of Supply: 27-Maharashtra
Table of Supplies:
SI No | Item Description | Qty | Rate | Amount
01 | Tungsten Carbide Milling Insert TNMG160408 | 10 | 1363.59 | 13635.90
Total Taxable: 13635.90
IGST @ 18%: 2454.46
Gross Total: 16090.36
Subject to Pune Jurisdiction only.",INVOICE
"TAX CREDIT MEMORANDUM
CN Number: CN-2425-741
Date: 28-03-2024
Ref Invoice: INV-2425-45328
Vendor: Kirloskar Engineering Supplies
Customer: MSME Works
Adjustment Details:
Price reduction agreed on High Tensile Flange Nut M12 - Difference INR 33.03
IGST Adjustment: INR 5.95
Net Credit Allowed: INR 38.98
Authorized Signatory, Accounts Department",CREDIT_NOTE
"FORMAL PRICE PROPOSAL
Quote ID: QUO-2024-824
Date: 26-02-2024
Customer: MSME Manufacturing
Supplier: Kirloskar Engineering Supplies
Estimated Schedule of Rates:
1. High Tensile Flange Nut M12 - Unit Rate: INR 18.65 (MOQ: 50 PCS)
GST: 18% extra
Delivery: Ex-works Pune
Warranty: 12 months from delivery date.
Commercial Terms: 100% against delivery.
Authorized Signatory: Kirloskar Engineering Supplies",QUOTATION
"EMPLOYEE LEAVE APPLICATION
Employee Name: Ramesh Shinde
Department: Assembly Line B
Leave Dates: 10th Oct to 12th Oct
Reason: Personal family function.
Approved by Plant Supervisor.",UNKNOWN
"FORMAL PRICE PROPOSAL
Quote ID: QUO-2024-523
Date: 08-08-2024
Customer: MSME Manufacturing
Supplier: Sunrise Rubber & Polymer Components
Estimated Schedule of Rates:
1. Nitrile Rubber O-Ring Kit 200pcs - Unit Rate: INR 520.94 (MOQ: 50 SET)
GST: 18% extra
Delivery: Ex-works Pune
Warranty: 12 months from delivery date.
Commercial Terms: 100% against delivery.
Authorized Signatory: Sunrise Rubber & Polymer Components",QUOTATION
"INVOICE
Doc No: INV-2425-65954
Date: 09-02-2024
Ref Purchase Order: PO-2024-9969
From: Bharat Precision Fasteners
To: Bharat Engineering MSME
Summary:
Item: Digital Vernier Caliper 0-150mm
Quantity Supplied: 50
Price per unit: Rs. 1130.91
Net Amount: Rs. 56545.50
Add GST 18%: Rs. 10178.19
Invoice Total: Rs. 66723.69
Payment Due Date: 03-10-2024
Please remit payment to State Bank of India A/c: 30981723481",INVOICE
"DELIVERY RECEIPT & DISPATCH SLIP
DN Number: DC-9053
Dispatch Date: 03-08-2024
Purchase Order: PO-2024-3276
Supplier: Mahindra Tooling & Forging Ltd
Destination: Industrial Warehouse Sector 5
List of Items:
Item: Digital Vernier Caliper 0-150mm | Qty Delivered: 20 | Unit: NOS | Batch No: B-2024-09
Security Gate Entry No: G-4412
Storekeeper Signature: _____________
Date & Time Received: 03-08-2024 14:30 hrs",DELIVERY_NOTE
"TAX CREDIT MEMORANDUM
CN Number: CN-2425-611
Date: 11-04-2024
Ref Invoice: INV-2425-57042
Vendor: Premier Bearings & Power Transmission
Customer: MSME Works
Adjustment Details:
Price reduction agreed on Hydraulic Pressure Relief Valve 1/2 inch - Difference INR 16095.28
IGST Adjustment: INR 2897.15
Net Credit Allowed: INR 18992.43
Authorized Signatory, Accounts Department",CREDIT_NOTE
"CREDIT NOTE
Credit Note No: CN-2425-114
Credit Note Date: 05-09-2024
Original Tax Invoice Ref: INV-2425-47943
Original Invoice Date: 07-08-2024
Issued By: Shree Ganesh Hydraulic Spares
GSTIN: 27AABC4887A1Z9
Issued To: MSME Manufacturing Ltd
Reason for Credit: Rate difference / Return of damaged goods / Post-sale discount
Particulars:
Item: Hydraulic Pressure Relief Valve 1/2 inch
Quantity Returned / Adjusted: 50 NOS
Unit Rate: Rs. 1770.97
Credit Amount (Taxable): Rs. 17630.75
CGST 9%: Rs. 1586.77
SGST 9%: Rs. 1586.77
Total Credit Note Amount: Rs. 20804.28
We have credited your account with the above amount.",CREDIT_NOTE
"PAYMENT ADVICE & RECEIPT
Payment Slip Ref: PAY-REC-449822
Date of Remittance: 01-03-2024
Vendor: Bharat Precision Fasteners
Against Bill/Invoice No: INV-2425-45140
Cheque/NEFT No: 882910
Paid Amount: INR 45396.96
Deductions (TDS/Retention): Rs. 0.00
Total Cleared: INR 45396.96
Received with thanks from MSME Industries.",PAYMENT_RECEIPT
"FORMAL PRICE PROPOSAL
Quote ID: QUO-2024-810
Date: 15-01-2024
Customer: MSME Manufacturing
Supplier: Premier Bearings & Power Transmission
Estimated Schedule of Rates:
1. Pneumatic Cylinder Double Acting 50mm Bore - Unit Rate: INR 2476.94 (MOQ: 50 NOS)
GST: 18% extra
Delivery: Ex-works Pune
Warranty: 12 months from delivery date.
Commercial Terms: 100% against delivery.
Authorized Signatory: Premier Bearings & Power Transmission",QUOTATION
"CREDIT NOTE
Credit Note No: CN-2425-617
Credit Note Date: 11-02-2024
Original Tax Invoice Ref: INV-2425-98139
Original Invoice Date: 01-08-2024
Issued By: Omkar Industrial Hardware
GSTIN: 27AABC3929A1Z4
Issued To: MSME Manufacturing Ltd
Reason for Credit: Rate difference / Return of damaged goods / Post-sale discount
Particulars:
Item: Industrial Ball Bearing 6205-2RS
Quantity Returned / Adjusted: 200 NOS
Unit Rate: Rs. 292.47
Credit Amount (Taxable): Rs. 6215.03
CGST 9%: Rs. 559.35
SGST 9%: Rs. 559.35
Total Credit Note Amount: Rs. 7333.74
We have credited your account with the above amount.",CREDIT_NOTE
"TAX INVOICE
Invoice Number: INV-2425-82632
Invoice Date: 07-04-2024
PO Reference: PO-2024-3358
Seller: Sunrise Rubber & Polymer Components
GSTIN: 27AABC4836A1Z7
Buyer: MSME Precision Components Ltd
Buyer GSTIN: 27AAACM1234F1Z5
Description of Goods: Industrial Ball Bearing 6205-2RS
HSN Code: 84818030
Qty: 10 NOS
Unit Rate: INR 351.57
Taxable Value: INR 3515.70
CGST 9%: INR 316.41
SGST 9%: INR 316.41
Total Invoice Amount: INR 4148.53
Bank Account: HDFC Bank, IFSC: HDFC0001234, A/c: 5020001928374
For Sunrise Rubber & Polymer Components - Authorized Signatory",INVOICE
"COMMERCIAL TAX INVOICE
Bill No: INV-2425-13405
Bill Date: 13-04-2024
Against PO No: PO-2024-7023
Supplier: TechnoMech Automation Solutions
State: Maharashtra, Code: 27
Consignee: Global MSME Solutions
Line Items:
1. Carbon Steel Seamless Pipe 2 inch NB | 10 MTR | Rate: Rs. 583.41 | Taxable: Rs. 5834.10 | IGST 18%: Rs. 1050.14 | Total: Rs. 6884.24
Amount in Words: INR 6884.24 only
E-Way Bill No: 541098234712
Declaration: Certified that particulars given above are true and correct.",INVOICE
"STANDARD PURCHASE ORDER
PO No: PO-2024-4634
Buyer: MSME Manufacturing Works
Supplier: Vanguard Steel & Alloys Corp
GSTIN: 27AABC1504A1Z3
Item Details:
Item Code: ITM-990, Description: Nitrile Rubber O-Ring Kit 200pcs, Quantity: 500, Rate: 462.46, Taxable Value: 231230.00
Total Order Value: INR 231230.00
Special Instructions: Deliver with inspection certificate and warranty.",PURCHASE_ORDER
"ORDER CONFIRMATION / PO
Purchase Order Ref: PO-2024-5835
Issued To: TechnoMech Automation Solutions
Ship To: Plot 102, Chakan Industrial Area, Pune 410501
Order Date: 25-08-2024
Required Delivery Date: 11-10-2024
Items Ordered:
- Stainless Steel Hex Bolt M10x50mm | Quantity: 500 PCS | Unit Rate: Rs. 47.18 | Total: Rs. 23590.00
Freight: Extra at actuals
GST: 18% extra
Prepared by: Purchase Dept",PURCHASE_ORDER
"INVOICE
Doc No: INV-2425-12221
Date: 11-04-2024
Ref Purchase Order: PO-2024-3859
From: Omkar Industrial Hardware
To: Bharat Engineering MSME
Summary:
Item: Pneumatic Cylinder Double Acting 50mm Bore
Quantity Supplied: 10
Price per unit: Rs. 2756.28
Net Amount: Rs. 27562.80
Add GST 18%: Rs. 4961.30
Invoice Total: Rs. 32524.10
Payment Due Date: 27-10-2024
Please remit payment to State Bank of India A/c: 30981723481",INVOICE
"DEBIT NOTE
Debit Note No: DC-8441
Debit Note Date: 11-09-2024
Against Original Invoice: INV-2425-72287
Issued By: Omkar Industrial Hardware
GSTIN: 27AABC5286A1Z8
Issued To: MSME Precision Tools
Reason for Debit: Price undercharged in original invoice / Supplementary freight charges / Unbilled additional quantities
Description: Tungsten Carbide Milling Insert TNMG160408
Underbilled Amount: Rs. 2622.43
Applicable GST (18%): Rs. 472.04
Total Debit Value: Rs. 3094.47
We have debited your account with the above mentioned sum.
Authorized Signatory",DEBIT_NOTE
"ORIGINAL TAX INVOICE (FOR RECIPIENT)
Invoice No: INV-2425-19395
Date of Issue: 22-06-2024
PO Ref: PO-2024-1235
Supplier Name: Premier Bearings & Power Transmission
PAN: AABCP9871M
GSTIN/UIN: 27AABC2192A1Z5
Place of Supply: 27-Maharashtra
Table of Supplies:
SI No | Item Description | Qty | Rate | Amount
01 | Viton Seal Gasket 100mm OD | 100 | 91.46 | 9146.00
Total Taxable: 9146.00
IGST @ 18%: 1646.28
Gross Total: 10792.28
Subject to Pune Jurisdiction only.",INVOICE
"QUOTATION / PRICE ESTIMATE
Quotation Ref: QUO-2024-509
Quote Date: 26-07-2024
Valid Until: 22-11-2024
To: Procurement Team, MSME Works
From: Sunrise Rubber & Polymer Components
Dear Sir, We are pleased to quote our lowest rates:
Item: Pneumatic Cylinder Double Acting 50mm Bore
Offered Unit Price: Rs. 2961.21 per NOS
Lead Time: 10 working days from PO confirmation.
Payment Terms: 30 days credit from invoice date.
Validity: 30 days from quote date.
Looking forward to your valued Purchase Order.
Best Regards, Sales Manager, Sunrise Rubber & Polymer Components",QUOTATION
"FORMAL PRICE PROPOSAL
Quote ID: QUO-2024-316
Date: 14-01-2024
Customer: MSME Manufacturing
Supplier: Premier Bearings & Power Transmission
Estimated Schedule of Rates:
1. Digital Vernier Caliper 0-150mm - Unit Rate: INR 1135.84 (MOQ: 50 NOS)
GST: 18% extra
Delivery: Ex-works Pune
Warranty: 12 months from delivery date.
Commercial Terms: 100% against delivery.
Authorized Signatory: Premier Bearings & Power Transmission",QUOTATION
"DELIVERY NOTE / CHALLAN
Delivery Challan No: DC-6500
Date of Dispatch: 01-03-2024
Against PO No: PO-2024-3962
Consignor: Vanguard Steel & Alloys Corp
Consignee: MSME Manufacturing Plant
Vehicle No: MH-12-RN-8821
Transporter: Apex Logistics
Driver Name: Suresh Patil (Mob: 9876543210)
Materials Dispatched:
1. Digital Vernier Caliper 0-150mm - Dispatched Qty: 100 NOS (Packages: 4 Wooden Crates)
Condition of Goods: Good condition, sealed boxes.
Received by: Stores In-charge (Signature & Date)
Goods received in full and sound condition.",DELIVERY_NOTE
"EMPLOYEE LEAVE APPLICATION
Employee Name: Ramesh Shinde
Department: Assembly Line B
Leave Dates: 10th Oct to 12th Oct
Reason: Personal family function.
Approved by Plant Supervisor.",UNKNOWN
"CREDIT NOTE
Credit Note No: CN-2425-935
Credit Note Date: 24-03-2024
Original Tax Invoice Ref: INV-2425-29092
Original Invoice Date: 11-08-2024
Issued By: Omkar Industrial Hardware
GSTIN: 27AABC5334A1Z2
Issued To: MSME Manufacturing Ltd
Reason for Credit: Rate difference / Return of damaged goods / Post-sale discount
Particulars:
Item: Industrial Ball Bearing 6205-2RS
Quantity Returned / Adjusted: 10 NOS
Unit Rate: Rs. 305.27
Credit Amount (Taxable): Rs. 517.25
CGST 9%: Rs. 46.55
SGST 9%: Rs. 46.55
Total Credit Note Amount: Rs. 610.35
We have credited your account with the above amount.",CREDIT_NOTE
"PAYMENT RECEIPT / VOUCHER
Receipt No: PAY-REC-818801
Payment Date: 04-03-2024
Paid To: Kirloskar Engineering Supplies
Paid By: MSME Auto Components Ltd
Payment Method: NEFT / RTGS Transfer
Bank Transaction Ref / UTR: UTR-HDFC-99182374192
Invoice Reference: INV-2425-80767
Amount Paid: INR 214566.48
Amount in Words: INR 214566.48 only
Payment towards full/part settlement of Invoice INV-2425-80767
Authorized Accounts Officer: Rajeev Kumar",PAYMENT_RECEIPT
"COMMERCIAL PURCHASE ORDER
Order ID: PO-2024-4996
Vendor Name: Vanguard Steel & Alloys Corp
Billing Address: Plot 45, Industrial Estate, Pune
Date of Order: 17-03-2024
Scope of Supply:
- High Tensile Flange Nut M12 (Qty: 20, Unit Price: 17.37, Amount: 347.40)
Payment: 100% against Delivery Note and Tax Invoice.
Authorized by Procurement Manager.",PURCHASE_ORDER
"DELIVERY RECEIPT & DISPATCH SLIP
DN Number: DC-7825
Dispatch Date: 27-03-2024
Purchase Order: PO-2024-6893
Supplier: Vanguard Steel & Alloys Corp
Destination: Industrial Warehouse Sector 5
List of Items:
Item: Tungsten Carbide Milling Insert TNMG160408 | Qty Delivered: 500 | Unit: BOX | Batch No: B-2024-09
Security Gate Entry No: G-4412
Storekeeper Signature: _____________
Date & Time Received: 27-03-2024 14:30 hrs",DELIVERY_NOTE
"DELIVERY NOTE / CHALLAN
Delivery Challan No: DC-5135
Date of Dispatch: 07-04-2024
Against PO No: PO-2024-7010
Consignor: Kirloskar Engineering Supplies
Consignee: MSME Manufacturing Plant
Vehicle No: MH-12-RN-8821
Transporter: Apex Logistics
Driver Name: Suresh Patil (Mob: 9876543210)
Materials Dispatched:
1. Pneumatic Cylinder Double Acting 50mm Bore - Dispatched Qty: 200 NOS (Packages: 4 Wooden Crates)
Condition of Goods: Good condition, sealed boxes.
Received by: Stores In-charge (Signature & Date)
Goods received in full and sound condition.",DELIVERY_NOTE
"PURCHASE ORDER
PO Number: PO-2024-6292
Date: 11-07-2024
Vendor: Omkar Industrial Hardware
Delivery Address: Plot 102, Chakan Industrial Area, Pune 410501
Payment Terms: Net 30 Days
Line Items:
1. Stainless Steel Hex Bolt M10x50mm - Qty: 200 @ INR 48.90/unit = INR 9780.00
Authorized Signatory
Terms & Conditions: Goods must be delivered within 15 days.",PURCHASE_ORDER
"SAFETY MANUAL & PROTOCOL
Section 4: General Workshop Safety Guidelines.
1. Personal Protective Equipment (PPE) including safety helmets, steel-toe shoes and goggles must be worn.
2. Machine emergency stop buttons must be inspected daily.
3. In case of fire, evacuate through Gate 2.",UNKNOWN
"FORMAL PRICE PROPOSAL
Quote ID: QUO-2024-550
Date: 09-02-2024
Customer: MSME Manufacturing
Supplier: Sunrise Rubber & Polymer Components
Estimated Schedule of Rates:
1. Tungsten Carbide Milling Insert TNMG160408 - Unit Rate: INR 1464.81 (MOQ: 50 BOX)
GST: 18% extra
Delivery: Ex-works Pune
Warranty: 12 months from delivery date.
Commercial Terms: 100% against delivery.
Authorized Signatory: Sunrise Rubber & Polymer Components",QUOTATION
"INVOICE
Doc No: INV-2425-26671
Date: 19-01-2024
Ref Purchase Order: PO-2024-4369
From: Bharat Precision Fasteners
To: Bharat Engineering MSME
Summary:
Item: Industrial Ball Bearing 6205-2RS
Quantity Supplied: 10
Price per unit: Rs. 298.58
Net Amount: Rs. 2985.80
Add GST 18%: Rs. 537.44
Invoice Total: Rs. 3523.24
Payment Due Date: 27-10-2024
Please remit payment to State Bank of India A/c: 30981723481",INVOICE
"TAX INVOICE
Invoice Number: INV-2425-15949
Invoice Date: 04-07-2024
PO Reference: PO-2024-7729
Seller: Shree Ganesh Hydraulic Spares
GSTIN: 27AABC7859A1Z1
Buyer: MSME Precision Components Ltd
Buyer GSTIN: 27AAACM1234F1Z5
Description of Goods: Digital Vernier Caliper 0-150mm
HSN Code: 84818030
Qty: 100 NOS
Unit Rate: INR 1171.04
Taxable Value: INR 117104.00
CGST 9%: INR 10539.36
SGST 9%: INR 10539.36
Total Invoice Amount: INR 138182.72
Bank Account: HDFC Bank, IFSC: HDFC0001234, A/c: 5020001928374
For Shree Ganesh Hydraulic Spares - Authorized Signatory",INVOICE
"TAX CREDIT MEMORANDUM
CN Number: CN-2425-224
Date: 10-09-2024
Ref Invoice: INV-2425-31031
Vendor: Premier Bearings & Power Transmission
Customer: MSME Works
Adjustment Details:
Price reduction agreed on Hydraulic Pressure Relief Valve 1/2 inch - Difference INR 5916.89
IGST Adjustment: INR 1065.04
Net Credit Allowed: INR 6981.93
Authorized Signatory, Accounts Department",CREDIT_NOTE
"INTERNAL MEMORANDUM
To: All Plant Staff
From: Operations Director
Subject: Scheduled maintenance of Power Generator DG-2 on coming Sunday.
All departments are requested to plan production accordingly.",UNKNOWN
"DEBIT NOTE
Debit Note No: DC-8601
Debit Note Date: 15-02-2024
Against Original Invoice: INV-2425-25219
Issued By: Mahindra Tooling & Forging Ltd
GSTIN: 27AABC7246A1Z5
Issued To: MSME Precision Tools
Reason for Debit: Price undercharged in original invoice / Supplementary freight charges / Unbilled additional quantities
Description: Tungsten Carbide Milling Insert TNMG160408
Underbilled Amount: Rs. 4018.02
Applicable GST (18%): Rs. 723.24
Total Debit Value: Rs. 4741.26
We have debited your account with the above mentioned sum.
Authorized Signatory",DEBIT_NOTE
"EMPLOYEE LEAVE APPLICATION
Employee Name: Ramesh Shinde
Department: Assembly Line B
Leave Dates: 10th Oct to 12th Oct
Reason: Personal family function.
Approved by Plant Supervisor.",UNKNOWN
"ORIGINAL TAX INVOICE (FOR RECIPIENT)
Invoice No: INV-2425-33624
Date of Issue: 27-06-2024
PO Ref: PO-2024-4686
Supplier Name: Kirloskar Engineering Supplies
PAN: AABCP9871M
GSTIN/UIN: 27AABC9258A1Z8
Place of Supply: 27-Maharashtra
Table of Supplies:
SI No | Item Description | Qty | Rate | Amount
01 | Nitrile Rubber O-Ring Kit 200pcs | 50 | 496.44 | 24822.00
Total Taxable: 24822.00
IGST @ 18%: 4467.96
Gross Total: 29289.96
Subject to Pune Jurisdiction only.",INVOICE
"ORDER CONFIRMATION / PO
Purchase Order Ref: PO-2024-5741
Issued To: Kirloskar Engineering Supplies
Ship To: Plot 102, Chakan Industrial Area, Pune 410501
Order Date: 11-03-2024
Required Delivery Date: 20-10-2024
Items Ordered:
- Industrial Ball Bearing 6205-2RS | Quantity: 100 NOS | Unit Rate: Rs. 288.92 | Total: Rs. 28892.00
Freight: Extra at actuals
GST: 18% extra
Prepared by: Purchase Dept",PURCHASE_ORDER
"BANK PAYMENT CONFIRMATION RECEIPT
Voucher ID: PAY-REC-971686
Date: 23-02-2024
Beneficiary Name: Shree Ganesh Hydraulic Spares
Beneficiary A/c: 0029019655775
Transaction ID: CMS2024091800492
Settlement for Tax Invoice: INV-2425-51228
PO Number Ref: PO-2024-2970
Net Remitted: Rs. 159536.00
Status: SUCCESS - Transferred to beneficiary account.
Accounts Department Signature",PAYMENT_RECEIPT
"COMMERCIAL PURCHASE ORDER
Order ID: PO-2024-1909
Vendor Name: Bharat Precision Fasteners
Billing Address: Plot 45, Industrial Estate, Pune
Date of Order: 05-01-2024
Scope of Supply:
- Stainless Steel Hex Bolt M10x50mm (Qty: 10, Unit Price: 45.76, Amount: 457.60)
Payment: 100% against Delivery Note and Tax Invoice.
Authorized by Procurement Manager.",PURCHASE_ORDER
"CREDIT NOTE
Credit Note No: CN-2425-620
Credit Note Date: 02-09-2024
Original Tax Invoice Ref: INV-2425-51551
Original Invoice Date: 07-08-2024
Issued By: Mahindra Tooling & Forging Ltd
GSTIN: 27AABC2701A1Z6
Issued To: MSME Manufacturing Ltd
Reason for Credit: Rate difference / Return of damaged goods / Post-sale discount
Particulars:
Item: Nitrile Rubber O-Ring Kit 200pcs
Quantity Returned / Adjusted: 500 SET
Unit Rate: Rs. 462.34
Credit Amount (Taxable): Rs. 28402.76
CGST 9%: Rs. 2556.25
SGST 9%: Rs. 2556.25
Total Credit Note Amount: Rs. 33515.26
We have credited your account with the above amount.",CREDIT_NOTE
"COMMERCIAL TAX INVOICE
Bill No: INV-2425-57968
Bill Date: 15-07-2024
Against PO No: PO-2024-3604
Supplier: National Electricals & Controls
State: Maharashtra, Code: 27
Consignee: Global MSME Solutions
Line Items:
1. High Tensile Flange Nut M12 | 10 PCS | Rate: Rs. 19.39 | Taxable: Rs. 193.90 | IGST 18%: Rs. 34.90 | Total: Rs. 228.80
Amount in Words: INR 228.80 only
E-Way Bill No: 541098234712
Declaration: Certified that particulars given above are true and correct.",INVOICE
"MEETING MINUTES - PRODUCT DESIGN REVIEW
Date: 12-09-2024
Attendees: Engineering Team, Quality Team
Agenda: Review tolerances for new hydraulic valve housing prototype.
Action Items: Update CAD model with revised bore dimensions.",UNKNOWN
"DEBIT NOTE
Debit Note No: DC-6888
Debit Note Date: 14-02-2024
Against Original Invoice: INV-2425-35563
Issued By: Vanguard Steel & Alloys Corp
GSTIN: 27AABC9998A1Z8
Issued To: MSME Precision Tools
Reason for Debit: Price undercharged in original invoice / Supplementary freight charges / Unbilled additional quantities
Description: Tungsten Carbide Milling Insert TNMG160408
Underbilled Amount: Rs. 130441.26
Applicable GST (18%): Rs. 23479.43
Total Debit Value: Rs. 153920.69
We have debited your account with the above mentioned sum.
Authorized Signatory",DEBIT_NOTE
"TAX INVOICE
Invoice Number: INV-2425-49992
Invoice Date: 28-06-2024
PO Reference: PO-2024-9842
Seller: Apex Industrial Tools Pvt Ltd
GSTIN: 27AABC8129A1Z8
Buyer: MSME Precision Components Ltd
Buyer GSTIN: 27AAACM1234F1Z5
Description of Goods: Nitrile Rubber O-Ring Kit 200pcs
HSN Code: 84818030
Qty: 500 SET
Unit Rate: INR 434.06
Taxable Value: INR 217030.00
CGST 9%: INR 19532.70
SGST 9%: INR 19532.70
Total Invoice Amount: INR 256095.40
Bank Account: HDFC Bank, IFSC: HDFC0001234, A/c: 5020001928374
For Apex Industrial Tools Pvt Ltd - Authorized Signatory",INVOICE
"TAX CREDIT MEMORANDUM
CN Number: CN-2425-251
Date: 04-07-2024
Ref Invoice: INV-2425-69300
Vendor: TechnoMech Automation Solutions
Customer: MSME Works
Adjustment Details:
Price reduction agreed on Hydraulic Pressure Relief Valve 1/2 inch - Difference INR 17720.42
IGST Adjustment: INR 3189.68
Net Credit Allowed: INR 20910.10
Authorized Signatory, Accounts Department",CREDIT_NOTE
"STANDARD PURCHASE ORDER
PO No: PO-2024-5682
Buyer: MSME Manufacturing Works
Supplier: Omkar Industrial Hardware
GSTIN: 27AABC1694A1Z6
Item Details:
Item Code: ITM-324, Description: Viton Seal Gasket 100mm OD, Quantity: 200, Rate: 91.77, Taxable Value: 18354.00
Total Order Value: INR 18354.00
Special Instructions: Deliver with inspection certificate and warranty.",PURCHASE_ORDER
"TAX CREDIT MEMORANDUM
CN Number: CN-2425-739
Date: 04-03-2024
Ref Invoice: INV-2425-10395
Vendor: Premier Bearings & Power Transmission
Customer: MSME Works
Adjustment Details:
Price reduction agreed on Digital Vernier Caliper 0-150mm - Difference INR 12153.60
IGST Adjustment: INR 2187.65
Net Credit Allowed: INR 14341.25
Authorized Signatory, Accounts Department",CREDIT_NOTE
"CREDIT NOTE
Credit Note No: CN-2425-750
Credit Note Date: 23-04-2024
Original Tax Invoice Ref: INV-2425-45382
Original Invoice Date: 01-08-2024
Issued By: Shree Ganesh Hydraulic Spares
GSTIN: 27AABC1521A1Z3
Issued To: MSME Manufacturing Ltd
Reason for Credit: Rate difference / Return of damaged goods / Post-sale discount
Particulars:
Item: Stainless Steel Hex Bolt M10x50mm
Quantity Returned / Adjusted: 500 PCS
Unit Rate: Rs. 40.94
Credit Amount (Taxable): Rs. 2664.82
CGST 9%: Rs. 239.83
SGST 9%: Rs. 239.83
Total Credit Note Amount: Rs. 3144.49
We have credited your account with the above amount.",CREDIT_NOTE
"CREDIT NOTE
Credit Note No: CN-2425-710
Credit Note Date: 23-06-2024
Original Tax Invoice Ref: INV-2425-53056
Original Invoice Date: 02-08-2024
Issued By: Sunrise Rubber & Polymer Components
GSTIN: 27AABC5644A1Z9
Issued To: MSME Manufacturing Ltd
Reason for Credit: Rate difference / Return of damaged goods / Post-sale discount
Particulars:
Item: Viton Seal Gasket 100mm OD
Quantity Returned / Adjusted: 50 PCS
Unit Rate: Rs. 96.97
Credit Amount (Taxable): Rs. 877.53
CGST 9%: Rs. 78.98
SGST 9%: Rs. 78.98
Total Credit Note Amount: Rs. 1035.49
We have credited your account with the above amount.",CREDIT_NOTE
"FORMAL PRICE PROPOSAL
Quote ID: QUO-2024-857
Date: 24-09-2024
Customer: MSME Manufacturing
Supplier: Shree Ganesh Hydraulic Spares
Estimated Schedule of Rates:
1. Stainless Steel Hex Bolt M10x50mm - Unit Rate: INR 47.70 (MOQ: 50 PCS)
GST: 18% extra
Delivery: Ex-works Pune
Warranty: 12 months from delivery date.
Commercial Terms: 100% against delivery.
Authorized Signatory: Shree Ganesh Hydraulic Spares",QUOTATION
"TAX CREDIT MEMORANDUM
CN Number: CN-2425-946
Date: 06-02-2024
Ref Invoice: INV-2425-41318
Vendor: Premier Bearings & Power Transmission
Customer: MSME Works
Adjustment Details:
Price reduction agreed on Nitrile Rubber O-Ring Kit 200pcs - Difference INR 2525.28
IGST Adjustment: INR 454.55
Net Credit Allowed: INR 2979.83
Authorized Signatory, Accounts Department",CREDIT_NOTE
"PAYMENT ADVICE & RECEIPT
Payment Slip Ref: PAY-REC-502162
Date of Remittance: 19-04-2024
Vendor: Premier Bearings & Power Transmission
Against Bill/Invoice No: INV-2425-76480
Cheque/NEFT No: 882910
Paid Amount: INR 1018.10
Deductions (TDS/Retention): Rs. 0.00
Total Cleared: INR 1018.10
Received with thanks from MSME Industries.",PAYMENT_RECEIPT
"MATERIAL DISPATCH NOTE
Dispatch Memo: DC-6653
Date: 17-06-2024
Ref PO: PO-2024-2123
Vendor: Apex Industrial Tools Pvt Ltd
Delivered To: Central Stores, Unit II
Description: Stainless Steel Hex Bolt M10x50mm
Quantity Sent: 10 PCS
No of Cartons: 10
Received Ok by Stores Department.",DELIVERY_NOTE
"DELIVERY NOTE / CHALLAN
Delivery Challan No: DC-7426
Date of Dispatch: 12-01-2024
Against PO No: PO-2024-7063
Consignor: Kirloskar Engineering Supplies
Consignee: MSME Manufacturing Plant
Vehicle No: MH-12-RN-8821
Transporter: Apex Logistics
Driver Name: Suresh Patil (Mob: 9876543210)
Materials Dispatched:
1. Pneumatic Cylinder Double Acting 50mm Bore - Dispatched Qty: 100 NOS (Packages: 4 Wooden Crates)
Condition of Goods: Good condition, sealed boxes.
Received by: Stores In-charge (Signature & Date)
Goods received in full and sound condition.",DELIVERY_NOTE
"TAX INVOICE
Invoice Number: INV-2425-66143
Invoice Date: 11-01-2024
PO Reference: PO-2024-9809
Seller: Premier Bearings & Power Transmission
GSTIN: 27AABC9655A1Z3
Buyer: MSME Precision Components Ltd
Buyer GSTIN: 27AAACM1234F1Z5
Description of Goods: Tungsten Carbide Milling Insert TNMG160408
HSN Code: 84818030
Qty: 100 BOX
Unit Rate: INR 1435.20
Taxable Value: INR 143520.00
CGST 9%: INR 12916.80
SGST 9%: INR 12916.80
Total Invoice Amount: INR 169353.60
Bank Account: HDFC Bank, IFSC: HDFC0001234, A/c: 5020001928374
For Premier Bearings & Power Transmission - Authorized Signatory",INVOICE
"BANK PAYMENT CONFIRMATION RECEIPT
Voucher ID: PAY-REC-117960
Date: 26-07-2024
Beneficiary Name: National Electricals & Controls
Beneficiary A/c: 0029014752600
Transaction ID: CMS2024091800492
Settlement for Tax Invoice: INV-2425-10937
PO Number Ref: PO-2024-2713
Net Remitted: Rs. 14289.45
Status: SUCCESS - Transferred to beneficiary account.
Accounts Department Signature",PAYMENT_RECEIPT
"EMPLOYEE LEAVE APPLICATION
Employee Name: Ramesh Shinde
Department: Assembly Line B
Leave Dates: 10th Oct to 12th Oct
Reason: Personal family function.
Approved by Plant Supervisor.",UNKNOWN
"DEBIT NOTE
Debit Note No: DC-6011
Debit Note Date: 12-01-2024
Against Original Invoice: INV-2425-45428
Issued By: TechnoMech Automation Solutions
GSTIN: 27AABC7172A1Z9
Issued To: MSME Precision Tools
Reason for Debit: Price undercharged in original invoice / Supplementary freight charges / Unbilled additional quantities
Description: Carbon Steel Seamless Pipe 2 inch NB
Underbilled Amount: Rs. 6442.23
Applicable GST (18%): Rs. 1159.60
Total Debit Value: Rs. 7601.83
We have debited your account with the above mentioned sum.
Authorized Signatory",DEBIT_NOTE
"MEETING MINUTES - PRODUCT DESIGN REVIEW
Date: 12-09-2024
Attendees: Engineering Team, Quality Team
Agenda: Review tolerances for new hydraulic valve housing prototype.
Action Items: Update CAD model with revised bore dimensions.",UNKNOWN
"ORIGINAL TAX INVOICE (FOR RECIPIENT)
Invoice No: INV-2425-50251
Date of Issue: 14-08-2024
PO Ref: PO-2024-8502
Supplier Name: Mahindra Tooling & Forging Ltd
PAN: AABCP9871M
GSTIN/UIN: 27AABC9579A1Z5
Place of Supply: 27-Maharashtra
Table of Supplies:
SI No | Item Description | Qty | Rate | Amount
01 | High Tensile Flange Nut M12 | 10 | 19.83 | 198.30
Total Taxable: 198.30
IGST @ 18%: 35.69
Gross Total: 233.99
Subject to Pune Jurisdiction only.",INVOICE
"BANK PAYMENT CONFIRMATION RECEIPT
Voucher ID: PAY-REC-505889
Date: 28-06-2024
Beneficiary Name: Sunrise Rubber & Polymer Components
Beneficiary A/c: 0029012955126
Transaction ID: CMS2024091800492
Settlement for Tax Invoice: INV-2425-42813
PO Number Ref: PO-2024-4913
Net Remitted: Rs. 30767.08
Status: SUCCESS - Transferred to beneficiary account.
Accounts Department Signature",PAYMENT_RECEIPT
"DEBIT NOTE
Debit Note No: DC-9314
Debit Note Date: 21-04-2024
Against Original Invoice: INV-2425-13343
Issued By: Vanguard Steel & Alloys Corp
GSTIN: 27AABC1710A1Z6
Issued To: MSME Precision Tools
Reason for Debit: Price undercharged in original invoice / Supplementary freight charges / Unbilled additional quantities
Description: Hydraulic Pressure Relief Valve 1/2 inch
Underbilled Amount: Rs. 46279.18
Applicable GST (18%): Rs. 8330.25
Total Debit Value: Rs. 54609.43
We have debited your account with the above mentioned sum.
Authorized Signatory",DEBIT_NOTE
"TAX CREDIT MEMORANDUM
CN Number: CN-2425-765
Date: 26-04-2024
Ref Invoice: INV-2425-13462
Vendor: National Electricals & Controls
Customer: MSME Works
Adjustment Details:
Price reduction agreed on Digital Vernier Caliper 0-150mm - Difference INR 5143.80
IGST Adjustment: INR 925.88
Net Credit Allowed: INR 6069.68
Authorized Signatory, Accounts Department",CREDIT_NOTE
"CREDIT NOTE
Credit Note No: CN-2425-251
Credit Note Date: 18-04-2024
Original Tax Invoice Ref: INV-2425-37764
Original Invoice Date: 05-08-2024
Issued By: Swaraj Pneumatic Systems
GSTIN: 27AABC8289A1Z9
Issued To: MSME Manufacturing Ltd
Reason for Credit: Rate difference / Return of damaged goods / Post-sale discount
Particulars:
Item: Hydraulic Pressure Relief Valve 1/2 inch
Quantity Returned / Adjusted: 50 NOS
Unit Rate: Rs. 1970.56
Credit Amount (Taxable): Rs. 17624.93
CGST 9%: Rs. 1586.24
SGST 9%: Rs. 1586.24
Total Credit Note Amount: Rs. 20797.42
We have credited your account with the above amount.",CREDIT_NOTE
"MATERIAL DISPATCH NOTE
Dispatch Memo: DC-9866
Date: 24-06-2024
Ref PO: PO-2024-1670
Vendor: Kirloskar Engineering Supplies
Delivered To: Central Stores, Unit II
Description: Carbon Steel Seamless Pipe 2 inch NB
Quantity Sent: 50 MTR
No of Cartons: 10
Received Ok by Stores Department.",DELIVERY_NOTE
"STANDARD PURCHASE ORDER
PO No: PO-2024-7978
Buyer: MSME Manufacturing Works
Supplier: Kirloskar Engineering Supplies
GSTIN: 27AABC5742A1Z6
Item Details:
Item Code: ITM-191, Description: High Tensile Flange Nut M12, Quantity: 100, Rate: 19.37, Taxable Value: 1937.00
Total Order Value: INR 1937.00
Special Instructions: Deliver with inspection certificate and warranty.",PURCHASE_ORDER
"FORMAL PRICE PROPOSAL
Quote ID: QUO-2024-974
Date: 14-05-2024
Customer: MSME Manufacturing
Supplier: Bharat Precision Fasteners
Estimated Schedule of Rates:
1. Pneumatic Cylinder Double Acting 50mm Bore - Unit Rate: INR 2604.83 (MOQ: 50 NOS)
GST: 18% extra
Delivery: Ex-works Pune
Warranty: 12 months from delivery date.
Commercial Terms: 100% against delivery.
Authorized Signatory: Bharat Precision Fasteners",QUOTATION
"FORMAL PRICE PROPOSAL
Quote ID: QUO-2024-907
Date: 09-01-2024
Customer: MSME Manufacturing
Supplier: Mahindra Tooling & Forging Ltd
Estimated Schedule of Rates:
1. Stainless Steel Hex Bolt M10x50mm - Unit Rate: INR 44.64 (MOQ: 50 PCS)
GST: 18% extra
Delivery: Ex-works Pune
Warranty: 12 months from delivery date.
Commercial Terms: 100% against delivery.
Authorized Signatory: Mahindra Tooling & Forging Ltd",QUOTATION
"TAX CREDIT MEMORANDUM
CN Number: CN-2425-578
Date: 28-02-2024
Ref Invoice: INV-2425-22392
Vendor: Swaraj Pneumatic Systems
Customer: MSME Works
Adjustment Details:
Price reduction agreed on Carbon Steel Seamless Pipe 2 inch NB - Difference INR 1538.44
IGST Adjustment: INR 276.92
Net Credit Allowed: INR 1815.36
Authorized Signatory, Accounts Department",CREDIT_NOTE
"EMPLOYEE LEAVE APPLICATION
Employee Name: Ramesh Shinde
Department: Assembly Line B
Leave Dates: 10th Oct to 12th Oct
Reason: Personal family function.
Approved by Plant Supervisor.",UNKNOWN
"TAX INVOICE
Invoice Number: INV-2425-81661
Invoice Date: 03-01-2024
PO Reference: PO-2024-3464
Seller: Mahindra Tooling & Forging Ltd
GSTIN: 27AABC3937A1Z7
Buyer: MSME Precision Components Ltd
Buyer GSTIN: 27AAACM1234F1Z5
Description of Goods: High Tensile Flange Nut M12
HSN Code: 84818030
Qty: 20 PCS
Unit Rate: INR 17.44
Taxable Value: INR 348.80
CGST 9%: INR 31.39
SGST 9%: INR 31.39
Total Invoice Amount: INR 411.58
Bank Account: HDFC Bank, IFSC: HDFC0001234, A/c: 5020001928374
For Mahindra Tooling & Forging Ltd - Authorized Signatory",INVOICE
"ORIGINAL TAX INVOICE (FOR RECIPIENT)
Invoice No: INV-2425-72238
Date of Issue: 05-05-2024
PO Ref: PO-2024-3387
Supplier Name: Premier Bearings & Power Transmission
PAN: AABCP9871M
GSTIN/UIN: 27AABC4470A1Z3
Place of Supply: 27-Maharashtra
Table of Supplies:
SI No | Item Description | Qty | Rate | Amount
01 | Pneumatic Cylinder Double Acting 50mm Bore | 200 | 2480.68 | 496136.00
Total Taxable: 496136.00
IGST @ 18%: 89304.48
Gross Total: 585440.48
Subject to Pune Jurisdiction only.",INVOICE
"MATERIAL DISPATCH NOTE
Dispatch Memo: DC-5965
Date: 10-02-2024
Ref PO: PO-2024-8627
Vendor: Mahindra Tooling & Forging Ltd
Delivered To: Central Stores, Unit II
Description: Nitrile Rubber O-Ring Kit 200pcs
Quantity Sent: 10 SET
No of Cartons: 10
Received Ok by Stores Department.",DELIVERY_NOTE
"COMMERCIAL TAX INVOICE
Bill No: INV-2425-85455
Bill Date: 14-06-2024
Against PO No: PO-2024-7507
Supplier: Kirloskar Engineering Supplies
State: Maharashtra, Code: 27
Consignee: Global MSME Solutions
Line Items:
1. Industrial Ball Bearing 6205-2RS | 100 NOS | Rate: Rs. 307.09 | Taxable: Rs. 30709.00 | IGST 18%: Rs. 5527.62 | Total: Rs. 36236.62
Amount in Words: INR 36236.62 only
E-Way Bill No: 541098234712
Declaration: Certified that particulars given above are true and correct.",INVOICE
"PURCHASE ORDER CONTRACT
PO#: PO-2024-7534
Date: 07-07-2024
To: Omkar Industrial Hardware
Shipment Mode: By Road
Delivery Location: Warehouse 4, Sector 12, Manesar
Line Item 1: High Tensile Flange Nut M12 - 200 Nos @ Rs. 19.05 each.
Subtotal: Rs. 3810.00
Applicable GST: 18%
Grand Total: Rs. 4495.80
Signature: Head of SCM",PURCHASE_ORDER
"BANK PAYMENT CONFIRMATION RECEIPT
Voucher ID: PAY-REC-144296
Date: 07-04-2024
Beneficiary Name: Kirloskar Engineering Supplies
Beneficiary A/c: 0029017752878
Transaction ID: CMS2024091800492
Settlement for Tax Invoice: INV-2425-27007
PO Number Ref: PO-2024-4556
Net Remitted: Rs. 864468.00
Status: SUCCESS - Transferred to beneficiary account.
Accounts Department Signature",PAYMENT_RECEIPT
"DELIVERY NOTE / CHALLAN
Delivery Challan No: DC-8125
Date of Dispatch: 04-06-2024
Against PO No: PO-2024-2921
Consignor: Sunrise Rubber & Polymer Components
Consignee: MSME Manufacturing Plant
Vehicle No: MH-12-RN-8821
Transporter: Apex Logistics
Driver Name: Suresh Patil (Mob: 9876543210)
Materials Dispatched:
1. Nitrile Rubber O-Ring Kit 200pcs - Dispatched Qty: 500 SET (Packages: 4 Wooden Crates)
Condition of Goods: Good condition, sealed boxes.
Received by: Stores In-charge (Signature & Date)
Goods received in full and sound condition.",DELIVERY_NOTE
"ORDER CONFIRMATION / PO
Purchase Order Ref: PO-2024-8649
Issued To: Premier Bearings & Power Transmission
Ship To: Plot 102, Chakan Industrial Area, Pune 410501
Order Date: 02-06-2024
Required Delivery Date: 05-10-2024
Items Ordered:
- Nitrile Rubber O-Ring Kit 200pcs | Quantity: 200 SET | Unit Rate: Rs. 441.48 | Total: Rs. 88296.00
Freight: Extra at actuals
GST: 18% extra
Prepared by: Purchase Dept",PURCHASE_ORDER
"GOODS DELIVERY CHALLAN
Challan Ref: DC-7323
Date: 24-04-2024
PO Reference: PO-2024-7003
From: Mahindra Tooling & Forging Ltd
To: MSME Engineering Works, Plot 8, MIDC Pune
Mode of Transport: Tempo MH-14-BT-1122
LR / GC No: 994821
Particulars:
- High Tensile Flange Nut M12 : Quantity Delivered: 50 PCS
Remarks: Material subject to quality inspection at gate.
Inspected & Received in good order.",DELIVERY_NOTE
"MATERIAL DISPATCH NOTE
Dispatch Memo: DC-6584
Date: 01-05-2024
Ref PO: PO-2024-1612
Vendor: Swaraj Pneumatic Systems
Delivered To: Central Stores, Unit II
Description: Tungsten Carbide Milling Insert TNMG160408
Quantity Sent: 100 BOX
No of Cartons: 10
Received Ok by Stores Department.",DELIVERY_NOTE
"ORIGINAL TAX INVOICE (FOR RECIPIENT)
Invoice No: INV-2425-36297
Date of Issue: 15-03-2024
PO Ref: PO-2024-4461
Supplier Name: Omkar Industrial Hardware
PAN: AABCP9871M
GSTIN/UIN: 27AABC3254A1Z7
Place of Supply: 27-Maharashtra
Table of Supplies:
SI No | Item Description | Qty | Rate | Amount
01 | Nitrile Rubber O-Ring Kit 200pcs | 100 | 519.54 | 51954.00
Total Taxable: 51954.00
IGST @ 18%: 9351.72
Gross Total: 61305.72
Subject to Pune Jurisdiction only.",INVOICE
"DELIVERY NOTE / CHALLAN
Delivery Challan No: DC-9813
Date of Dispatch: 23-02-2024
Against PO No: PO-2024-9986
Consignor: Sunrise Rubber & Polymer Components
Consignee: MSME Manufacturing Plant
Vehicle No: MH-12-RN-8821
Transporter: Apex Logistics
Driver Name: Suresh Patil (Mob: 9876543210)
Materials Dispatched:
1. Pneumatic Cylinder Double Acting 50mm Bore - Dispatched Qty: 100 NOS (Packages: 4 Wooden Crates)
Condition of Goods: Good condition, sealed boxes.
Received by: Stores In-charge (Signature & Date)
Goods received in full and sound condition.",DELIVERY_NOTE
"PAYMENT ADVICE & RECEIPT
Payment Slip Ref: PAY-REC-401252
Date of Remittance: 04-06-2024
Vendor: Vanguard Steel & Alloys Corp
Against Bill/Invoice No: INV-2425-28740
Cheque/NEFT No: 882910
Paid Amount: INR 335.12
Deductions (TDS/Retention): Rs. 0.00
Total Cleared: INR 335.12
Received with thanks from MSME Industries.",PAYMENT_RECEIPT
"CREDIT NOTE
Credit Note No: CN-2425-680
Credit Note Date: 17-03-2024
Original Tax Invoice Ref: INV-2425-85547
Original Invoice Date: 05-08-2024
Issued By: Shree Ganesh Hydraulic Spares
GSTIN: 27AABC4878A1Z8
Issued To: MSME Manufacturing Ltd
Reason for Credit: Rate difference / Return of damaged goods / Post-sale discount
Particulars:
Item: High Tensile Flange Nut M12
Quantity Returned / Adjusted: 50 PCS
Unit Rate: Rs. 18.63
Credit Amount (Taxable): Rs. 166.03
CGST 9%: Rs. 14.94
SGST 9%: Rs. 14.94
Total Credit Note Amount: Rs. 195.92
We have credited your account with the above amount.",CREDIT_NOTE
"BANK PAYMENT CONFIRMATION RECEIPT
Voucher ID: PAY-REC-718267
Date: 07-08-2024
Beneficiary Name: National Electricals & Controls
Beneficiary A/c: 0029014740164
Transaction ID: CMS2024091800492
Settlement for Tax Invoice: INV-2425-45914
PO Number Ref: PO-2024-2681
Net Remitted: Rs. 24927.50
Status: SUCCESS - Transferred to beneficiary account.
Accounts Department Signature",PAYMENT_RECEIPT
"TAX INVOICE
Invoice Number: INV-2425-70834
Invoice Date: 05-06-2024
PO Reference: PO-2024-4265
Seller: Premier Bearings & Power Transmission
GSTIN: 27AABC1699A1Z2
Buyer: MSME Precision Components Ltd
Buyer GSTIN: 27AAACM1234F1Z5
Description of Goods: Stainless Steel Hex Bolt M10x50mm
HSN Code: 84818030
Qty: 20 PCS
Unit Rate: INR 47.69
Taxable Value: INR 953.80
CGST 9%: INR 85.84
SGST 9%: INR 85.84
Total Invoice Amount: INR 1125.48
Bank Account: HDFC Bank, IFSC: HDFC0001234, A/c: 5020001928374
For Premier Bearings & Power Transmission - Authorized Signatory",INVOICE
"DEBIT NOTE
Debit Note No: DC-9172
Debit Note Date: 08-07-2024
Against Original Invoice: INV-2425-66601
Issued By: TechnoMech Automation Solutions
GSTIN: 27AABC1934A1Z5
Issued To: MSME Precision Tools
Reason for Debit: Price undercharged in original invoice / Supplementary freight charges / Unbilled additional quantities
Description: Stainless Steel Hex Bolt M10x50mm
Underbilled Amount: Rs. 198.00
Applicable GST (18%): Rs. 35.64
Total Debit Value: Rs. 233.64
We have debited your account with the above mentioned sum.
Authorized Signatory",DEBIT_NOTE
"FORMAL PRICE PROPOSAL
Quote ID: QUO-2024-760
Date: 07-04-2024
Customer: MSME Manufacturing
Supplier: TechnoMech Automation Solutions
Estimated Schedule of Rates:
1. Nitrile Rubber O-Ring Kit 200pcs - Unit Rate: INR 507.53 (MOQ: 50 SET)
GST: 18% extra
Delivery: Ex-works Pune
Warranty: 12 months from delivery date.
Commercial Terms: 100% against delivery.
Authorized Signatory: TechnoMech Automation Solutions",QUOTATION
"QUOTATION / PRICE ESTIMATE
Quotation Ref: QUO-2024-529
Quote Date: 11-07-2024
Valid Until: 13-11-2024
To: Procurement Team, MSME Works
From: Premier Bearings & Power Transmission
Dear Sir, We are pleased to quote our lowest rates:
Item: Digital Vernier Caliper 0-150mm
Offered Unit Price: Rs. 1193.47 per NOS
Lead Time: 10 working days from PO confirmation.
Payment Terms: 30 days credit from invoice date.
Validity: 30 days from quote date.
Looking forward to your valued Purchase Order.
Best Regards, Sales Manager, Premier Bearings & Power Transmission",QUOTATION
"DEBIT NOTE
Debit Note No: DC-7291
Debit Note Date: 16-06-2024
Against Original Invoice: INV-2425-66282
Issued By: TechnoMech Automation Solutions
GSTIN: 27AABC3480A1Z3
Issued To: MSME Precision Tools
Reason for Debit: Price undercharged in original invoice / Supplementary freight charges / Unbilled additional quantities
Description: Tungsten Carbide Milling Insert TNMG160408
Underbilled Amount: Rs. 26463.70
Applicable GST (18%): Rs. 4763.47
Total Debit Value: Rs. 31227.17
We have debited your account with the above mentioned sum.
Authorized Signatory",DEBIT_NOTE
"INVOICE
Doc No: INV-2425-58690
Date: 08-01-2024
Ref Purchase Order: PO-2024-3582
From: Vanguard Steel & Alloys Corp
To: Bharat Engineering MSME
Summary:
Item: Tungsten Carbide Milling Insert TNMG160408
Quantity Supplied: 500
Price per unit: Rs. 1472.96
Net Amount: Rs. 736480.00
Add GST 18%: Rs. 132566.40
Invoice Total: Rs. 869046.40
Payment Due Date: 22-10-2024
Please remit payment to State Bank of India A/c: 30981723481",INVOICE
"QUOTATION / PRICE ESTIMATE
Quotation Ref: QUO-2024-828
Quote Date: 09-02-2024
Valid Until: 21-11-2024
To: Procurement Team, MSME Works
From: Shree Ganesh Hydraulic Spares
Dear Sir, We are pleased to quote our lowest rates:
Item: Carbon Steel Seamless Pipe 2 inch NB
Offered Unit Price: Rs. 656.05 per MTR
Lead Time: 10 working days from PO confirmation.
Payment Terms: 30 days credit from invoice date.
Validity: 30 days from quote date.
Looking forward to your valued Purchase Order.
Best Regards, Sales Manager, Shree Ganesh Hydraulic Spares",QUOTATION
"BANK PAYMENT CONFIRMATION RECEIPT
Voucher ID: PAY-REC-365380
Date: 09-08-2024
Beneficiary Name: Kirloskar Engineering Supplies
Beneficiary A/c: 0029012860753
Transaction ID: CMS2024091800492
Settlement for Tax Invoice: INV-2425-42512
PO Number Ref: PO-2024-8506
Net Remitted: Rs. 208.74
Status: SUCCESS - Transferred to beneficiary account.
Accounts Department Signature",PAYMENT_RECEIPT
"TAX CREDIT MEMORANDUM
CN Number: CN-2425-848
Date: 11-07-2024
Ref Invoice: INV-2425-31665
Vendor: Sunrise Rubber & Polymer Components
Customer: MSME Works
Adjustment Details:
Price reduction agreed on Carbon Steel Seamless Pipe 2 inch NB - Difference INR 1966.28
IGST Adjustment: INR 353.93
Net Credit Allowed: INR 2320.21
Authorized Signatory, Accounts Department",CREDIT_NOTE
"BANK PAYMENT CONFIRMATION RECEIPT
Voucher ID: PAY-REC-817093
Date: 20-09-2024
Beneficiary Name: Sunrise Rubber & Polymer Components
Beneficiary A/c: 0029014022497
Transaction ID: CMS2024091800492
Settlement for Tax Invoice: INV-2425-46842
PO Number Ref: PO-2024-5384
Net Remitted: Rs. 119612.35
Status: SUCCESS - Transferred to beneficiary account.
Accounts Department Signature",PAYMENT_RECEIPT
"QUOTATION / PRICE ESTIMATE
Quotation Ref: QUO-2024-419
Quote Date: 19-08-2024
Valid Until: 19-11-2024
To: Procurement Team, MSME Works
From: Vanguard Steel & Alloys Corp
Dear Sir, We are pleased to quote our lowest rates:
Item: Tungsten Carbide Milling Insert TNMG160408
Offered Unit Price: Rs. 1428.04 per BOX
Lead Time: 10 working days from PO confirmation.
Payment Terms: 30 days credit from invoice date.
Validity: 30 days from quote date.
Looking forward to your valued Purchase Order.
Best Regards, Sales Manager, Vanguard Steel & Alloys Corp",QUOTATION
"DEBIT NOTE
Debit Note No: DC-6027
Debit Note Date: 08-07-2024
Against Original Invoice: INV-2425-53226
Issued By: Sunrise Rubber & Polymer Components
GSTIN: 27AABC7111A1Z7
Issued To: MSME Precision Tools
Reason for Debit: Price undercharged in original invoice / Supplementary freight charges / Unbilled additional quantities
Description: Tungsten Carbide Milling Insert TNMG160408
Underbilled Amount: Rs. 8234.43
Applicable GST (18%): Rs. 1482.20
Total Debit Value: Rs. 9716.63
We have debited your account with the above mentioned sum.
Authorized Signatory",DEBIT_NOTE
"COMMERCIAL PURCHASE ORDER
Order ID: PO-2024-3019
Vendor Name: Premier Bearings & Power Transmission
Billing Address: Plot 45, Industrial Estate, Pune
Date of Order: 06-09-2024
Scope of Supply:
- High Tensile Flange Nut M12 (Qty: 10, Unit Price: 20.03, Amount: 200.30)
Payment: 100% against Delivery Note and Tax Invoice.
Authorized by Procurement Manager.",PURCHASE_ORDER
"ORIGINAL TAX INVOICE (FOR RECIPIENT)
Invoice No: INV-2425-34159
Date of Issue: 01-05-2024
PO Ref: PO-2024-2377
Supplier Name: Sunrise Rubber & Polymer Components
PAN: AABCP9871M
GSTIN/UIN: 27AABC2066A1Z8
Place of Supply: 27-Maharashtra
Table of Supplies:
SI No | Item Description | Qty | Rate | Amount
01 | Pneumatic Cylinder Double Acting 50mm Bore | 200 | 2591.97 | 518394.00
Total Taxable: 518394.00
IGST @ 18%: 93310.92
Gross Total: 611704.92
Subject to Pune Jurisdiction only.",INVOICE
"FORMAL PRICE PROPOSAL
Quote ID: QUO-2024-920
Date: 05-07-2024
Customer: MSME Manufacturing
Supplier: Sunrise Rubber & Polymer Components
Estimated Schedule of Rates:
1. High Tensile Flange Nut M12 - Unit Rate: INR 19.58 (MOQ: 50 PCS)
GST: 18% extra
Delivery: Ex-works Pune
Warranty: 12 months from delivery date.
Commercial Terms: 100% against delivery.
Authorized Signatory: Sunrise Rubber & Polymer Components",QUOTATION
"PAYMENT RECEIPT / VOUCHER
Receipt No: PAY-REC-517978
Payment Date: 24-04-2024
Paid To: Kirloskar Engineering Supplies
Paid By: MSME Auto Components Ltd
Payment Method: NEFT / RTGS Transfer
Bank Transaction Ref / UTR: UTR-HDFC-99182374192
Invoice Reference: INV-2425-45146
Amount Paid: INR 30154.19
Amount in Words: INR 30154.19 only
Payment towards full/part settlement of Invoice INV-2425-45146
Authorized Accounts Officer: Rajeev Kumar",PAYMENT_RECEIPT
"PURCHASE ORDER
PO Number: PO-2024-2551
Date: 24-04-2024
Vendor: Premier Bearings & Power Transmission
Delivery Address: Plot 102, Chakan Industrial Area, Pune 410501
Payment Terms: Net 30 Days
Line Items:
1. Hydraulic Pressure Relief Valve 1/2 inch - Qty: 500 @ INR 1868.04/unit = INR 934020.00
Authorized Signatory
Terms & Conditions: Goods must be delivered within 15 days.",PURCHASE_ORDER
"BANK PAYMENT CONFIRMATION RECEIPT
Voucher ID: PAY-REC-665487
Date: 12-09-2024
Beneficiary Name: Kirloskar Engineering Supplies
Beneficiary A/c: 0029016233839
Transaction ID: CMS2024091800492
Settlement for Tax Invoice: INV-2425-18545
PO Number Ref: PO-2024-2690
Net Remitted: Rs. 364842.78
Status: SUCCESS - Transferred to beneficiary account.
Accounts Department Signature",PAYMENT_RECEIPT
"PURCHASE ORDER CONTRACT
PO#: PO-2024-4325
Date: 23-08-2024
To: Premier Bearings & Power Transmission
Shipment Mode: By Road
Delivery Location: Warehouse 4, Sector 12, Manesar
Line Item 1: Nitrile Rubber O-Ring Kit 200pcs - 20 Nos @ Rs. 443.88 each.
Subtotal: Rs. 8877.60
Applicable GST: 18%
Grand Total: Rs. 10475.57
Signature: Head of SCM",PURCHASE_ORDER
"ORIGINAL TAX INVOICE (FOR RECIPIENT)
Invoice No: INV-2425-63525
Date of Issue: 05-09-2024
PO Ref: PO-2024-7816
Supplier Name: Apex Industrial Tools Pvt Ltd
PAN: AABCP9871M
GSTIN/UIN: 27AABC4982A1Z9
Place of Supply: 27-Maharashtra
Table of Supplies:
SI No | Item Description | Qty | Rate | Amount
01 | Nitrile Rubber O-Ring Kit 200pcs | 100 | 437.03 | 43703.00
Total Taxable: 43703.00
IGST @ 18%: 7866.54
Gross Total: 51569.54
Subject to Pune Jurisdiction only.",INVOICE
"QUOTATION / PRICE ESTIMATE
Quotation Ref: QUO-2024-924
Quote Date: 02-02-2024
Valid Until: 13-11-2024
To: Procurement Team, MSME Works
From: Kirloskar Engineering Supplies
Dear Sir, We are pleased to quote our lowest rates:
Item: Viton Seal Gasket 100mm OD
Offered Unit Price: Rs. 104.47 per PCS
Lead Time: 10 working days from PO confirmation.
Payment Terms: 30 days credit from invoice date.
Validity: 30 days from quote date.
Looking forward to your valued Purchase Order.
Best Regards, Sales Manager, Kirloskar Engineering Supplies",QUOTATION
"QUOTATION / PRICE ESTIMATE
Quotation Ref: QUO-2024-787
Quote Date: 16-08-2024
Valid Until: 24-11-2024
To: Procurement Team, MSME Works
From: Mahindra Tooling & Forging Ltd
Dear Sir, We are pleased to quote our lowest rates:
Item: Viton Seal Gasket 100mm OD
Offered Unit Price: Rs. 100.71 per PCS
Lead Time: 10 working days from PO confirmation.
Payment Terms: 30 days credit from invoice date.
Validity: 30 days from quote date.
Looking forward to your valued Purchase Order.
Best Regards, Sales Manager, Mahindra Tooling & Forging Ltd",QUOTATION
"PAYMENT ADVICE & RECEIPT
Payment Slip Ref: PAY-REC-193804
Date of Remittance: 22-06-2024
Vendor: Omkar Industrial Hardware
Against Bill/Invoice No: INV-2425-29522
Cheque/NEFT No: 882910
Paid Amount: INR 6974.51
Deductions (TDS/Retention): Rs. 0.00
Total Cleared: INR 6974.51
Received with thanks from MSME Industries.",PAYMENT_RECEIPT
"DEBIT NOTE
Debit Note No: DC-7960
Debit Note Date: 16-06-2024
Against Original Invoice: INV-2425-12610
Issued By: TechnoMech Automation Solutions
GSTIN: 27AABC7499A1Z6
Issued To: MSME Precision Tools
Reason for Debit: Price undercharged in original invoice / Supplementary freight charges / Unbilled additional quantities
Description: Stainless Steel Hex Bolt M10x50mm
Underbilled Amount: Rs. 868.95
Applicable GST (18%): Rs. 156.41
Total Debit Value: Rs. 1025.36
We have debited your account with the above mentioned sum.
Authorized Signatory",DEBIT_NOTE
"MATERIAL DISPATCH NOTE
Dispatch Memo: DC-9040
Date: 16-06-2024
Ref PO: PO-2024-4335
Vendor: TechnoMech Automation Solutions
Delivered To: Central Stores, Unit II
Description: Viton Seal Gasket 100mm OD
Quantity Sent: 10 PCS
No of Cartons: 10
Received Ok by Stores Department.",DELIVERY_NOTE
"DEBIT NOTE
Debit Note No: DC-8573
Debit Note Date: 17-01-2024
Against Original Invoice: INV-2425-20339
Issued By: Vanguard Steel & Alloys Corp
GSTIN: 27AABC8649A1Z3
Issued To: MSME Precision Tools
Reason for Debit: Price undercharged in original invoice / Supplementary freight charges / Unbilled additional quantities
Description: Pneumatic Cylinder Double Acting 50mm Bore
Underbilled Amount: Rs. 72769.85
Applicable GST (18%): Rs. 13098.57
Total Debit Value: Rs. 85868.42
We have debited your account with the above mentioned sum.
Authorized Signatory",DEBIT_NOTE
"DEBIT NOTE
Debit Note No: DC-9661
Debit Note Date: 11-03-2024
Against Original Invoice: INV-2425-33797
Issued By: Omkar Industrial Hardware
GSTIN: 27AABC1212A1Z4
Issued To: MSME Precision Tools
Reason for Debit: Price undercharged in original invoice / Supplementary freight charges / Unbilled additional quantities
Description: Tungsten Carbide Milling Insert TNMG160408
Underbilled Amount: Rs. 2473.56
Applicable GST (18%): Rs. 445.24
Total Debit Value: Rs. 2918.80
We have debited your account with the above mentioned sum.
Authorized Signatory",DEBIT_NOTE
"ORDER CONFIRMATION / PO
Purchase Order Ref: PO-2024-1386
Issued To: Mahindra Tooling & Forging Ltd
Ship To: Plot 102, Chakan Industrial Area, Pune 410501
Order Date: 23-06-2024
Required Delivery Date: 13-10-2024
Items Ordered:
- Digital Vernier Caliper 0-150mm | Quantity: 200 NOS | Unit Rate: Rs. 1180.46 | Total: Rs. 236092.00
Freight: Extra at actuals
GST: 18% extra
Prepared by: Purchase Dept",PURCHASE_ORDER
"COMMERCIAL PURCHASE ORDER
Order ID: PO-2024-5523
Vendor Name: Shree Ganesh Hydraulic Spares
Billing Address: Plot 45, Industrial Estate, Pune
Date of Order: 08-07-2024
Scope of Supply:
- Tungsten Carbide Milling Insert TNMG160408 (Qty: 20, Unit Price: 1338.44, Amount: 26768.80)
Payment: 100% against Delivery Note and Tax Invoice.
Authorized by Procurement Manager.",PURCHASE_ORDER
"ORIGINAL TAX INVOICE (FOR RECIPIENT)
Invoice No: INV-2425-28160
Date of Issue: 26-02-2024
PO Ref: PO-2024-4517
Supplier Name: Mahindra Tooling & Forging Ltd
PAN: AABCP9871M
GSTIN/UIN: 27AABC2126A1Z9
Place of Supply: 27-Maharashtra
Table of Supplies:
SI No | Item Description | Qty | Rate | Amount
01 | High Tensile Flange Nut M12 | 200 | 18.80 | 3760.00
Total Taxable: 3760.00
IGST @ 18%: 676.80
Gross Total: 4436.80
Subject to Pune Jurisdiction only.",INVOICE
"PAYMENT RECEIPT / VOUCHER
Receipt No: PAY-REC-175966
Payment Date: 21-09-2024
Paid To: Apex Industrial Tools Pvt Ltd
Paid By: MSME Auto Components Ltd
Payment Method: NEFT / RTGS Transfer
Bank Transaction Ref / UTR: UTR-HDFC-99182374192
Invoice Reference: INV-2425-77381
Amount Paid: INR 5680.62
Amount in Words: INR 5680.62 only
Payment towards full/part settlement of Invoice INV-2425-77381
Authorized Accounts Officer: Rajeev Kumar",PAYMENT_RECEIPT
"TAX CREDIT MEMORANDUM
CN Number: CN-2425-961
Date: 08-06-2024
Ref Invoice: INV-2425-38205
Vendor: Premier Bearings & Power Transmission
Customer: MSME Works
Adjustment Details:
Price reduction agreed on Hydraulic Pressure Relief Valve 1/2 inch - Difference INR 1115.77
IGST Adjustment: INR 200.84
Net Credit Allowed: INR 1316.61
Authorized Signatory, Accounts Department",CREDIT_NOTE
"PURCHASE ORDER
PO Number: PO-2024-6660
Date: 16-05-2024
Vendor: Kirloskar Engineering Supplies
Delivery Address: Plot 102, Chakan Industrial Area, Pune 410501
Payment Terms: Net 30 Days
Line Items:
1. Digital Vernier Caliper 0-150mm - Qty: 20 @ INR 1195.61/unit = INR 23912.20
Authorized Signatory
Terms & Conditions: Goods must be delivered within 15 days.",PURCHASE_ORDER
"PAYMENT ADVICE & RECEIPT
Payment Slip Ref: PAY-REC-874744
Date of Remittance: 15-08-2024
Vendor: Premier Bearings & Power Transmission
Against Bill/Invoice No: INV-2425-29488
Cheque/NEFT No: 882910
Paid Amount: INR 855.74
Deductions (TDS/Retention): Rs. 0.00
Total Cleared: INR 855.74
Received with thanks from MSME Industries.",PAYMENT_RECEIPT
"ORDER CONFIRMATION / PO
Purchase Order Ref: PO-2024-4292
Issued To: Mahindra Tooling & Forging Ltd
Ship To: Plot 102, Chakan Industrial Area, Pune 410501
Order Date: 01-03-2024
Required Delivery Date: 17-10-2024
Items Ordered:
- High Tensile Flange Nut M12 | Quantity: 100 PCS | Unit Rate: Rs. 19.71 | Total: Rs. 1971.00
Freight: Extra at actuals
GST: 18% extra
Prepared by: Purchase Dept",PURCHASE_ORDER
"CREDIT NOTE
Credit Note No: CN-2425-634
Credit Note Date: 02-03-2024
Original Tax Invoice Ref: INV-2425-21484
Original Invoice Date: 05-08-2024
Issued By: Vanguard Steel & Alloys Corp
GSTIN: 27AABC9423A1Z7
Issued To: MSME Manufacturing Ltd
Reason for Credit: Rate difference / Return of damaged goods / Post-sale discount
Particulars:
Item: High Tensile Flange Nut M12
Quantity Returned / Adjusted: 20 PCS
Unit Rate: Rs. 18.59
Credit Amount (Taxable): Rs. 30.93
CGST 9%: Rs. 2.78
SGST 9%: Rs. 2.78
Total Credit Note Amount: Rs. 36.50
We have credited your account with the above amount.",CREDIT_NOTE
"FORMAL PRICE PROPOSAL
Quote ID: QUO-2024-742
Date: 21-05-2024
Customer: MSME Manufacturing
Supplier: Bharat Precision Fasteners
Estimated Schedule of Rates:
1. Tungsten Carbide Milling Insert TNMG160408 - Unit Rate: INR 1371.54 (MOQ: 50 BOX)
GST: 18% extra
Delivery: Ex-works Pune
Warranty: 12 months from delivery date.
Commercial Terms: 100% against delivery.
Authorized Signatory: Bharat Precision Fasteners",QUOTATION
"DEBIT NOTE
Debit Note No: DC-9159
Debit Note Date: 20-05-2024
Against Original Invoice: INV-2425-10286
Issued By: Vanguard Steel & Alloys Corp
GSTIN: 27AABC8942A1Z3
Issued To: MSME Precision Tools
Reason for Debit: Price undercharged in original invoice / Supplementary freight charges / Unbilled additional quantities
Description: Pneumatic Cylinder Double Acting 50mm Bore
Underbilled Amount: Rs. 11988.86
Applicable GST (18%): Rs. 2157.99
Total Debit Value: Rs. 14146.85
We have debited your account with the above mentioned sum.
Authorized Signatory",DEBIT_NOTE
"PURCHASE ORDER CONTRACT
PO#: PO-2024-7595
Date: 27-09-2024
To: Omkar Industrial Hardware
Shipment Mode: By Road
Delivery Location: Warehouse 4, Sector 12, Manesar
Line Item 1: Nitrile Rubber O-Ring Kit 200pcs - 100 Nos @ Rs. 437.61 each.
Subtotal: Rs. 43761.00
Applicable GST: 18%
Grand Total: Rs. 51637.98
Signature: Head of SCM",PURCHASE_ORDER
"PAYMENT ADVICE & RECEIPT
Payment Slip Ref: PAY-REC-610467
Date of Remittance: 09-04-2024
Vendor: National Electricals & Controls
Against Bill/Invoice No: INV-2425-87618
Cheque/NEFT No: 882910
Paid Amount: INR 890646.30
Deductions (TDS/Retention): Rs. 0.00
Total Cleared: INR 890646.30
Received with thanks from MSME Industries.",PAYMENT_RECEIPT
"BANK PAYMENT CONFIRMATION RECEIPT
Voucher ID: PAY-REC-221264
Date: 11-07-2024
Beneficiary Name: Apex Industrial Tools Pvt Ltd
Beneficiary A/c: 0029011848112
Transaction ID: CMS2024091800492
Settlement for Tax Invoice: INV-2425-34716
PO Number Ref: PO-2024-6982
Net Remitted: Rs. 19608.65
Status: SUCCESS - Transferred to beneficiary account.
Accounts Department Signature",PAYMENT_RECEIPT
"DEBIT NOTE
Debit Note No: DC-5593
Debit Note Date: 19-08-2024
Against Original Invoice: INV-2425-17348
Issued By: Swaraj Pneumatic Systems
GSTIN: 27AABC9778A1Z7
Issued To: MSME Precision Tools
Reason for Debit: Price undercharged in original invoice / Supplementary freight charges / Unbilled additional quantities
Description: Pneumatic Cylinder Double Acting 50mm Bore
Underbilled Amount: Rs. 165549.39
Applicable GST (18%): Rs. 29798.89
Total Debit Value: Rs. 195348.28
We have debited your account with the above mentioned sum.
Authorized Signatory",DEBIT_NOTE
"DEBIT NOTE
Debit Note No: DC-8690
Debit Note Date: 07-05-2024
Against Original Invoice: INV-2425-21125
Issued By: Bharat Precision Fasteners
GSTIN: 27AABC7032A1Z3
Issued To: MSME Precision Tools
Reason for Debit: Price undercharged in original invoice / Supplementary freight charges / Unbilled additional quantities
Description: Digital Vernier Caliper 0-150mm
Underbilled Amount: Rs. 1829.36
Applicable GST (18%): Rs. 329.28
Total Debit Value: Rs. 2158.64
We have debited your account with the above mentioned sum.
Authorized Signatory",DEBIT_NOTE
"QUOTATION / PRICE ESTIMATE
Quotation Ref: QUO-2024-976
Quote Date: 14-03-2024
Valid Until: 25-11-2024
To: Procurement Team, MSME Works
From: Sunrise Rubber & Polymer Components
Dear Sir, We are pleased to quote our lowest rates:
Item: Pneumatic Cylinder Double Acting 50mm Bore
Offered Unit Price: Rs. 2976.89 per NOS
Lead Time: 10 working days from PO confirmation.
Payment Terms: 30 days credit from invoice date.
Validity: 30 days from quote date.
Looking forward to your valued Purchase Order.
Best Regards, Sales Manager, Sunrise Rubber & Polymer Components",QUOTATION
"PAYMENT RECEIPT / VOUCHER
Receipt No: PAY-REC-776140
Payment Date: 22-05-2024
Paid To: Premier Bearings & Power Transmission
Paid By: MSME Auto Components Ltd
Payment Method: NEFT / RTGS Transfer
Bank Transaction Ref / UTR: UTR-HDFC-99182374192
Invoice Reference: INV-2425-27905
Amount Paid: INR 11214.53
Amount in Words: INR 11214.53 only
Payment towards full/part settlement of Invoice INV-2425-27905
Authorized Accounts Officer: Rajeev Kumar",PAYMENT_RECEIPT
"PAYMENT RECEIPT / VOUCHER
Receipt No: PAY-REC-909108
Payment Date: 25-05-2024
Paid To: Bharat Precision Fasteners
Paid By: MSME Auto Components Ltd
Payment Method: NEFT / RTGS Transfer
Bank Transaction Ref / UTR: UTR-HDFC-99182374192
Invoice Reference: INV-2425-89501
Amount Paid: INR 192061.52
Amount in Words: INR 192061.52 only
Payment towards full/part settlement of Invoice INV-2425-89501
Authorized Accounts Officer: Rajeev Kumar",PAYMENT_RECEIPT
"GOODS DELIVERY CHALLAN
Challan Ref: DC-5804
Date: 12-02-2024
PO Reference: PO-2024-8059
From: Vanguard Steel & Alloys Corp
To: MSME Engineering Works, Plot 8, MIDC Pune
Mode of Transport: Tempo MH-14-BT-1122
LR / GC No: 994821
Particulars:
- High Tensile Flange Nut M12 : Quantity Delivered: 50 PCS
Remarks: Material subject to quality inspection at gate.
Inspected & Received in good order.",DELIVERY_NOTE
"CREDIT NOTE
Credit Note No: CN-2425-605
Credit Note Date: 05-06-2024
Original Tax Invoice Ref: INV-2425-15149
Original Invoice Date: 26-08-2024
Issued By: TechnoMech Automation Solutions
GSTIN: 27AABC6185A1Z3
Issued To: MSME Manufacturing Ltd
Reason for Credit: Rate difference / Return of damaged goods / Post-sale discount
Particulars:
Item: Pneumatic Cylinder Double Acting 50mm Bore
Quantity Returned / Adjusted: 200 NOS
Unit Rate: Rs. 2573.85
Credit Amount (Taxable): Rs. 63437.79
CGST 9%: Rs. 5709.40
SGST 9%: Rs. 5709.40
Total Credit Note Amount: Rs. 74856.59
We have credited your account with the above amount.",CREDIT_NOTE
"ORDER CONFIRMATION / PO
Purchase Order Ref: PO-2024-7820
Issued To: TechnoMech Automation Solutions
Ship To: Plot 102, Chakan Industrial Area, Pune 410501
Order Date: 17-09-2024
Required Delivery Date: 03-10-2024
Items Ordered:
- Carbon Steel Seamless Pipe 2 inch NB | Quantity: 500 MTR | Unit Rate: Rs. 640.36 | Total: Rs. 320180.00
Freight: Extra at actuals
GST: 18% extra
Prepared by: Purchase Dept",PURCHASE_ORDER
"MATERIAL DISPATCH NOTE
Dispatch Memo: DC-8959
Date: 03-05-2024
Ref PO: PO-2024-6040
Vendor: Kirloskar Engineering Supplies
Delivered To: Central Stores, Unit II
Description: Nitrile Rubber O-Ring Kit 200pcs
Quantity Sent: 20 SET
No of Cartons: 10
Received Ok by Stores Department.",DELIVERY_NOTE
"COMMERCIAL PURCHASE ORDER
Order ID: PO-2024-8534
Vendor Name: Kirloskar Engineering Supplies
Billing Address: Plot 45, Industrial Estate, Pune
Date of Order: 26-02-2024
Scope of Supply:
- Digital Vernier Caliper 0-150mm (Qty: 500, Unit Price: 1187.10, Amount: 593550.00)
Payment: 100% against Delivery Note and Tax Invoice.
Authorized by Procurement Manager.",PURCHASE_ORDER
"PAYMENT RECEIPT / VOUCHER
Receipt No: PAY-REC-778272
Payment Date: 25-02-2024
Paid To: Swaraj Pneumatic Systems
Paid By: MSME Auto Components Ltd
Payment Method: NEFT / RTGS Transfer
Bank Transaction Ref / UTR: UTR-HDFC-99182374192
Invoice Reference: INV-2425-10935
Amount Paid: INR 23094.96
Amount in Words: INR 23094.96 only
Payment towards full/part settlement of Invoice INV-2425-10935
Authorized Accounts Officer: Rajeev Kumar",PAYMENT_RECEIPT
"QUOTATION / PRICE ESTIMATE
Quotation Ref: QUO-2024-244
Quote Date: 22-05-2024
Valid Until: 28-11-2024
To: Procurement Team, MSME Works
From: Sunrise Rubber & Polymer Components
Dear Sir, We are pleased to quote our lowest rates:
Item: Viton Seal Gasket 100mm OD
Offered Unit Price: Rs. 100.59 per PCS
Lead Time: 10 working days from PO confirmation.
Payment Terms: 30 days credit from invoice date.
Validity: 30 days from quote date.
Looking forward to your valued Purchase Order.
Best Regards, Sales Manager, Sunrise Rubber & Polymer Components",QUOTATION
"COMMERCIAL TAX INVOICE
Bill No: INV-2425-15998
Bill Date: 19-01-2024
Against PO No: PO-2024-1459
Supplier: Mahindra Tooling & Forging Ltd
State: Maharashtra, Code: 27
Consignee: Global MSME Solutions
Line Items:
1. High Tensile Flange Nut M12 | 500 PCS | Rate: Rs. 18.07 | Taxable: Rs. 9035.00 | IGST 18%: Rs. 1626.30 | Total: Rs. 10661.30
Amount in Words: INR 10661.30 only
E-Way Bill No: 541098234712
Declaration: Certified that particulars given above are true and correct.",INVOICE
"FORMAL PRICE PROPOSAL
Quote ID: QUO-2024-279
Date: 21-05-2024
Customer: MSME Manufacturing
Supplier: Mahindra Tooling & Forging Ltd
Estimated Schedule of Rates:
1. Industrial Ball Bearing 6205-2RS - Unit Rate: INR 343.25 (MOQ: 50 NOS)
GST: 18% extra
Delivery: Ex-works Pune
Warranty: 12 months from delivery date.
Commercial Terms: 100% against delivery.
Authorized Signatory: Mahindra Tooling & Forging Ltd",QUOTATION
"PAYMENT ADVICE & RECEIPT
Payment Slip Ref: PAY-REC-454288
Date of Remittance: 12-02-2024
Vendor: TechnoMech Automation Solutions
Against Bill/Invoice No: INV-2425-66143
Cheque/NEFT No: 882910
Paid Amount: INR 26360.35
Deductions (TDS/Retention): Rs. 0.00
Total Cleared: INR 26360.35
Received with thanks from MSME Industries.",PAYMENT_RECEIPT
"MEETING MINUTES - PRODUCT DESIGN REVIEW
Date: 12-09-2024
Attendees: Engineering Team, Quality Team
Agenda: Review tolerances for new hydraulic valve housing prototype.
Action Items: Update CAD model with revised bore dimensions.",UNKNOWN
"COMMERCIAL PURCHASE ORDER
Order ID: PO-2024-5141
Vendor Name: Omkar Industrial Hardware
Billing Address: Plot 45, Industrial Estate, Pune
Date of Order: 15-08-2024
Scope of Supply:
- Pneumatic Cylinder Double Acting 50mm Bore (Qty: 200, Unit Price: 2553.34, Amount: 510668.00)
Payment: 100% against Delivery Note and Tax Invoice.
Authorized by Procurement Manager.",PURCHASE_ORDER
"DEBIT NOTE
Debit Note No: DC-5158
Debit Note Date: 20-06-2024
Against Original Invoice: INV-2425-73235
Issued By: Premier Bearings & Power Transmission
GSTIN: 27AABC4947A1Z3
Issued To: MSME Precision Tools
Reason for Debit: Price undercharged in original invoice / Supplementary freight charges / Unbilled additional quantities
Description: Stainless Steel Hex Bolt M10x50mm
Underbilled Amount: Rs. 1847.08
Applicable GST (18%): Rs. 332.47
Total Debit Value: Rs. 2179.55
We have debited your account with the above mentioned sum.
Authorized Signatory",DEBIT_NOTE
"INVOICE
Doc No: INV-2425-97622
Date: 18-02-2024
Ref Purchase Order: PO-2024-8588
From: National Electricals & Controls
To: Bharat Engineering MSME
Summary:
Item: Tungsten Carbide Milling Insert TNMG160408
Quantity Supplied: 100
Price per unit: Rs. 1397.61
Net Amount: Rs. 139761.00
Add GST 18%: Rs. 25156.98
Invoice Total: Rs. 164917.98
Payment Due Date: 05-10-2024
Please remit payment to State Bank of India A/c: 30981723481",INVOICE
"QUOTATION / PRICE ESTIMATE
Quotation Ref: QUO-2024-708
Quote Date: 08-01-2024
Valid Until: 18-11-2024
To: Procurement Team, MSME Works
From: Swaraj Pneumatic Systems
Dear Sir, We are pleased to quote our lowest rates:
Item: Industrial Ball Bearing 6205-2RS
Offered Unit Price: Rs. 342.01 per NOS
Lead Time: 10 working days from PO confirmation.
Payment Terms: 30 days credit from invoice date.
Validity: 30 days from quote date.
Looking forward to your valued Purchase Order.
Best Regards, Sales Manager, Swaraj Pneumatic Systems",QUOTATION
"FORMAL PRICE PROPOSAL
Quote ID: QUO-2024-867
Date: 13-09-2024
Customer: MSME Manufacturing
Supplier: Omkar Industrial Hardware
Estimated Schedule of Rates:
1. Pneumatic Cylinder Double Acting 50mm Bore - Unit Rate: INR 2888.26 (MOQ: 50 NOS)
GST: 18% extra
Delivery: Ex-works Pune
Warranty: 12 months from delivery date.
Commercial Terms: 100% against delivery.
Authorized Signatory: Omkar Industrial Hardware",QUOTATION
"ORIGINAL TAX INVOICE (FOR RECIPIENT)
Invoice No: INV-2425-37052
Date of Issue: 01-02-2024
PO Ref: PO-2024-8124
Supplier Name: Sunrise Rubber & Polymer Components
PAN: AABCP9871M
GSTIN/UIN: 27AABC2722A1Z6
Place of Supply: 27-Maharashtra
Table of Supplies:
SI No | Item Description | Qty | Rate | Amount
01 | Nitrile Rubber O-Ring Kit 200pcs | 500 | 522.54 | 261270.00
Total Taxable: 261270.00
IGST @ 18%: 47028.60
Gross Total: 308298.60
Subject to Pune Jurisdiction only.",INVOICE
"DEBIT NOTE
Debit Note No: DC-6809
Debit Note Date: 11-01-2024
Against Original Invoice: INV-2425-44024
Issued By: Swaraj Pneumatic Systems
GSTIN: 27AABC5557A1Z3
Issued To: MSME Precision Tools
Reason for Debit: Price undercharged in original invoice / Supplementary freight charges / Unbilled additional quantities
Description: Hydraulic Pressure Relief Valve 1/2 inch
Underbilled Amount: Rs. 62542.68
Applicable GST (18%): Rs. 11257.68
Total Debit Value: Rs. 73800.36
We have debited your account with the above mentioned sum.
Authorized Signatory",DEBIT_NOTE
"EMPLOYEE LEAVE APPLICATION
Employee Name: Ramesh Shinde
Department: Assembly Line B
Leave Dates: 10th Oct to 12th Oct
Reason: Personal family function.
Approved by Plant Supervisor.",UNKNOWN
"DEBIT NOTE
Debit Note No: DC-6746
Debit Note Date: 08-06-2024
Against Original Invoice: INV-2425-58726
Issued By: Omkar Industrial Hardware
GSTIN: 27AABC4221A1Z2
Issued To: MSME Precision Tools
Reason for Debit: Price undercharged in original invoice / Supplementary freight charges / Unbilled additional quantities
Description: High Tensile Flange Nut M12
Underbilled Amount: Rs. 1980.98
Applicable GST (18%): Rs. 356.58
Total Debit Value: Rs. 2337.56
We have debited your account with the above mentioned sum.
Authorized Signatory",DEBIT_NOTE
"MATERIAL DISPATCH NOTE
Dispatch Memo: DC-8831
Date: 26-08-2024
Ref PO: PO-2024-5679
Vendor: Omkar Industrial Hardware
Delivered To: Central Stores, Unit II
Description: Stainless Steel Hex Bolt M10x50mm
Quantity Sent: 200 PCS
No of Cartons: 10
Received Ok by Stores Department.",DELIVERY_NOTE
"DEBIT NOTE
Debit Note No: DC-5657
Debit Note Date: 27-07-2024
Against Original Invoice: INV-2425-46828
Issued By: National Electricals & Controls
GSTIN: 27AABC9253A1Z9
Issued To: MSME Precision Tools
Reason for Debit: Price undercharged in original invoice / Supplementary freight charges / Unbilled additional quantities
Description: Hydraulic Pressure Relief Valve 1/2 inch
Underbilled Amount: Rs. 2292.45
Applicable GST (18%): Rs. 412.64
Total Debit Value: Rs. 2705.09
We have debited your account with the above mentioned sum.
Authorized Signatory",DEBIT_NOTE
"PAYMENT ADVICE & RECEIPT
Payment Slip Ref: PAY-REC-689523
Date of Remittance: 25-01-2024
Vendor: Apex Industrial Tools Pvt Ltd
Against Bill/Invoice No: INV-2425-22627
Cheque/NEFT No: 882910
Paid Amount: INR 2788.34
Deductions (TDS/Retention): Rs. 0.00
Total Cleared: INR 2788.34
Received with thanks from MSME Industries.",PAYMENT_RECEIPT
"DEBIT NOTE
Debit Note No: DC-8028
Debit Note Date: 20-04-2024
Against Original Invoice: INV-2425-58514
Issued By: Apex Industrial Tools Pvt Ltd
GSTIN: 27AABC8475A1Z7
Issued To: MSME Precision Tools
Reason for Debit: Price undercharged in original invoice / Supplementary freight charges / Unbilled additional quantities
Description: Viton Seal Gasket 100mm OD
Underbilled Amount: Rs. 756.92
Applicable GST (18%): Rs. 136.25
Total Debit Value: Rs. 893.17
We have debited your account with the above mentioned sum.
Authorized Signatory",DEBIT_NOTE
"DEBIT NOTE
Debit Note No: DC-5286
Debit Note Date: 25-08-2024
Against Original Invoice: INV-2425-34545
Issued By: Sunrise Rubber & Polymer Components
GSTIN: 27AABC2872A1Z9
Issued To: MSME Precision Tools
Reason for Debit: Price undercharged in original invoice / Supplementary freight charges / Unbilled additional quantities
Description: Tungsten Carbide Milling Insert TNMG160408
Underbilled Amount: Rs. 4031.54
Applicable GST (18%): Rs. 725.68
Total Debit Value: Rs. 4757.22
We have debited your account with the above mentioned sum.
Authorized Signatory",DEBIT_NOTE
"TAX CREDIT MEMORANDUM
CN Number: CN-2425-633
Date: 26-02-2024
Ref Invoice: INV-2425-82884
Vendor: Vanguard Steel & Alloys Corp
Customer: MSME Works
Adjustment Details:
Price reduction agreed on Carbon Steel Seamless Pipe 2 inch NB - Difference INR 2276.85
IGST Adjustment: INR 409.83
Net Credit Allowed: INR 2686.68
Authorized Signatory, Accounts Department",CREDIT_NOTE
"GOODS DELIVERY CHALLAN
Challan Ref: DC-7595
Date: 01-03-2024
PO Reference: PO-2024-1846
From: Omkar Industrial Hardware
To: MSME Engineering Works, Plot 8, MIDC Pune
Mode of Transport: Tempo MH-14-BT-1122
LR / GC No: 994821
Particulars:
- Nitrile Rubber O-Ring Kit 200pcs : Quantity Delivered: 100 SET
Remarks: Material subject to quality inspection at gate.
Inspected & Received in good order.",DELIVERY_NOTE
"PAYMENT RECEIPT / VOUCHER
Receipt No: PAY-REC-750479
Payment Date: 03-09-2024
Paid To: National Electricals & Controls
Paid By: MSME Auto Components Ltd
Payment Method: NEFT / RTGS Transfer
Bank Transaction Ref / UTR: UTR-HDFC-99182374192
Invoice Reference: INV-2425-13653
Amount Paid: INR 147174.32
Amount in Words: INR 147174.32 only
Payment towards full/part settlement of Invoice INV-2425-13653
Authorized Accounts Officer: Rajeev Kumar",PAYMENT_RECEIPT
"COMMERCIAL PURCHASE ORDER
Order ID: PO-2024-4459
Vendor Name: National Electricals & Controls
Billing Address: Plot 45, Industrial Estate, Pune
Date of Order: 19-04-2024
Scope of Supply:
- Hydraulic Pressure Relief Valve 1/2 inch (Qty: 500, Unit Price: 1698.29, Amount: 849145.00)
Payment: 100% against Delivery Note and Tax Invoice.
Authorized by Procurement Manager.",PURCHASE_ORDER
"INVOICE
Doc No: INV-2425-40447
Date: 20-07-2024
Ref Purchase Order: PO-2024-7653
From: Kirloskar Engineering Supplies
To: Bharat Engineering MSME
Summary:
Item: Digital Vernier Caliper 0-150mm
Quantity Supplied: 10
Price per unit: Rs. 1255.00
Net Amount: Rs. 12550.00
Add GST 18%: Rs. 2259.00
Invoice Total: Rs. 14809.00
Payment Due Date: 14-10-2024
Please remit payment to State Bank of India A/c: 30981723481",INVOICE
"PAYMENT ADVICE & RECEIPT
Payment Slip Ref: PAY-REC-227844
Date of Remittance: 14-05-2024
Vendor: Apex Industrial Tools Pvt Ltd
Against Bill/Invoice No: INV-2425-71290
Cheque/NEFT No: 882910
Paid Amount: INR 477890.56
Deductions (TDS/Retention): Rs. 0.00
Total Cleared: INR 477890.56
Received with thanks from MSME Industries.",PAYMENT_RECEIPT
"COMMERCIAL TAX INVOICE
Bill No: INV-2425-78091
Bill Date: 16-05-2024
Against PO No: PO-2024-3360
Supplier: Kirloskar Engineering Supplies
State: Maharashtra, Code: 27
Consignee: Global MSME Solutions
Line Items:
1. Carbon Steel Seamless Pipe 2 inch NB | 500 MTR | Rate: Rs. 586.21 | Taxable: Rs. 293105.00 | IGST 18%: Rs. 52758.90 | Total: Rs. 345863.90
Amount in Words: INR 345863.90 only
E-Way Bill No: 541098234712
Declaration: Certified that particulars given above are true and correct.",INVOICE
"SAFETY MANUAL & PROTOCOL
Section 4: General Workshop Safety Guidelines.
1. Personal Protective Equipment (PPE) including safety helmets, steel-toe shoes and goggles must be worn.
2. Machine emergency stop buttons must be inspected daily.
3. In case of fire, evacuate through Gate 2.",UNKNOWN
"VISITOR PASS - RECEPTION
Visitor Name: Ananya Sharma
Company: Tech Audit Consultants
Person to meet: Finance Manager
Entry Time: 10:15 AM
Exit Time: 12:45 PM",UNKNOWN
"PAYMENT RECEIPT / VOUCHER
Receipt No: PAY-REC-224062
Payment Date: 10-08-2024
Paid To: Sunrise Rubber & Polymer Components
Paid By: MSME Auto Components Ltd
Payment Method: NEFT / RTGS Transfer
Bank Transaction Ref / UTR: UTR-HDFC-99182374192
Invoice Reference: INV-2425-79722
Amount Paid: INR 6587.47
Amount in Words: INR 6587.47 only
Payment towards full/part settlement of Invoice INV-2425-79722
Authorized Accounts Officer: Rajeev Kumar",PAYMENT_RECEIPT
"VISITOR PASS - RECEPTION
Visitor Name: Ananya Sharma
Company: Tech Audit Consultants
Person to meet: Finance Manager
Entry Time: 10:15 AM
Exit Time: 12:45 PM",UNKNOWN
"VISITOR PASS - RECEPTION
Visitor Name: Ananya Sharma
Company: Tech Audit Consultants
Person to meet: Finance Manager
Entry Time: 10:15 AM
Exit Time: 12:45 PM",UNKNOWN
"MEETING MINUTES - PRODUCT DESIGN REVIEW
Date: 12-09-2024
Attendees: Engineering Team, Quality Team
Agenda: Review tolerances for new hydraulic valve housing prototype.
Action Items: Update CAD model with revised bore dimensions.",UNKNOWN
"TAX INVOICE
Invoice Number: INV-2425-86551
Invoice Date: 16-06-2024
PO Reference: PO-2024-6456
Seller: Vanguard Steel & Alloys Corp
GSTIN: 27AABC9041A1Z1
Buyer: MSME Precision Components Ltd
Buyer GSTIN: 27AAACM1234F1Z5
Description of Goods: Hydraulic Pressure Relief Valve 1/2 inch
HSN Code: 84818030
Qty: 20 NOS
Unit Rate: INR 1669.01
Taxable Value: INR 33380.20
CGST 9%: INR 3004.22
SGST 9%: INR 3004.22
Total Invoice Amount: INR 39388.64
Bank Account: HDFC Bank, IFSC: HDFC0001234, A/c: 5020001928374
For Vanguard Steel & Alloys Corp - Authorized Signatory",INVOICE
"TAX CREDIT MEMORANDUM
CN Number: CN-2425-188
Date: 22-02-2024
Ref Invoice: INV-2425-84109
Vendor: Sunrise Rubber & Polymer Components
Customer: MSME Works
Adjustment Details:
Price reduction agreed on Industrial Ball Bearing 6205-2RS - Difference INR 227.55
IGST Adjustment: INR 40.96
Net Credit Allowed: INR 268.51
Authorized Signatory, Accounts Department",CREDIT_NOTE
"SAFETY MANUAL & PROTOCOL
Section 4: General Workshop Safety Guidelines.
1. Personal Protective Equipment (PPE) including safety helmets, steel-toe shoes and goggles must be worn.
2. Machine emergency stop buttons must be inspected daily.
3. In case of fire, evacuate through Gate 2.",UNKNOWN
"TAX CREDIT MEMORANDUM
CN Number: CN-2425-905
Date: 12-08-2024
Ref Invoice: INV-2425-61854
Vendor: Apex Industrial Tools Pvt Ltd
Customer: MSME Works
Adjustment Details:
Price reduction agreed on Stainless Steel Hex Bolt M10x50mm - Difference INR 77.15
IGST Adjustment: INR 13.89
Net Credit Allowed: INR 91.04
Authorized Signatory, Accounts Department",CREDIT_NOTE
"VISITOR PASS - RECEPTION
Visitor Name: Ananya Sharma
Company: Tech Audit Consultants
Person to meet: Finance Manager
Entry Time: 10:15 AM
Exit Time: 12:45 PM",UNKNOWN
"INTERNAL MEMORANDUM
To: All Plant Staff
From: Operations Director
Subject: Scheduled maintenance of Power Generator DG-2 on coming Sunday.
All departments are requested to plan production accordingly.",UNKNOWN
"DEBIT NOTE
Debit Note No: DC-8879
Debit Note Date: 24-05-2024
Against Original Invoice: INV-2425-81599
Issued By: Vanguard Steel & Alloys Corp
GSTIN: 27AABC1514A1Z2
Issued To: MSME Precision Tools
Reason for Debit: Price undercharged in original invoice / Supplementary freight charges / Unbilled additional quantities
Description: High Tensile Flange Nut M12
Underbilled Amount: Rs. 279.81
Applicable GST (18%): Rs. 50.37
Total Debit Value: Rs. 330.18
We have debited your account with the above mentioned sum.
Authorized Signatory",DEBIT_NOTE
"QUOTATION / PRICE ESTIMATE
Quotation Ref: QUO-2024-481
Quote Date: 13-01-2024
Valid Until: 17-11-2024
To: Procurement Team, MSME Works
From: Apex Industrial Tools Pvt Ltd
Dear Sir, We are pleased to quote our lowest rates:
Item: High Tensile Flange Nut M12
Offered Unit Price: Rs. 19.45 per PCS
Lead Time: 10 working days from PO confirmation.
Payment Terms: 30 days credit from invoice date.
Validity: 30 days from quote date.
Looking forward to your valued Purchase Order.
Best Regards, Sales Manager, Apex Industrial Tools Pvt Ltd",QUOTATION
"DEBIT NOTE
Debit Note No: DC-6589
Debit Note Date: 28-02-2024
Against Original Invoice: INV-2425-98426
Issued By: Vanguard Steel & Alloys Corp
GSTIN: 27AABC6390A1Z7
Issued To: MSME Precision Tools
Reason for Debit: Price undercharged in original invoice / Supplementary freight charges / Unbilled additional quantities
Description: Nitrile Rubber O-Ring Kit 200pcs
Underbilled Amount: Rs. 606.66
Applicable GST (18%): Rs. 109.20
Total Debit Value: Rs. 715.86
We have debited your account with the above mentioned sum.
Authorized Signatory",DEBIT_NOTE
"BANK PAYMENT CONFIRMATION RECEIPT
Voucher ID: PAY-REC-865195
Date: 04-01-2024
Beneficiary Name: Apex Industrial Tools Pvt Ltd
Beneficiary A/c: 0029013004239
Transaction ID: CMS2024091800492
Settlement for Tax Invoice: INV-2425-97068
PO Number Ref: PO-2024-5537
Net Remitted: Rs. 112914.20
Status: SUCCESS - Transferred to beneficiary account.
Accounts Department Signature",PAYMENT_RECEIPT
"PAYMENT ADVICE & RECEIPT
Payment Slip Ref: PAY-REC-737892
Date of Remittance: 26-01-2024
Vendor: Apex Industrial Tools Pvt Ltd
Against Bill/Invoice No: INV-2425-44350
Cheque/NEFT No: 882910
Paid Amount: INR 20951.96
Deductions (TDS/Retention): Rs. 0.00
Total Cleared: INR 20951.96
Received with thanks from MSME Industries.",PAYMENT_RECEIPT
"TAX INVOICE
Invoice Number: INV-2425-64635
Invoice Date: 23-04-2024
PO Reference: PO-2024-2019
Seller: Mahindra Tooling & Forging Ltd
GSTIN: 27AABC8913A1Z7
Buyer: MSME Precision Components Ltd
Buyer GSTIN: 27AAACM1234F1Z5
Description of Goods: Carbon Steel Seamless Pipe 2 inch NB
HSN Code: 84818030
Qty: 20 MTR
Unit Rate: INR 663.63
Taxable Value: INR 13272.60
CGST 9%: INR 1194.53
SGST 9%: INR 1194.53
Total Invoice Amount: INR 15661.67
Bank Account: HDFC Bank, IFSC: HDFC0001234, A/c: 5020001928374
For Mahindra Tooling & Forging Ltd - Authorized Signatory",INVOICE
"PAYMENT ADVICE & RECEIPT
Payment Slip Ref: PAY-REC-530953
Date of Remittance: 09-05-2024
Vendor: Premier Bearings & Power Transmission
Against Bill/Invoice No: INV-2425-48275
Cheque/NEFT No: 882910
Paid Amount: INR 7769.12
Deductions (TDS/Retention): Rs. 0.00
Total Cleared: INR 7769.12
Received with thanks from MSME Industries.",PAYMENT_RECEIPT
"TAX INVOICE
Invoice Number: INV-2425-96704
Invoice Date: 09-04-2024
PO Reference: PO-2024-2710
Seller: TechnoMech Automation Solutions
GSTIN: 27AABC9465A1Z1
Buyer: MSME Precision Components Ltd
Buyer GSTIN: 27AAACM1234F1Z5
Description of Goods: Viton Seal Gasket 100mm OD
HSN Code: 84818030
Qty: 50 PCS
Unit Rate: INR 90.77
Taxable Value: INR 4538.50
CGST 9%: INR 408.46
SGST 9%: INR 408.46
Total Invoice Amount: INR 5355.43
Bank Account: HDFC Bank, IFSC: HDFC0001234, A/c: 5020001928374
For TechnoMech Automation Solutions - Authorized Signatory",INVOICE
"PAYMENT ADVICE & RECEIPT
Payment Slip Ref: PAY-REC-865087
Date of Remittance: 28-03-2024
Vendor: Kirloskar Engineering Supplies
Against Bill/Invoice No: INV-2425-48289
Cheque/NEFT No: 882910
Paid Amount: INR 158453.94
Deductions (TDS/Retention): Rs. 0.00
Total Cleared: INR 158453.94
Received with thanks from MSME Industries.",PAYMENT_RECEIPT
"ORIGINAL TAX INVOICE (FOR RECIPIENT)
Invoice No: INV-2425-13983
Date of Issue: 09-03-2024
PO Ref: PO-2024-8777
Supplier Name: Premier Bearings & Power Transmission
PAN: AABCP9871M
GSTIN/UIN: 27AABC2193A1Z8
Place of Supply: 27-Maharashtra
Table of Supplies:
SI No | Item Description | Qty | Rate | Amount
01 | Hydraulic Pressure Relief Valve 1/2 inch | 10 | 2025.05 | 20250.50
Total Taxable: 20250.50
IGST @ 18%: 3645.09
Gross Total: 23895.59
Subject to Pune Jurisdiction only.",INVOICE
"COMMERCIAL TAX INVOICE
Bill No: INV-2425-74813
Bill Date: 13-04-2024
Against PO No: PO-2024-9618
Supplier: Vanguard Steel & Alloys Corp
State: Maharashtra, Code: 27
Consignee: Global MSME Solutions
Line Items:
1. Carbon Steel Seamless Pipe 2 inch NB | 100 MTR | Rate: Rs. 679.95 | Taxable: Rs. 67995.00 | IGST 18%: Rs. 12239.10 | Total: Rs. 80234.10
Amount in Words: INR 80234.10 only
E-Way Bill No: 541098234712
Declaration: Certified that particulars given above are true and correct.",INVOICE
"TAX CREDIT MEMORANDUM
CN Number: CN-2425-380
Date: 09-05-2024
Ref Invoice: INV-2425-38988
Vendor: Apex Industrial Tools Pvt Ltd
Customer: MSME Works
Adjustment Details:
Price reduction agreed on Carbon Steel Seamless Pipe 2 inch NB - Difference INR 3620.60
IGST Adjustment: INR 651.71
Net Credit Allowed: INR 4272.31
Authorized Signatory, Accounts Department",CREDIT_NOTE
"QUOTATION / PRICE ESTIMATE
Quotation Ref: QUO-2024-961
Quote Date: 28-06-2024
Valid Until: 07-11-2024
To: Procurement Team, MSME Works
From: Omkar Industrial Hardware
Dear Sir, We are pleased to quote our lowest rates:
Item: High Tensile Flange Nut M12
Offered Unit Price: Rs. 18.26 per PCS
Lead Time: 10 working days from PO confirmation.
Payment Terms: 30 days credit from invoice date.
Validity: 30 days from quote date.
Looking forward to your valued Purchase Order.
Best Regards, Sales Manager, Omkar Industrial Hardware",QUOTATION
"GOODS DELIVERY CHALLAN
Challan Ref: DC-6938
Date: 22-02-2024
PO Reference: PO-2024-1225
From: Mahindra Tooling & Forging Ltd
To: MSME Engineering Works, Plot 8, MIDC Pune
Mode of Transport: Tempo MH-14-BT-1122
LR / GC No: 994821
Particulars:
- Hydraulic Pressure Relief Valve 1/2 inch : Quantity Delivered: 200 NOS
Remarks: Material subject to quality inspection at gate.
Inspected & Received in good order.",DELIVERY_NOTE
"STANDARD PURCHASE ORDER
PO No: PO-2024-5620
Buyer: MSME Manufacturing Works
Supplier: Omkar Industrial Hardware
GSTIN: 27AABC3342A1Z6
Item Details:
Item Code: ITM-951, Description: Pneumatic Cylinder Double Acting 50mm Bore, Quantity: 50, Rate: 2659.74, Taxable Value: 132987.00
Total Order Value: INR 132987.00
Special Instructions: Deliver with inspection certificate and warranty.",PURCHASE_ORDER
"DEBIT NOTE
Debit Note No: DC-7257
Debit Note Date: 15-06-2024
Against Original Invoice: INV-2425-59292
Issued By: Sunrise Rubber & Polymer Components
GSTIN: 27AABC2578A1Z7
Issued To: MSME Precision Tools
Reason for Debit: Price undercharged in original invoice / Supplementary freight charges / Unbilled additional quantities
Description: Nitrile Rubber O-Ring Kit 200pcs
Underbilled Amount: Rs. 672.18
Applicable GST (18%): Rs. 120.99
Total Debit Value: Rs. 793.17
We have debited your account with the above mentioned sum.
Authorized Signatory",DEBIT_NOTE
"QUOTATION / PRICE ESTIMATE
Quotation Ref: QUO-2024-622
Quote Date: 16-01-2024
Valid Until: 19-11-2024
To: Procurement Team, MSME Works
From: Sunrise Rubber & Polymer Components
Dear Sir, We are pleased to quote our lowest rates:
Item: Stainless Steel Hex Bolt M10x50mm
Offered Unit Price: Rs. 44.17 per PCS
Lead Time: 10 working days from PO confirmation.
Payment Terms: 30 days credit from invoice date.
Validity: 30 days from quote date.
Looking forward to your valued Purchase Order.
Best Regards, Sales Manager, Sunrise Rubber & Polymer Components",QUOTATION
"ORDER CONFIRMATION / PO
Purchase Order Ref: PO-2024-3536
Issued To: Kirloskar Engineering Supplies
Ship To: Plot 102, Chakan Industrial Area, Pune 410501
Order Date: 20-02-2024
Required Delivery Date: 16-10-2024
Items Ordered:
- Hydraulic Pressure Relief Valve 1/2 inch | Quantity: 50 NOS | Unit Rate: Rs. 1772.71 | Total: Rs. 88635.50
Freight: Extra at actuals
GST: 18% extra
Prepared by: Purchase Dept",PURCHASE_ORDER
"PURCHASE ORDER
PO Number: PO-2024-5599
Date: 12-09-2024
Vendor: Bharat Precision Fasteners
Delivery Address: Plot 102, Chakan Industrial Area, Pune 410501
Payment Terms: Net 30 Days
Line Items:
1. High Tensile Flange Nut M12 - Qty: 50 @ INR 17.48/unit = INR 874.00
Authorized Signatory
Terms & Conditions: Goods must be delivered within 15 days.",PURCHASE_ORDER
"INTERNAL MEMORANDUM
To: All Plant Staff
From: Operations Director
Subject: Scheduled maintenance of Power Generator DG-2 on coming Sunday.
All departments are requested to plan production accordingly.",UNKNOWN
"FORMAL PRICE PROPOSAL
Quote ID: QUO-2024-626
Date: 13-05-2024
Customer: MSME Manufacturing
Supplier: Vanguard Steel & Alloys Corp
Estimated Schedule of Rates:
1. Viton Seal Gasket 100mm OD - Unit Rate: INR 87.22 (MOQ: 50 PCS)
GST: 18% extra
Delivery: Ex-works Pune
Warranty: 12 months from delivery date.
Commercial Terms: 100% against delivery.
Authorized Signatory: Vanguard Steel & Alloys Corp",QUOTATION
"MEETING MINUTES - PRODUCT DESIGN REVIEW
Date: 12-09-2024
Attendees: Engineering Team, Quality Team
Agenda: Review tolerances for new hydraulic valve housing prototype.
Action Items: Update CAD model with revised bore dimensions.",UNKNOWN
"INVOICE
Doc No: INV-2425-72530
Date: 27-06-2024
Ref Purchase Order: PO-2024-8863
From: Shree Ganesh Hydraulic Spares
To: Bharat Engineering MSME
Summary:
Item: Digital Vernier Caliper 0-150mm
Quantity Supplied: 10
Price per unit: Rs. 1126.68
Net Amount: Rs. 11266.80
Add GST 18%: Rs. 2028.02
Invoice Total: Rs. 13294.82
Payment Due Date: 01-10-2024
Please remit payment to State Bank of India A/c: 30981723481",INVOICE
"DEBIT NOTE
Debit Note No: DC-8340
Debit Note Date: 21-03-2024
Against Original Invoice: INV-2425-93251
Issued By: Mahindra Tooling & Forging Ltd
GSTIN: 27AABC5248A1Z2
Issued To: MSME Precision Tools
Reason for Debit: Price undercharged in original invoice / Supplementary freight charges / Unbilled additional quantities
Description: Viton Seal Gasket 100mm OD
Underbilled Amount: Rs. 271.87
Applicable GST (18%): Rs. 48.94
Total Debit Value: Rs. 320.81
We have debited your account with the above mentioned sum.
Authorized Signatory",DEBIT_NOTE
"BANK PAYMENT CONFIRMATION RECEIPT
Voucher ID: PAY-REC-547201
Date: 21-08-2024
Beneficiary Name: Vanguard Steel & Alloys Corp
Beneficiary A/c: 0029013538778
Transaction ID: CMS2024091800492
Settlement for Tax Invoice: INV-2425-44624
PO Number Ref: PO-2024-9282
Net Remitted: Rs. 30327.77
Status: SUCCESS - Transferred to beneficiary account.
Accounts Department Signature",PAYMENT_RECEIPT
"DELIVERY RECEIPT & DISPATCH SLIP
DN Number: DC-5050
Dispatch Date: 09-05-2024
Purchase Order: PO-2024-8786
Supplier: Mahindra Tooling & Forging Ltd
Destination: Industrial Warehouse Sector 5
List of Items:
Item: Pneumatic Cylinder Double Acting 50mm Bore | Qty Delivered: 200 | Unit: NOS | Batch No: B-2024-09
Security Gate Entry No: G-4412
Storekeeper Signature: _____________
Date & Time Received: 09-05-2024 14:30 hrs",DELIVERY_NOTE
"PURCHASE ORDER
PO Number: PO-2024-9432
Date: 13-04-2024
Vendor: Vanguard Steel & Alloys Corp
Delivery Address: Plot 102, Chakan Industrial Area, Pune 410501
Payment Terms: Net 30 Days
Line Items:
1. Stainless Steel Hex Bolt M10x50mm - Qty: 100 @ INR 42.01/unit = INR 4201.00
Authorized Signatory
Terms & Conditions: Goods must be delivered within 15 days.",PURCHASE_ORDER
"SAFETY MANUAL & PROTOCOL
Section 4: General Workshop Safety Guidelines.
1. Personal Protective Equipment (PPE) including safety helmets, steel-toe shoes and goggles must be worn.
2. Machine emergency stop buttons must be inspected daily.
3. In case of fire, evacuate through Gate 2.",UNKNOWN
"DEBIT NOTE
Debit Note No: DC-5614
Debit Note Date: 14-03-2024
Against Original Invoice: INV-2425-23546
Issued By: Sunrise Rubber & Polymer Components
GSTIN: 27AABC1214A1Z7
Issued To: MSME Precision Tools
Reason for Debit: Price undercharged in original invoice / Supplementary freight charges / Unbilled additional quantities
Description: Tungsten Carbide Milling Insert TNMG160408
Underbilled Amount: Rs. 5039.01
Applicable GST (18%): Rs. 907.02
Total Debit Value: Rs. 5946.03
We have debited your account with the above mentioned sum.
Authorized Signatory",DEBIT_NOTE
"VISITOR PASS - RECEPTION
Visitor Name: Ananya Sharma
Company: Tech Audit Consultants
Person to meet: Finance Manager
Entry Time: 10:15 AM
Exit Time: 12:45 PM",UNKNOWN
"COMMERCIAL PURCHASE ORDER
Order ID: PO-2024-3458
Vendor Name: Vanguard Steel & Alloys Corp
Billing Address: Plot 45, Industrial Estate, Pune
Date of Order: 11-05-2024
Scope of Supply:
- Hydraulic Pressure Relief Valve 1/2 inch (Qty: 50, Unit Price: 1835.94, Amount: 91797.00)
Payment: 100% against Delivery Note and Tax Invoice.
Authorized by Procurement Manager.",PURCHASE_ORDER
"MEETING MINUTES - PRODUCT DESIGN REVIEW
Date: 12-09-2024
Attendees: Engineering Team, Quality Team
Agenda: Review tolerances for new hydraulic valve housing prototype.
Action Items: Update CAD model with revised bore dimensions.",UNKNOWN
"DELIVERY RECEIPT & DISPATCH SLIP
DN Number: DC-6997
Dispatch Date: 05-02-2024
Purchase Order: PO-2024-3189
Supplier: Swaraj Pneumatic Systems
Destination: Industrial Warehouse Sector 5
List of Items:
Item: Digital Vernier Caliper 0-150mm | Qty Delivered: 100 | Unit: NOS | Batch No: B-2024-09
Security Gate Entry No: G-4412
Storekeeper Signature: _____________
Date & Time Received: 05-02-2024 14:30 hrs",DELIVERY_NOTE
"GOODS DELIVERY CHALLAN
Challan Ref: DC-7316
Date: 21-05-2024
PO Reference: PO-2024-1474
From: Kirloskar Engineering Supplies
To: MSME Engineering Works, Plot 8, MIDC Pune
Mode of Transport: Tempo MH-14-BT-1122
LR / GC No: 994821
Particulars:
- Carbon Steel Seamless Pipe 2 inch NB : Quantity Delivered: 50 MTR
Remarks: Material subject to quality inspection at gate.
Inspected & Received in good order.",DELIVERY_NOTE
"DEBIT NOTE
Debit Note No: DC-8469
Debit Note Date: 08-04-2024
Against Original Invoice: INV-2425-96448
Issued By: National Electricals & Controls
GSTIN: 27AABC1397A1Z6
Issued To: MSME Precision Tools
Reason for Debit: Price undercharged in original invoice / Supplementary freight charges / Unbilled additional quantities
Description: High Tensile Flange Nut M12
Underbilled Amount: Rs. 31.15
Applicable GST (18%): Rs. 5.61
Total Debit Value: Rs. 36.76
We have debited your account with the above mentioned sum.
Authorized Signatory",DEBIT_NOTE
"TAX CREDIT MEMORANDUM
CN Number: CN-2425-144
Date: 25-04-2024
Ref Invoice: INV-2425-97111
Vendor: Vanguard Steel & Alloys Corp
Customer: MSME Works
Adjustment Details:
Price reduction agreed on Viton Seal Gasket 100mm OD - Difference INR 7188.17
IGST Adjustment: INR 1293.87
Net Credit Allowed: INR 8482.04
Authorized Signatory, Accounts Department",CREDIT_NOTE
"FORMAL PRICE PROPOSAL
Quote ID: QUO-2024-790
Date: 12-02-2024
Customer: MSME Manufacturing
Supplier: Apex Industrial Tools Pvt Ltd
Estimated Schedule of Rates:
1. Stainless Steel Hex Bolt M10x50mm - Unit Rate: INR 42.36 (MOQ: 50 PCS)
GST: 18% extra
Delivery: Ex-works Pune
Warranty: 12 months from delivery date.
Commercial Terms: 100% against delivery.
Authorized Signatory: Apex Industrial Tools Pvt Ltd",QUOTATION
"TAX CREDIT MEMORANDUM
CN Number: CN-2425-427
Date: 04-07-2024
Ref Invoice: INV-2425-63297
Vendor: Kirloskar Engineering Supplies
Customer: MSME Works
Adjustment Details:
Price reduction agreed on Pneumatic Cylinder Double Acting 50mm Bore - Difference INR 19175.92
IGST Adjustment: INR 3451.67
Net Credit Allowed: INR 22627.59
Authorized Signatory, Accounts Department",CREDIT_NOTE
"DELIVERY RECEIPT & DISPATCH SLIP
DN Number: DC-8722
Dispatch Date: 12-07-2024
Purchase Order: PO-2024-7210
Supplier: Mahindra Tooling & Forging Ltd
Destination: Industrial Warehouse Sector 5
List of Items:
Item: Digital Vernier Caliper 0-150mm | Qty Delivered: 20 | Unit: NOS | Batch No: B-2024-09
Security Gate Entry No: G-4412
Storekeeper Signature: _____________
Date & Time Received: 12-07-2024 14:30 hrs",DELIVERY_NOTE
"QUOTATION / PRICE ESTIMATE
Quotation Ref: QUO-2024-860
Quote Date: 28-06-2024
Valid Until: 12-11-2024
To: Procurement Team, MSME Works
From: Bharat Precision Fasteners
Dear Sir, We are pleased to quote our lowest rates:
Item: Tungsten Carbide Milling Insert TNMG160408
Offered Unit Price: Rs. 1372.57 per BOX
Lead Time: 10 working days from PO confirmation.
Payment Terms: 30 days credit from invoice date.
Validity: 30 days from quote date.
Looking forward to your valued Purchase Order.
Best Regards, Sales Manager, Bharat Precision Fasteners",QUOTATION
"DEBIT NOTE
Debit Note No: DC-5854
Debit Note Date: 25-05-2024
Against Original Invoice: INV-2425-86256
Issued By: Sunrise Rubber & Polymer Components
GSTIN: 27AABC8385A1Z1
Issued To: MSME Precision Tools
Reason for Debit: Price undercharged in original invoice / Supplementary freight charges / Unbilled additional quantities
Description: Nitrile Rubber O-Ring Kit 200pcs
Underbilled Amount: Rs. 1112.69
Applicable GST (18%): Rs. 200.28
Total Debit Value: Rs. 1312.97
We have debited your account with the above mentioned sum.
Authorized Signatory",DEBIT_NOTE
"TAX CREDIT MEMORANDUM
CN Number: CN-2425-427
Date: 23-02-2024
Ref Invoice: INV-2425-30470
Vendor: Sunrise Rubber & Polymer Components
Customer: MSME Works
Adjustment Details:
Price reduction agreed on Industrial Ball Bearing 6205-2RS - Difference INR 1549.56
IGST Adjustment: INR 278.92
Net Credit Allowed: INR 1828.48
Authorized Signatory, Accounts Department",CREDIT_NOTE
"CREDIT NOTE
Credit Note No: CN-2425-575
Credit Note Date: 23-08-2024
Original Tax Invoice Ref: INV-2425-69983
Original Invoice Date: 24-08-2024
Issued By: Omkar Industrial Hardware
GSTIN: 27AABC5867A1Z3
Issued To: MSME Manufacturing Ltd
Reason for Credit: Rate difference / Return of damaged goods / Post-sale discount
Particulars:
Item: Industrial Ball Bearing 6205-2RS
Quantity Returned / Adjusted: 500 NOS
Unit Rate: Rs. 328.84
Credit Amount (Taxable): Rs. 30735.25
CGST 9%: Rs. 2766.17
SGST 9%: Rs. 2766.17
Total Credit Note Amount: Rs. 36267.59
We have credited your account with the above amount.",CREDIT_NOTE
"DEBIT NOTE
Debit Note No: DC-8418
Debit Note Date: 04-01-2024
Against Original Invoice: INV-2425-61943
Issued By: Mahindra Tooling & Forging Ltd
GSTIN: 27AABC6902A1Z6
Issued To: MSME Precision Tools
Reason for Debit: Price undercharged in original invoice / Supplementary freight charges / Unbilled additional quantities
Description: Stainless Steel Hex Bolt M10x50mm
Underbilled Amount: Rs. 353.45
Applicable GST (18%): Rs. 63.62
Total Debit Value: Rs. 417.07
We have debited your account with the above mentioned sum.
Authorized Signatory",DEBIT_NOTE
"COMMERCIAL TAX INVOICE
Bill No: INV-2425-90415
Bill Date: 13-06-2024
Against PO No: PO-2024-7466
Supplier: Omkar Industrial Hardware
State: Maharashtra, Code: 27
Consignee: Global MSME Solutions
Line Items:
1. Industrial Ball Bearing 6205-2RS | 20 NOS | Rate: Rs. 291.91 | Taxable: Rs. 5838.20 | IGST 18%: Rs. 1050.88 | Total: Rs. 6889.08
Amount in Words: INR 6889.08 only
E-Way Bill No: 541098234712
Declaration: Certified that particulars given above are true and correct.",INVOICE
"TAX CREDIT MEMORANDUM
CN Number: CN-2425-800
Date: 18-08-2024
Ref Invoice: INV-2425-13678
Vendor: TechnoMech Automation Solutions
Customer: MSME Works
Adjustment Details:
Price reduction agreed on Tungsten Carbide Milling Insert TNMG160408 - Difference INR 131270.46
IGST Adjustment: INR 23628.68
Net Credit Allowed: INR 154899.14
Authorized Signatory, Accounts Department",CREDIT_NOTE
"PURCHASE ORDER CONTRACT
PO#: PO-2024-9577
Date: 14-06-2024
To: Swaraj Pneumatic Systems
Shipment Mode: By Road
Delivery Location: Warehouse 4, Sector 12, Manesar
Line Item 1: Stainless Steel Hex Bolt M10x50mm - 200 Nos @ Rs. 40.75 each.
Subtotal: Rs. 8150.00
Applicable GST: 18%
Grand Total: Rs. 9617.00
Signature: Head of SCM",PURCHASE_ORDER
"GOODS DELIVERY CHALLAN
Challan Ref: DC-7923
Date: 09-05-2024
PO Reference: PO-2024-4345
From: Apex Industrial Tools Pvt Ltd
To: MSME Engineering Works, Plot 8, MIDC Pune
Mode of Transport: Tempo MH-14-BT-1122
LR / GC No: 994821
Particulars:
- Nitrile Rubber O-Ring Kit 200pcs : Quantity Delivered: 500 SET
Remarks: Material subject to quality inspection at gate.
Inspected & Received in good order.",DELIVERY_NOTE
"COMMERCIAL PURCHASE ORDER
Order ID: PO-2024-6146
Vendor Name: Shree Ganesh Hydraulic Spares
Billing Address: Plot 45, Industrial Estate, Pune
Date of Order: 14-06-2024
Scope of Supply:
- Viton Seal Gasket 100mm OD (Qty: 10, Unit Price: 90.33, Amount: 903.30)
Payment: 100% against Delivery Note and Tax Invoice.
Authorized by Procurement Manager.",PURCHASE_ORDER
"DEBIT NOTE
Debit Note No: DC-5807
Debit Note Date: 01-09-2024
Against Original Invoice: INV-2425-27599
Issued By: TechnoMech Automation Solutions
GSTIN: 27AABC8593A1Z5
Issued To: MSME Precision Tools
Reason for Debit: Price undercharged in original invoice / Supplementary freight charges / Unbilled additional quantities
Description: Carbon Steel Seamless Pipe 2 inch NB
Underbilled Amount: Rs. 7770.76
Applicable GST (18%): Rs. 1398.74
Total Debit Value: Rs. 9169.50
We have debited your account with the above mentioned sum.
Authorized Signatory",DEBIT_NOTE
"INVOICE
Doc No: INV-2425-98454
Date: 18-06-2024
Ref Purchase Order: PO-2024-2361
From: Sunrise Rubber & Polymer Components
To: Bharat Engineering MSME
Summary:
Item: Viton Seal Gasket 100mm OD
Quantity Supplied: 50
Price per unit: Rs. 96.75
Net Amount: Rs. 4837.50
Add GST 18%: Rs. 870.75
Invoice Total: Rs. 5708.25
Payment Due Date: 05-10-2024
Please remit payment to State Bank of India A/c: 30981723481",INVOICE
"DEBIT NOTE
Debit Note No: DC-7619
Debit Note Date: 10-05-2024
Against Original Invoice: INV-2425-10438
Issued By: Shree Ganesh Hydraulic Spares
GSTIN: 27AABC8931A1Z7
Issued To: MSME Precision Tools
Reason for Debit: Price undercharged in original invoice / Supplementary freight charges / Unbilled additional quantities
Description: Carbon Steel Seamless Pipe 2 inch NB
Underbilled Amount: Rs. 6167.20
Applicable GST (18%): Rs. 1110.10
Total Debit Value: Rs. 7277.30
We have debited your account with the above mentioned sum.
Authorized Signatory",DEBIT_NOTE
"STANDARD PURCHASE ORDER
PO No: PO-2024-2985
Buyer: MSME Manufacturing Works
Supplier: National Electricals & Controls
GSTIN: 27AABC9814A1Z7
Item Details:
Item Code: ITM-519, Description: Pneumatic Cylinder Double Acting 50mm Bore, Quantity: 100, Rate: 2780.06, Taxable Value: 278006.00
Total Order Value: INR 278006.00
Special Instructions: Deliver with inspection certificate and warranty.",PURCHASE_ORDER
"PURCHASE ORDER CONTRACT
PO#: PO-2024-3152
Date: 14-09-2024
To: Omkar Industrial Hardware
Shipment Mode: By Road
Delivery Location: Warehouse 4, Sector 12, Manesar
Line Item 1: Industrial Ball Bearing 6205-2RS - 500 Nos @ Rs. 304.50 each.
Subtotal: Rs. 152250.00
Applicable GST: 18%
Grand Total: Rs. 179655.00
Signature: Head of SCM",PURCHASE_ORDER
"DEBIT NOTE
Debit Note No: DC-6832
Debit Note Date: 06-03-2024
Against Original Invoice: INV-2425-92235
Issued By: Bharat Precision Fasteners
GSTIN: 27AABC5118A1Z5
Issued To: MSME Precision Tools
Reason for Debit: Price undercharged in original invoice / Supplementary freight charges / Unbilled additional quantities
Description: Pneumatic Cylinder Double Acting 50mm Bore
Underbilled Amount: Rs. 4631.23
Applicable GST (18%): Rs. 833.62
Total Debit Value: Rs. 5464.85
We have debited your account with the above mentioned sum.
Authorized Signatory",DEBIT_NOTE
"DEBIT NOTE
Debit Note No: DC-8620
Debit Note Date: 18-01-2024
Against Original Invoice: INV-2425-17419
Issued By: Shree Ganesh Hydraulic Spares
GSTIN: 27AABC6119A1Z9
Issued To: MSME Precision Tools
Reason for Debit: Price undercharged in original invoice / Supplementary freight charges / Unbilled additional quantities
Description: Industrial Ball Bearing 6205-2RS
Underbilled Amount: Rs. 25184.67
Applicable GST (18%): Rs. 4533.24
Total Debit Value: Rs. 29717.91
We have debited your account with the above mentioned sum.
Authorized Signatory",DEBIT_NOTE
"INVOICE
Doc No: INV-2425-46228
Date: 15-03-2024
Ref Purchase Order: PO-2024-1035
From: TechnoMech Automation Solutions
To: Bharat Engineering MSME
Summary:
Item: Nitrile Rubber O-Ring Kit 200pcs
Quantity Supplied: 200
Price per unit: Rs. 461.74
Net Amount: Rs. 92348.00
Add GST 18%: Rs. 16622.64
Invoice Total: Rs. 108970.64
Payment Due Date: 05-10-2024
Please remit payment to State Bank of India A/c: 30981723481",INVOICE
"DEBIT NOTE
Debit Note No: DC-9947
Debit Note Date: 27-06-2024
Against Original Invoice: INV-2425-87391
Issued By: TechnoMech Automation Solutions
GSTIN: 27AABC8138A1Z5
Issued To: MSME Precision Tools
Reason for Debit: Price undercharged in original invoice / Supplementary freight charges / Unbilled additional quantities
Description: Pneumatic Cylinder Double Acting 50mm Bore
Underbilled Amount: Rs. 11938.07
Applicable GST (18%): Rs. 2148.85
Total Debit Value: Rs. 14086.92
We have debited your account with the above mentioned sum.
Authorized Signatory",DEBIT_NOTE
"BANK PAYMENT CONFIRMATION RECEIPT
Voucher ID: PAY-REC-388961
Date: 16-01-2024
Beneficiary Name: Kirloskar Engineering Supplies
Beneficiary A/c: 0029019184562
Transaction ID: CMS2024091800492
Settlement for Tax Invoice: INV-2425-39049
PO Number Ref: PO-2024-3394
Net Remitted: Rs. 110529.18
Status: SUCCESS - Transferred to beneficiary account.
Accounts Department Signature",PAYMENT_RECEIPT
"COMMERCIAL TAX INVOICE
Bill No: INV-2425-32845
Bill Date: 18-02-2024
Against PO No: PO-2024-9217
Supplier: Kirloskar Engineering Supplies
State: Maharashtra, Code: 27
Consignee: Global MSME Solutions
Line Items:
1. Tungsten Carbide Milling Insert TNMG160408 | 200 BOX | Rate: Rs. 1307.05 | Taxable: Rs. 261410.00 | IGST 18%: Rs. 47053.80 | Total: Rs. 308463.80
Amount in Words: INR 308463.80 only
E-Way Bill No: 541098234712
Declaration: Certified that particulars given above are true and correct.",INVOICE
"ORIGINAL TAX INVOICE (FOR RECIPIENT)
Invoice No: INV-2425-46658
Date of Issue: 25-04-2024
PO Ref: PO-2024-5557
Supplier Name: Swaraj Pneumatic Systems
PAN: AABCP9871M
GSTIN/UIN: 27AABC5582A1Z3
Place of Supply: 27-Maharashtra
Table of Supplies:
SI No | Item Description | Qty | Rate | Amount
01 | Hydraulic Pressure Relief Valve 1/2 inch | 10 | 1832.82 | 18328.20
Total Taxable: 18328.20
IGST @ 18%: 3299.08
Gross Total: 21627.28
Subject to Pune Jurisdiction only.",INVOICE
"INTERNAL MEMORANDUM
To: All Plant Staff
From: Operations Director
Subject: Scheduled maintenance of Power Generator DG-2 on coming Sunday.
All departments are requested to plan production accordingly.",UNKNOWN
"ORDER CONFIRMATION / PO
Purchase Order Ref: PO-2024-1007
Issued To: Vanguard Steel & Alloys Corp
Ship To: Plot 102, Chakan Industrial Area, Pune 410501
Order Date: 26-07-2024
Required Delivery Date: 06-10-2024
Items Ordered:
- High Tensile Flange Nut M12 | Quantity: 20 PCS | Unit Rate: Rs. 19.18 | Total: Rs. 383.60
Freight: Extra at actuals
GST: 18% extra
Prepared by: Purchase Dept",PURCHASE_ORDER
"TAX INVOICE
Invoice Number: INV-2425-14702
Invoice Date: 15-01-2024
PO Reference: PO-2024-8127
Seller: Bharat Precision Fasteners
GSTIN: 27AABC4615A1Z1
Buyer: MSME Precision Components Ltd
Buyer GSTIN: 27AAACM1234F1Z5
Description of Goods: Nitrile Rubber O-Ring Kit 200pcs
HSN Code: 84818030
Qty: 10 SET
Unit Rate: INR 475.03
Taxable Value: INR 4750.30
CGST 9%: INR 427.53
SGST 9%: INR 427.53
Total Invoice Amount: INR 5605.35
Bank Account: HDFC Bank, IFSC: HDFC0001234, A/c: 5020001928374
For Bharat Precision Fasteners - Authorized Signatory",INVOICE
"TAX CREDIT MEMORANDUM
CN Number: CN-2425-383
Date: 04-04-2024
Ref Invoice: INV-2425-46424
Vendor: TechnoMech Automation Solutions
Customer: MSME Works
Adjustment Details:
Price reduction agreed on Pneumatic Cylinder Double Acting 50mm Bore - Difference INR 3031.35
IGST Adjustment: INR 545.64
Net Credit Allowed: INR 3576.99
Authorized Signatory, Accounts Department",CREDIT_NOTE
"CREDIT NOTE
Credit Note No: CN-2425-646
Credit Note Date: 09-07-2024
Original Tax Invoice Ref: INV-2425-11283
Original Invoice Date: 24-08-2024
Issued By: Premier Bearings & Power Transmission
GSTIN: 27AABC9174A1Z2
Issued To: MSME Manufacturing Ltd
Reason for Credit: Rate difference / Return of damaged goods / Post-sale discount
Particulars:
Item: Viton Seal Gasket 100mm OD
Quantity Returned / Adjusted: 50 PCS
Unit Rate: Rs. 98.69
Credit Amount (Taxable): Rs. 725.16
CGST 9%: Rs. 65.26
SGST 9%: Rs. 65.26
Total Credit Note Amount: Rs. 855.69
We have credited your account with the above amount.",CREDIT_NOTE
"PURCHASE ORDER
PO Number: PO-2024-5145
Date: 18-04-2024
Vendor: Vanguard Steel & Alloys Corp
Delivery Address: Plot 102, Chakan Industrial Area, Pune 410501
Payment Terms: Net 30 Days
Line Items:
1. Carbon Steel Seamless Pipe 2 inch NB - Qty: 10 @ INR 605.46/unit = INR 6054.60
Authorized Signatory
Terms & Conditions: Goods must be delivered within 15 days.",PURCHASE_ORDER
"TAX CREDIT MEMORANDUM
CN Number: CN-2425-524
Date: 02-09-2024
Ref Invoice: INV-2425-85218
Vendor: Shree Ganesh Hydraulic Spares
Customer: MSME Works
Adjustment Details:
Price reduction agreed on Nitrile Rubber O-Ring Kit 200pcs - Difference INR 583.27
IGST Adjustment: INR 104.99
Net Credit Allowed: INR 688.26
Authorized Signatory, Accounts Department",CREDIT_NOTE
"DEBIT NOTE
Debit Note No: DC-9704
Debit Note Date: 20-03-2024
Against Original Invoice: INV-2425-44173
Issued By: National Electricals & Controls
GSTIN: 27AABC7269A1Z5
Issued To: MSME Precision Tools
Reason for Debit: Price undercharged in original invoice / Supplementary freight charges / Unbilled additional quantities
Description: Digital Vernier Caliper 0-150mm
Underbilled Amount: Rs. 25095.09
Applicable GST (18%): Rs. 4517.12
Total Debit Value: Rs. 29612.21
We have debited your account with the above mentioned sum.
Authorized Signatory",DEBIT_NOTE
"DEBIT NOTE
Debit Note No: DC-7610
Debit Note Date: 12-02-2024
Against Original Invoice: INV-2425-12273
Issued By: Omkar Industrial Hardware
GSTIN: 27AABC3167A1Z9
Issued To: MSME Precision Tools
Reason for Debit: Price undercharged in original invoice / Supplementary freight charges / Unbilled additional quantities
Description: Viton Seal Gasket 100mm OD
Underbilled Amount: Rs. 164.35
Applicable GST (18%): Rs. 29.58
Total Debit Value: Rs. 193.93
We have debited your account with the above mentioned sum.
Authorized Signatory",DEBIT_NOTE
"DEBIT NOTE
Debit Note No: DC-7407
Debit Note Date: 07-06-2024
Against Original Invoice: INV-2425-10059
Issued By: National Electricals & Controls
GSTIN: 27AABC7682A1Z3
Issued To: MSME Precision Tools
Reason for Debit: Price undercharged in original invoice / Supplementary freight charges / Unbilled additional quantities
Description: Industrial Ball Bearing 6205-2RS
Underbilled Amount: Rs. 535.58
Applicable GST (18%): Rs. 96.40
Total Debit Value: Rs. 631.98
We have debited your account with the above mentioned sum.
Authorized Signatory",DEBIT_NOTE
"TAX CREDIT MEMORANDUM
CN Number: CN-2425-325
Date: 11-09-2024
Ref Invoice: INV-2425-57472
Vendor: Premier Bearings & Power Transmission
Customer: MSME Works
Adjustment Details:
Price reduction agreed on Hydraulic Pressure Relief Valve 1/2 inch - Difference INR 6869.11
IGST Adjustment: INR 1236.44
Net Credit Allowed: INR 8105.55
Authorized Signatory, Accounts Department",CREDIT_NOTE
"QUOTATION / PRICE ESTIMATE
Quotation Ref: QUO-2024-795
Quote Date: 01-04-2024
Valid Until: 08-11-2024
To: Procurement Team, MSME Works
From: Omkar Industrial Hardware
Dear Sir, We are pleased to quote our lowest rates:
Item: Hydraulic Pressure Relief Valve 1/2 inch
Offered Unit Price: Rs. 2014.64 per NOS
Lead Time: 10 working days from PO confirmation.
Payment Terms: 30 days credit from invoice date.
Validity: 30 days from quote date.
Looking forward to your valued Purchase Order.
Best Regards, Sales Manager, Omkar Industrial Hardware",QUOTATION
"CREDIT NOTE
Credit Note No: CN-2425-907
Credit Note Date: 19-03-2024
Original Tax Invoice Ref: INV-2425-70976
Original Invoice Date: 15-08-2024
Issued By: Mahindra Tooling & Forging Ltd
GSTIN: 27AABC6681A1Z7
Issued To: MSME Manufacturing Ltd
Reason for Credit: Rate difference / Return of damaged goods / Post-sale discount
Particulars:
Item: Tungsten Carbide Milling Insert TNMG160408
Quantity Returned / Adjusted: 100 BOX
Unit Rate: Rs. 1380.65
Credit Amount (Taxable): Rs. 14003.92
CGST 9%: Rs. 1260.35
SGST 9%: Rs. 1260.35
Total Credit Note Amount: Rs. 16524.63
We have credited your account with the above amount.",CREDIT_NOTE
"ORIGINAL TAX INVOICE (FOR RECIPIENT)
Invoice No: INV-2425-24992
Date of Issue: 19-01-2024
PO Ref: PO-2024-2329
Supplier Name: Shree Ganesh Hydraulic Spares
PAN: AABCP9871M
GSTIN/UIN: 27AABC6748A1Z4
Place of Supply: 27-Maharashtra
Table of Supplies:
SI No | Item Description | Qty | Rate | Amount
01 | Tungsten Carbide Milling Insert TNMG160408 | 200 | 1389.43 | 277886.00
Total Taxable: 277886.00
IGST @ 18%: 50019.48
Gross Total: 327905.48
Subject to Pune Jurisdiction only.",INVOICE
"FORMAL PRICE PROPOSAL
Quote ID: QUO-2024-379
Date: 14-02-2024
Customer: MSME Manufacturing
Supplier: National Electricals & Controls
Estimated Schedule of Rates:
1. Digital Vernier Caliper 0-150mm - Unit Rate: INR 1296.11 (MOQ: 50 NOS)
GST: 18% extra
Delivery: Ex-works Pune
Warranty: 12 months from delivery date.
Commercial Terms: 100% against delivery.
Authorized Signatory: National Electricals & Controls",QUOTATION
"MATERIAL DISPATCH NOTE
Dispatch Memo: DC-6643
Date: 15-09-2024
Ref PO: PO-2024-1022
Vendor: Shree Ganesh Hydraulic Spares
Delivered To: Central Stores, Unit II
Description: High Tensile Flange Nut M12
Quantity Sent: 200 PCS
No of Cartons: 10
Received Ok by Stores Department.",DELIVERY_NOTE
"DEBIT NOTE
Debit Note No: DC-8565
Debit Note Date: 17-06-2024
Against Original Invoice: INV-2425-82622
Issued By: TechnoMech Automation Solutions
GSTIN: 27AABC3750A1Z8
Issued To: MSME Precision Tools
Reason for Debit: Price undercharged in original invoice / Supplementary freight charges / Unbilled additional quantities
Description: Pneumatic Cylinder Double Acting 50mm Bore
Underbilled Amount: Rs. 24738.19
Applicable GST (18%): Rs. 4452.87
Total Debit Value: Rs. 29191.06
We have debited your account with the above mentioned sum.
Authorized Signatory",DEBIT_NOTE
"DELIVERY RECEIPT & DISPATCH SLIP
DN Number: DC-8074
Dispatch Date: 07-08-2024
Purchase Order: PO-2024-9730
Supplier: Omkar Industrial Hardware
Destination: Industrial Warehouse Sector 5
List of Items:
Item: High Tensile Flange Nut M12 | Qty Delivered: 500 | Unit: PCS | Batch No: B-2024-09
Security Gate Entry No: G-4412
Storekeeper Signature: _____________
Date & Time Received: 07-08-2024 14:30 hrs",DELIVERY_NOTE
"TAX INVOICE
Invoice Number: INV-2425-72285
Invoice Date: 19-03-2024
PO Reference: PO-2024-1268
Seller: National Electricals & Controls
GSTIN: 27AABC2538A1Z1
Buyer: MSME Precision Components Ltd
Buyer GSTIN: 27AAACM1234F1Z5
Description of Goods: Stainless Steel Hex Bolt M10x50mm
HSN Code: 84818030
Qty: 200 PCS
Unit Rate: INR 42.89
Taxable Value: INR 8578.00
CGST 9%: INR 772.02
SGST 9%: INR 772.02
Total Invoice Amount: INR 10122.04
Bank Account: HDFC Bank, IFSC: HDFC0001234, A/c: 5020001928374
For National Electricals & Controls - Authorized Signatory",INVOICE
"INVOICE
Doc No: INV-2425-34022
Date: 16-04-2024
Ref Purchase Order: PO-2024-4027
From: Kirloskar Engineering Supplies
To: Bharat Engineering MSME
Summary:
Item: Viton Seal Gasket 100mm OD
Quantity Supplied: 10
Price per unit: Rs. 99.20
Net Amount: Rs. 992.00
Add GST 18%: Rs. 178.56
Invoice Total: Rs. 1170.56
Payment Due Date: 14-10-2024
Please remit payment to State Bank of India A/c: 30981723481",INVOICE
"DEBIT NOTE
Debit Note No: DC-6725
Debit Note Date: 15-01-2024
Against Original Invoice: INV-2425-68665
Issued By: National Electricals & Controls
GSTIN: 27AABC3612A1Z6
Issued To: MSME Precision Tools
Reason for Debit: Price undercharged in original invoice / Supplementary freight charges / Unbilled additional quantities
Description: Stainless Steel Hex Bolt M10x50mm
Underbilled Amount: Rs. 452.76
Applicable GST (18%): Rs. 81.50
Total Debit Value: Rs. 534.26
We have debited your account with the above mentioned sum.
Authorized Signatory",DEBIT_NOTE
"BANK PAYMENT CONFIRMATION RECEIPT
Voucher ID: PAY-REC-858971
Date: 14-05-2024
Beneficiary Name: Vanguard Steel & Alloys Corp
Beneficiary A/c: 0029018698539
Transaction ID: CMS2024091800492
Settlement for Tax Invoice: INV-2425-44060
PO Number Ref: PO-2024-7114
Net Remitted: Rs. 365007.04
Status: SUCCESS - Transferred to beneficiary account.
Accounts Department Signature",PAYMENT_RECEIPT
"FORMAL PRICE PROPOSAL
Quote ID: QUO-2024-900
Date: 12-05-2024
Customer: MSME Manufacturing
Supplier: TechnoMech Automation Solutions
Estimated Schedule of Rates:
1. Nitrile Rubber O-Ring Kit 200pcs - Unit Rate: INR 522.31 (MOQ: 50 SET)
GST: 18% extra
Delivery: Ex-works Pune
Warranty: 12 months from delivery date.
Commercial Terms: 100% against delivery.
Authorized Signatory: TechnoMech Automation Solutions",QUOTATION
"QUOTATION / PRICE ESTIMATE
Quotation Ref: QUO-2024-891
Quote Date: 19-07-2024
Valid Until: 05-11-2024
To: Procurement Team, MSME Works
From: Shree Ganesh Hydraulic Spares
Dear Sir, We are pleased to quote our lowest rates:
Item: Hydraulic Pressure Relief Valve 1/2 inch
Offered Unit Price: Rs. 1823.30 per NOS
Lead Time: 10 working days from PO confirmation.
Payment Terms: 30 days credit from invoice date.
Validity: 30 days from quote date.
Looking forward to your valued Purchase Order.
Best Regards, Sales Manager, Shree Ganesh Hydraulic Spares",QUOTATION
"COMMERCIAL TAX INVOICE
Bill No: INV-2425-11436
Bill Date: 17-01-2024
Against PO No: PO-2024-2398
Supplier: Sunrise Rubber & Polymer Components
State: Maharashtra, Code: 27
Consignee: Global MSME Solutions
Line Items:
1. Industrial Ball Bearing 6205-2RS | 20 NOS | Rate: Rs. 292.01 | Taxable: Rs. 5840.20 | IGST 18%: Rs. 1051.24 | Total: Rs. 6891.44
Amount in Words: INR 6891.44 only
E-Way Bill No: 541098234712
Declaration: Certified that particulars given above are true and correct.",INVOICE
"QUOTATION / PRICE ESTIMATE
Quotation Ref: QUO-2024-738
Quote Date: 18-03-2024
Valid Until: 14-11-2024
To: Procurement Team, MSME Works
From: Kirloskar Engineering Supplies
Dear Sir, We are pleased to quote our lowest rates:
Item: Pneumatic Cylinder Double Acting 50mm Bore
Offered Unit Price: Rs. 2556.04 per NOS
Lead Time: 10 working days from PO confirmation.
Payment Terms: 30 days credit from invoice date.
Validity: 30 days from quote date.
Looking forward to your valued Purchase Order.
Best Regards, Sales Manager, Kirloskar Engineering Supplies",QUOTATION
"ORIGINAL TAX INVOICE (FOR RECIPIENT)
Invoice No: INV-2425-58100
Date of Issue: 17-01-2024
PO Ref: PO-2024-2116
Supplier Name: Kirloskar Engineering Supplies
PAN: AABCP9871M
GSTIN/UIN: 27AABC2642A1Z3
Place of Supply: 27-Maharashtra
Table of Supplies:
SI No | Item Description | Qty | Rate | Amount
01 | Viton Seal Gasket 100mm OD | 100 | 95.52 | 9552.00
Total Taxable: 9552.00
IGST @ 18%: 1719.36
Gross Total: 11271.36
Subject to Pune Jurisdiction only.",INVOICE
"SAFETY MANUAL & PROTOCOL
Section 4: General Workshop Safety Guidelines.
1. Personal Protective Equipment (PPE) including safety helmets, steel-toe shoes and goggles must be worn.
2. Machine emergency stop buttons must be inspected daily.
3. In case of fire, evacuate through Gate 2.",UNKNOWN
"GOODS DELIVERY CHALLAN
Challan Ref: DC-5613
Date: 04-08-2024
PO Reference: PO-2024-8375
From: TechnoMech Automation Solutions
To: MSME Engineering Works, Plot 8, MIDC Pune
Mode of Transport: Tempo MH-14-BT-1122
LR / GC No: 994821
Particulars:
- Industrial Ball Bearing 6205-2RS : Quantity Delivered: 200 NOS
Remarks: Material subject to quality inspection at gate.
Inspected & Received in good order.",DELIVERY_NOTE
"PAYMENT RECEIPT / VOUCHER
Receipt No: PAY-REC-313693
Payment Date: 17-01-2024
Paid To: Swaraj Pneumatic Systems
Paid By: MSME Auto Components Ltd
Payment Method: NEFT / RTGS Transfer
Bank Transaction Ref / UTR: UTR-HDFC-99182374192
Invoice Reference: INV-2425-31478
Amount Paid: INR 57264.22
Amount in Words: INR 57264.22 only
Payment towards full/part settlement of Invoice INV-2425-31478
Authorized Accounts Officer: Rajeev Kumar",PAYMENT_RECEIPT
"PURCHASE ORDER CONTRACT
PO#: PO-2024-7847
Date: 14-02-2024
To: Shree Ganesh Hydraulic Spares
Shipment Mode: By Road
Delivery Location: Warehouse 4, Sector 12, Manesar
Line Item 1: Digital Vernier Caliper 0-150mm - 10 Nos @ Rs. 1202.19 each.
Subtotal: Rs. 12021.90
Applicable GST: 18%
Grand Total: Rs. 14185.84
Signature: Head of SCM",PURCHASE_ORDER
"ORIGINAL TAX INVOICE (FOR RECIPIENT)
Invoice No: INV-2425-33901
Date of Issue: 23-06-2024
PO Ref: PO-2024-3697
Supplier Name: TechnoMech Automation Solutions
PAN: AABCP9871M
GSTIN/UIN: 27AABC1661A1Z2
Place of Supply: 27-Maharashtra
Table of Supplies:
SI No | Item Description | Qty | Rate | Amount
01 | Stainless Steel Hex Bolt M10x50mm | 10 | 48.60 | 486.00
Total Taxable: 486.00
IGST @ 18%: 87.48
Gross Total: 573.48
Subject to Pune Jurisdiction only.",INVOICE
"DEBIT NOTE
Debit Note No: DC-5833
Debit Note Date: 16-01-2024
Against Original Invoice: INV-2425-72396
Issued By: Apex Industrial Tools Pvt Ltd
GSTIN: 27AABC9315A1Z5
Issued To: MSME Precision Tools
Reason for Debit: Price undercharged in original invoice / Supplementary freight charges / Unbilled additional quantities
Description: Industrial Ball Bearing 6205-2RS
Underbilled Amount: Rs. 1013.23
Applicable GST (18%): Rs. 182.38
Total Debit Value: Rs. 1195.61
We have debited your account with the above mentioned sum.
Authorized Signatory",DEBIT_NOTE
"BANK PAYMENT CONFIRMATION RECEIPT
Voucher ID: PAY-REC-785557
Date: 28-09-2024
Beneficiary Name: TechnoMech Automation Solutions
Beneficiary A/c: 0029019445953
Transaction ID: CMS2024091800492
Settlement for Tax Invoice: INV-2425-42182
PO Number Ref: PO-2024-2268
Net Remitted: Rs. 154449.61
Status: SUCCESS - Transferred to beneficiary account.
Accounts Department Signature",PAYMENT_RECEIPT
"DELIVERY NOTE / CHALLAN
Delivery Challan No: DC-8336
Date of Dispatch: 11-06-2024
Against PO No: PO-2024-1587
Consignor: Kirloskar Engineering Supplies
Consignee: MSME Manufacturing Plant
Vehicle No: MH-12-RN-8821
Transporter: Apex Logistics
Driver Name: Suresh Patil (Mob: 9876543210)
Materials Dispatched:
1. Nitrile Rubber O-Ring Kit 200pcs - Dispatched Qty: 200 SET (Packages: 4 Wooden Crates)
Condition of Goods: Good condition, sealed boxes.
Received by: Stores In-charge (Signature & Date)
Goods received in full and sound condition.",DELIVERY_NOTE
"INVOICE
Doc No: INV-2425-72290
Date: 25-01-2024
Ref Purchase Order: PO-2024-5190
From: Apex Industrial Tools Pvt Ltd
To: Bharat Engineering MSME
Summary:
Item: Carbon Steel Seamless Pipe 2 inch NB
Quantity Supplied: 20
Price per unit: Rs. 607.38
Net Amount: Rs. 12147.60
Add GST 18%: Rs. 2186.57
Invoice Total: Rs. 14334.17
Payment Due Date: 24-10-2024
Please remit payment to State Bank of India A/c: 30981723481",INVOICE
"QUOTATION / PRICE ESTIMATE
Quotation Ref: QUO-2024-377
Quote Date: 20-06-2024
Valid Until: 22-11-2024
To: Procurement Team, MSME Works
From: Swaraj Pneumatic Systems
Dear Sir, We are pleased to quote our lowest rates:
Item: Hydraulic Pressure Relief Valve 1/2 inch
Offered Unit Price: Rs. 1673.52 per NOS
Lead Time: 10 working days from PO confirmation.
Payment Terms: 30 days credit from invoice date.
Validity: 30 days from quote date.
Looking forward to your valued Purchase Order.
Best Regards, Sales Manager, Swaraj Pneumatic Systems",QUOTATION
"PAYMENT ADVICE & RECEIPT
Payment Slip Ref: PAY-REC-971032
Date of Remittance: 15-07-2024
Vendor: Bharat Precision Fasteners
Against Bill/Invoice No: INV-2425-64925
Cheque/NEFT No: 882910
Paid Amount: INR 11360.80
Deductions (TDS/Retention): Rs. 0.00
Total Cleared: INR 11360.80
Received with thanks from MSME Industries.",PAYMENT_RECEIPT
"ORIGINAL TAX INVOICE (FOR RECIPIENT)
Invoice No: INV-2425-66366
Date of Issue: 28-06-2024
PO Ref: PO-2024-6921
Supplier Name: National Electricals & Controls
PAN: AABCP9871M
GSTIN/UIN: 27AABC9163A1Z6
Place of Supply: 27-Maharashtra
Table of Supplies:
SI No | Item Description | Qty | Rate | Amount
01 | Hydraulic Pressure Relief Valve 1/2 inch | 200 | 2018.48 | 403696.00
Total Taxable: 403696.00
IGST @ 18%: 72665.28
Gross Total: 476361.28
Subject to Pune Jurisdiction only.",INVOICE
"FORMAL PRICE PROPOSAL
Quote ID: QUO-2024-711
Date: 06-02-2024
Customer: MSME Manufacturing
Supplier: Omkar Industrial Hardware
Estimated Schedule of Rates:
1. Tungsten Carbide Milling Insert TNMG160408 - Unit Rate: INR 1335.99 (MOQ: 50 BOX)
GST: 18% extra
Delivery: Ex-works Pune
Warranty: 12 months from delivery date.
Commercial Terms: 100% against delivery.
Authorized Signatory: Omkar Industrial Hardware",QUOTATION
"INVOICE
Doc No: INV-2425-81926
Date: 19-01-2024
Ref Purchase Order: PO-2024-1140
From: Swaraj Pneumatic Systems
To: Bharat Engineering MSME
Summary:
Item: High Tensile Flange Nut M12
Quantity Supplied: 50
Price per unit: Rs. 17.17
Net Amount: Rs. 858.50
Add GST 18%: Rs. 154.53
Invoice Total: Rs. 1013.03
Payment Due Date: 26-10-2024
Please remit payment to State Bank of India A/c: 30981723481",INVOICE
"SAFETY MANUAL & PROTOCOL
Section 4: General Workshop Safety Guidelines.
1. Personal Protective Equipment (PPE) including safety helmets, steel-toe shoes and goggles must be worn.
2. Machine emergency stop buttons must be inspected daily.
3. In case of fire, evacuate through Gate 2.",UNKNOWN
"CREDIT NOTE
Credit Note No: CN-2425-586
Credit Note Date: 13-01-2024
Original Tax Invoice Ref: INV-2425-19977
Original Invoice Date: 08-08-2024
Issued By: Omkar Industrial Hardware
GSTIN: 27AABC9385A1Z4
Issued To: MSME Manufacturing Ltd
Reason for Credit: Rate difference / Return of damaged goods / Post-sale discount
Particulars:
Item: Industrial Ball Bearing 6205-2RS
Quantity Returned / Adjusted: 10 NOS
Unit Rate: Rs. 330.23
Credit Amount (Taxable): Rs. 263.20
CGST 9%: Rs. 23.69
SGST 9%: Rs. 23.69
Total Credit Note Amount: Rs. 310.58
We have credited your account with the above amount.",CREDIT_NOTE
"PAYMENT RECEIPT / VOUCHER
Receipt No: PAY-REC-308473
Payment Date: 11-07-2024
Paid To: Vanguard Steel & Alloys Corp
Paid By: MSME Auto Components Ltd
Payment Method: NEFT / RTGS Transfer
Bank Transaction Ref / UTR: UTR-HDFC-99182374192
Invoice Reference: INV-2425-78816
Amount Paid: INR 164699.68
Amount in Words: INR 164699.68 only
Payment towards full/part settlement of Invoice INV-2425-78816
Authorized Accounts Officer: Rajeev Kumar",PAYMENT_RECEIPT
"QUOTATION / PRICE ESTIMATE
Quotation Ref: QUO-2024-916
Quote Date: 13-04-2024
Valid Until: 26-11-2024
To: Procurement Team, MSME Works
From: National Electricals & Controls
Dear Sir, We are pleased to quote our lowest rates:
Item: Digital Vernier Caliper 0-150mm
Offered Unit Price: Rs. 1211.04 per NOS
Lead Time: 10 working days from PO confirmation.
Payment Terms: 30 days credit from invoice date.
Validity: 30 days from quote date.
Looking forward to your valued Purchase Order.
Best Regards, Sales Manager, National Electricals & Controls",QUOTATION
"ORDER CONFIRMATION / PO
Purchase Order Ref: PO-2024-4880
Issued To: Swaraj Pneumatic Systems
Ship To: Plot 102, Chakan Industrial Area, Pune 410501
Order Date: 19-06-2024
Required Delivery Date: 24-10-2024
Items Ordered:
- Viton Seal Gasket 100mm OD | Quantity: 20 PCS | Unit Rate: Rs. 102.80 | Total: Rs. 2056.00
Freight: Extra at actuals
GST: 18% extra
Prepared by: Purchase Dept",PURCHASE_ORDER
"TAX INVOICE
Invoice Number: INV-2425-97810
Invoice Date: 13-05-2024
PO Reference: PO-2024-8096
Seller: Mahindra Tooling & Forging Ltd
GSTIN: 27AABC2858A1Z2
Buyer: MSME Precision Components Ltd
Buyer GSTIN: 27AAACM1234F1Z5
Description of Goods: Stainless Steel Hex Bolt M10x50mm
HSN Code: 84818030
Qty: 500 PCS
Unit Rate: INR 46.51
Taxable Value: INR 23255.00
CGST 9%: INR 2092.95
SGST 9%: INR 2092.95
Total Invoice Amount: INR 27440.90
Bank Account: HDFC Bank, IFSC: HDFC0001234, A/c: 5020001928374
For Mahindra Tooling & Forging Ltd - Authorized Signatory",INVOICE
"GOODS DELIVERY CHALLAN
Challan Ref: DC-8807
Date: 04-04-2024
PO Reference: PO-2024-6739
From: National Electricals & Controls
To: MSME Engineering Works, Plot 8, MIDC Pune
Mode of Transport: Tempo MH-14-BT-1122
LR / GC No: 994821
Particulars:
- Digital Vernier Caliper 0-150mm : Quantity Delivered: 500 NOS
Remarks: Material subject to quality inspection at gate.
Inspected & Received in good order.",DELIVERY_NOTE
"COMMERCIAL TAX INVOICE
Bill No: INV-2425-13311
Bill Date: 28-03-2024
Against PO No: PO-2024-6899
Supplier: Shree Ganesh Hydraulic Spares
State: Maharashtra, Code: 27
Consignee: Global MSME Solutions
Line Items:
1. Viton Seal Gasket 100mm OD | 100 PCS | Rate: Rs. 88.62 | Taxable: Rs. 8862.00 | IGST 18%: Rs. 1595.16 | Total: Rs. 10457.16
Amount in Words: INR 10457.16 only
E-Way Bill No: 541098234712
Declaration: Certified that particulars given above are true and correct.",INVOICE
"TAX CREDIT MEMORANDUM
CN Number: CN-2425-717
Date: 27-03-2024
Ref Invoice: INV-2425-83007
Vendor: Sunrise Rubber & Polymer Components
Customer: MSME Works
Adjustment Details:
Price reduction agreed on Hydraulic Pressure Relief Valve 1/2 inch - Difference INR 5585.54
IGST Adjustment: INR 1005.40
Net Credit Allowed: INR 6590.94
Authorized Signatory, Accounts Department",CREDIT_NOTE
"PAYMENT ADVICE & RECEIPT
Payment Slip Ref: PAY-REC-530993
Date of Remittance: 03-03-2024
Vendor: National Electricals & Controls
Against Bill/Invoice No: INV-2425-67037
Cheque/NEFT No: 882910
Paid Amount: INR 27091.29
Deductions (TDS/Retention): Rs. 0.00
Total Cleared: INR 27091.29
Received with thanks from MSME Industries.",PAYMENT_RECEIPT
"CREDIT NOTE
Credit Note No: CN-2425-258
Credit Note Date: 27-01-2024
Original Tax Invoice Ref: INV-2425-28910
Original Invoice Date: 03-08-2024
Issued By: Mahindra Tooling & Forging Ltd
GSTIN: 27AABC3769A1Z3
Issued To: MSME Manufacturing Ltd
Reason for Credit: Rate difference / Return of damaged goods / Post-sale discount
Particulars:
Item: Hydraulic Pressure Relief Valve 1/2 inch
Quantity Returned / Adjusted: 200 NOS
Unit Rate: Rs. 1844.38
Credit Amount (Taxable): Rs. 42453.00
CGST 9%: Rs. 3820.77
SGST 9%: Rs. 3820.77
Total Credit Note Amount: Rs. 50094.54
We have credited your account with the above amount.",CREDIT_NOTE
"TAX CREDIT MEMORANDUM
CN Number: CN-2425-544
Date: 27-08-2024
Ref Invoice: INV-2425-69737
Vendor: National Electricals & Controls
Customer: MSME Works
Adjustment Details:
Price reduction agreed on Hydraulic Pressure Relief Valve 1/2 inch - Difference INR 30613.63
IGST Adjustment: INR 5510.45
Net Credit Allowed: INR 36124.08
Authorized Signatory, Accounts Department",CREDIT_NOTE
"FORMAL PRICE PROPOSAL
Quote ID: QUO-2024-635
Date: 02-05-2024
Customer: MSME Manufacturing
Supplier: TechnoMech Automation Solutions
Estimated Schedule of Rates:
1. Digital Vernier Caliper 0-150mm - Unit Rate: INR 1244.94 (MOQ: 50 NOS)
GST: 18% extra
Delivery: Ex-works Pune
Warranty: 12 months from delivery date.
Commercial Terms: 100% against delivery.
Authorized Signatory: TechnoMech Automation Solutions",QUOTATION
"SAFETY MANUAL & PROTOCOL
Section 4: General Workshop Safety Guidelines.
1. Personal Protective Equipment (PPE) including safety helmets, steel-toe shoes and goggles must be worn.
2. Machine emergency stop buttons must be inspected daily.
3. In case of fire, evacuate through Gate 2.",UNKNOWN
"CREDIT NOTE
Credit Note No: CN-2425-273
Credit Note Date: 08-05-2024
Original Tax Invoice Ref: INV-2425-22709
Original Invoice Date: 14-08-2024
Issued By: Sunrise Rubber & Polymer Components
GSTIN: 27AABC2960A1Z5
Issued To: MSME Manufacturing Ltd
Reason for Credit: Rate difference / Return of damaged goods / Post-sale discount
Particulars:
Item: Nitrile Rubber O-Ring Kit 200pcs
Quantity Returned / Adjusted: 20 SET
Unit Rate: Rs. 519.98
Credit Amount (Taxable): Rs. 769.17
CGST 9%: Rs. 69.23
SGST 9%: Rs. 69.23
Total Credit Note Amount: Rs. 907.62
We have credited your account with the above amount.",CREDIT_NOTE
"GOODS DELIVERY CHALLAN
Challan Ref: DC-7082
Date: 07-06-2024
PO Reference: PO-2024-6023
From: Mahindra Tooling & Forging Ltd
To: MSME Engineering Works, Plot 8, MIDC Pune
Mode of Transport: Tempo MH-14-BT-1122
LR / GC No: 994821
Particulars:
- Nitrile Rubber O-Ring Kit 200pcs : Quantity Delivered: 500 SET
Remarks: Material subject to quality inspection at gate.
Inspected & Received in good order.",DELIVERY_NOTE
"TAX CREDIT MEMORANDUM
CN Number: CN-2425-387
Date: 16-06-2024
Ref Invoice: INV-2425-78017
Vendor: Sunrise Rubber & Polymer Components
Customer: MSME Works
Adjustment Details:
Price reduction agreed on Tungsten Carbide Milling Insert TNMG160408 - Difference INR 51665.18
IGST Adjustment: INR 9299.73
Net Credit Allowed: INR 60964.91
Authorized Signatory, Accounts Department",CREDIT_NOTE
"VISITOR PASS - RECEPTION
Visitor Name: Ananya Sharma
Company: Tech Audit Consultants
Person to meet: Finance Manager
Entry Time: 10:15 AM
Exit Time: 12:45 PM",UNKNOWN
"SAFETY MANUAL & PROTOCOL
Section 4: General Workshop Safety Guidelines.
1. Personal Protective Equipment (PPE) including safety helmets, steel-toe shoes and goggles must be worn.
2. Machine emergency stop buttons must be inspected daily.
3. In case of fire, evacuate through Gate 2.",UNKNOWN
"DELIVERY NOTE / CHALLAN
Delivery Challan No: DC-6137
Date of Dispatch: 13-09-2024
Against PO No: PO-2024-6126
Consignor: Kirloskar Engineering Supplies
Consignee: MSME Manufacturing Plant
Vehicle No: MH-12-RN-8821
Transporter: Apex Logistics
Driver Name: Suresh Patil (Mob: 9876543210)
Materials Dispatched:
1. Carbon Steel Seamless Pipe 2 inch NB - Dispatched Qty: 20 MTR (Packages: 4 Wooden Crates)
Condition of Goods: Good condition, sealed boxes.
Received by: Stores In-charge (Signature & Date)
Goods received in full and sound condition.",DELIVERY_NOTE
"COMMERCIAL TAX INVOICE
Bill No: INV-2425-56581
Bill Date: 04-05-2024
Against PO No: PO-2024-3349
Supplier: Premier Bearings & Power Transmission
State: Maharashtra, Code: 27
Consignee: Global MSME Solutions
Line Items:
1. Stainless Steel Hex Bolt M10x50mm | 100 PCS | Rate: Rs. 43.66 | Taxable: Rs. 4366.00 | IGST 18%: Rs. 785.88 | Total: Rs. 5151.88
Amount in Words: INR 5151.88 only
E-Way Bill No: 541098234712
Declaration: Certified that particulars given above are true and correct.",INVOICE
"SAFETY MANUAL & PROTOCOL
Section 4: General Workshop Safety Guidelines.
1. Personal Protective Equipment (PPE) including safety helmets, steel-toe shoes and goggles must be worn.
2. Machine emergency stop buttons must be inspected daily.
3. In case of fire, evacuate through Gate 2.",UNKNOWN
"BANK PAYMENT CONFIRMATION RECEIPT
Voucher ID: PAY-REC-825920
Date: 19-08-2024
Beneficiary Name: Premier Bearings & Power Transmission
Beneficiary A/c: 0029017158314
Transaction ID: CMS2024091800492
Settlement for Tax Invoice: INV-2425-44651
PO Number Ref: PO-2024-8440
Net Remitted: Rs. 133394.28
Status: SUCCESS - Transferred to beneficiary account.
Accounts Department Signature",PAYMENT_RECEIPT
"COMMERCIAL TAX INVOICE
Bill No: INV-2425-16963
Bill Date: 11-01-2024
Against PO No: PO-2024-2431
Supplier: Premier Bearings & Power Transmission
State: Maharashtra, Code: 27
Consignee: Global MSME Solutions
Line Items:
1. Carbon Steel Seamless Pipe 2 inch NB | 50 MTR | Rate: Rs. 609.75 | Taxable: Rs. 30487.50 | IGST 18%: Rs. 5487.75 | Total: Rs. 35975.25
Amount in Words: INR 35975.25 only
E-Way Bill No: 541098234712
Declaration: Certified that particulars given above are true and correct.",INVOICE
"PAYMENT ADVICE & RECEIPT
Payment Slip Ref: PAY-REC-513444
Date of Remittance: 21-09-2024
Vendor: Sunrise Rubber & Polymer Components
Against Bill/Invoice No: INV-2425-93906
Cheque/NEFT No: 882910
Paid Amount: INR 22379.88
Deductions (TDS/Retention): Rs. 0.00
Total Cleared: INR 22379.88
Received with thanks from MSME Industries.",PAYMENT_RECEIPT
"ORDER CONFIRMATION / PO
Purchase Order Ref: PO-2024-3061
Issued To: Shree Ganesh Hydraulic Spares
Ship To: Plot 102, Chakan Industrial Area, Pune 410501
Order Date: 18-01-2024
Required Delivery Date: 10-10-2024
Items Ordered:
- Industrial Ball Bearing 6205-2RS | Quantity: 20 NOS | Unit Rate: Rs. 290.52 | Total: Rs. 5810.40
Freight: Extra at actuals
GST: 18% extra
Prepared by: Purchase Dept",PURCHASE_ORDER
"MATERIAL DISPATCH NOTE
Dispatch Memo: DC-8667
Date: 28-07-2024
Ref PO: PO-2024-1097
Vendor: National Electricals & Controls
Delivered To: Central Stores, Unit II
Description: Tungsten Carbide Milling Insert TNMG160408
Quantity Sent: 500 BOX
No of Cartons: 10
Received Ok by Stores Department.",DELIVERY_NOTE
"INVOICE
Doc No: INV-2425-75930
Date: 18-08-2024
Ref Purchase Order: PO-2024-9852
From: Kirloskar Engineering Supplies
To: Bharat Engineering MSME
Summary:
Item: Nitrile Rubber O-Ring Kit 200pcs
Quantity Supplied: 10
Price per unit: Rs. 466.99
Net Amount: Rs. 4669.90
Add GST 18%: Rs. 840.58
Invoice Total: Rs. 5510.48
Payment Due Date: 01-10-2024
Please remit payment to State Bank of India A/c: 30981723481",INVOICE
"DELIVERY RECEIPT & DISPATCH SLIP
DN Number: DC-5649
Dispatch Date: 20-07-2024
Purchase Order: PO-2024-3211
Supplier: Bharat Precision Fasteners
Destination: Industrial Warehouse Sector 5
List of Items:
Item: Hydraulic Pressure Relief Valve 1/2 inch | Qty Delivered: 100 | Unit: NOS | Batch No: B-2024-09
Security Gate Entry No: G-4412
Storekeeper Signature: _____________
Date & Time Received: 20-07-2024 14:30 hrs",DELIVERY_NOTE
"MATERIAL DISPATCH NOTE
Dispatch Memo: DC-6163
Date: 02-08-2024
Ref PO: PO-2024-1518
Vendor: Vanguard Steel & Alloys Corp
Delivered To: Central Stores, Unit II
Description: Digital Vernier Caliper 0-150mm
Quantity Sent: 20 NOS
No of Cartons: 10
Received Ok by Stores Department.",DELIVERY_NOTE
"DEBIT NOTE
Debit Note No: DC-6088
Debit Note Date: 08-06-2024
Against Original Invoice: INV-2425-40041
Issued By: National Electricals & Controls
GSTIN: 27AABC3333A1Z8
Issued To: MSME Precision Tools
Reason for Debit: Price undercharged in original invoice / Supplementary freight charges / Unbilled additional quantities
Description: Pneumatic Cylinder Double Acting 50mm Bore
Underbilled Amount: Rs. 2483.45
Applicable GST (18%): Rs. 447.02
Total Debit Value: Rs. 2930.47
We have debited your account with the above mentioned sum.
Authorized Signatory",DEBIT_NOTE
"DEBIT NOTE
Debit Note No: DC-7718
Debit Note Date: 24-02-2024
Against Original Invoice: INV-2425-19580
Issued By: Premier Bearings & Power Transmission
GSTIN: 27AABC5438A1Z9
Issued To: MSME Precision Tools
Reason for Debit: Price undercharged in original invoice / Supplementary freight charges / Unbilled additional quantities
Description: High Tensile Flange Nut M12
Underbilled Amount: Rs. 226.85
Applicable GST (18%): Rs. 40.83
Total Debit Value: Rs. 267.68
We have debited your account with the above mentioned sum.
Authorized Signatory",DEBIT_NOTE
"INTERNAL MEMORANDUM
To: All Plant Staff
From: Operations Director
Subject: Scheduled maintenance of Power Generator DG-2 on coming Sunday.
All departments are requested to plan production accordingly.",UNKNOWN
"STANDARD PURCHASE ORDER
PO No: PO-2024-8979
Buyer: MSME Manufacturing Works
Supplier: Sunrise Rubber & Polymer Components
GSTIN: 27AABC6950A1Z8
Item Details:
Item Code: ITM-311, Description: High Tensile Flange Nut M12, Quantity: 50, Rate: 17.28, Taxable Value: 864.00
Total Order Value: INR 864.00
Special Instructions: Deliver with inspection certificate and warranty.",PURCHASE_ORDER
"QUOTATION / PRICE ESTIMATE
Quotation Ref: QUO-2024-418
Quote Date: 14-03-2024
Valid Until: 28-11-2024
To: Procurement Team, MSME Works
From: Premier Bearings & Power Transmission
Dear Sir, We are pleased to quote our lowest rates:
Item: Nitrile Rubber O-Ring Kit 200pcs
Offered Unit Price: Rs. 448.90 per SET
Lead Time: 10 working days from PO confirmation.
Payment Terms: 30 days credit from invoice date.
Validity: 30 days from quote date.
Looking forward to your valued Purchase Order.
Best Regards, Sales Manager, Premier Bearings & Power Transmission",QUOTATION
"DEBIT NOTE
Debit Note No: DC-9182
Debit Note Date: 25-01-2024
Against Original Invoice: INV-2425-36815
Issued By: Shree Ganesh Hydraulic Spares
GSTIN: 27AABC9920A1Z7
Issued To: MSME Precision Tools
Reason for Debit: Price undercharged in original invoice / Supplementary freight charges / Unbilled additional quantities
Description: Pneumatic Cylinder Double Acting 50mm Bore
Underbilled Amount: Rs. 103354.65
Applicable GST (18%): Rs. 18603.84
Total Debit Value: Rs. 121958.49
We have debited your account with the above mentioned sum.
Authorized Signatory",DEBIT_NOTE
"MATERIAL DISPATCH NOTE
Dispatch Memo: DC-8069
Date: 21-06-2024
Ref PO: PO-2024-4718
Vendor: National Electricals & Controls
Delivered To: Central Stores, Unit II
Description: Nitrile Rubber O-Ring Kit 200pcs
Quantity Sent: 50 SET
No of Cartons: 10
Received Ok by Stores Department.",DELIVERY_NOTE
"COMMERCIAL PURCHASE ORDER
Order ID: PO-2024-4163
Vendor Name: Apex Industrial Tools Pvt Ltd
Billing Address: Plot 45, Industrial Estate, Pune
Date of Order: 26-06-2024
Scope of Supply:
- Carbon Steel Seamless Pipe 2 inch NB (Qty: 100, Unit Price: 588.40, Amount: 58840.00)
Payment: 100% against Delivery Note and Tax Invoice.
Authorized by Procurement Manager.",PURCHASE_ORDER
"DEBIT NOTE
Debit Note No: DC-6197
Debit Note Date: 09-06-2024
Against Original Invoice: INV-2425-89199
Issued By: Vanguard Steel & Alloys Corp
GSTIN: 27AABC7961A1Z8
Issued To: MSME Precision Tools
Reason for Debit: Price undercharged in original invoice / Supplementary freight charges / Unbilled additional quantities
Description: Carbon Steel Seamless Pipe 2 inch NB
Underbilled Amount: Rs. 861.78
Applicable GST (18%): Rs. 155.12
Total Debit Value: Rs. 1016.90
We have debited your account with the above mentioned sum.
Authorized Signatory",DEBIT_NOTE
"GOODS DELIVERY CHALLAN
Challan Ref: DC-7160
Date: 14-01-2024
PO Reference: PO-2024-2201
From: Apex Industrial Tools Pvt Ltd
To: MSME Engineering Works, Plot 8, MIDC Pune
Mode of Transport: Tempo MH-14-BT-1122
LR / GC No: 994821
Particulars:
- Industrial Ball Bearing 6205-2RS : Quantity Delivered: 500 NOS
Remarks: Material subject to quality inspection at gate.
Inspected & Received in good order.",DELIVERY_NOTE
"DEBIT NOTE
Debit Note No: DC-7252
Debit Note Date: 15-02-2024
Against Original Invoice: INV-2425-17906
Issued By: Kirloskar Engineering Supplies
GSTIN: 27AABC2410A1Z4
Issued To: MSME Precision Tools
Reason for Debit: Price undercharged in original invoice / Supplementary freight charges / Unbilled additional quantities
Description: Pneumatic Cylinder Double Acting 50mm Bore
Underbilled Amount: Rs. 239942.21
Applicable GST (18%): Rs. 43189.60
Total Debit Value: Rs. 283131.81
We have debited your account with the above mentioned sum.
Authorized Signatory",DEBIT_NOTE
"COMMERCIAL TAX INVOICE
Bill No: INV-2425-96574
Bill Date: 12-08-2024
Against PO No: PO-2024-2017
Supplier: Sunrise Rubber & Polymer Components
State: Maharashtra, Code: 27
Consignee: Global MSME Solutions
Line Items:
1. Carbon Steel Seamless Pipe 2 inch NB | 100 MTR | Rate: Rs. 627.84 | Taxable: Rs. 62784.00 | IGST 18%: Rs. 11301.12 | Total: Rs. 74085.12
Amount in Words: INR 74085.12 only
E-Way Bill No: 541098234712
Declaration: Certified that particulars given above are true and correct.",INVOICE
"QUOTATION / PRICE ESTIMATE
Quotation Ref: QUO-2024-425
Quote Date: 01-02-2024
Valid Until: 22-11-2024
To: Procurement Team, MSME Works
From: TechnoMech Automation Solutions
Dear Sir, We are pleased to quote our lowest rates:
Item: Tungsten Carbide Milling Insert TNMG160408
Offered Unit Price: Rs. 1503.18 per BOX
Lead Time: 10 working days from PO confirmation.
Payment Terms: 30 days credit from invoice date.
Validity: 30 days from quote date.
Looking forward to your valued Purchase Order.
Best Regards, Sales Manager, TechnoMech Automation Solutions",QUOTATION
"COMMERCIAL TAX INVOICE
Bill No: INV-2425-62020
Bill Date: 22-07-2024
Against PO No: PO-2024-3378
Supplier: Bharat Precision Fasteners
State: Maharashtra, Code: 27
Consignee: Global MSME Solutions
Line Items:
1. High Tensile Flange Nut M12 | 200 PCS | Rate: Rs. 18.95 | Taxable: Rs. 3790.00 | IGST 18%: Rs. 682.20 | Total: Rs. 4472.20
Amount in Words: INR 4472.20 only
E-Way Bill No: 541098234712
Declaration: Certified that particulars given above are true and correct.",INVOICE
"BANK PAYMENT CONFIRMATION RECEIPT
Voucher ID: PAY-REC-381606
Date: 15-03-2024
Beneficiary Name: Shree Ganesh Hydraulic Spares
Beneficiary A/c: 0029011829874
Transaction ID: CMS2024091800492
Settlement for Tax Invoice: INV-2425-10429
PO Number Ref: PO-2024-1474
Net Remitted: Rs. 2928.38
Status: SUCCESS - Transferred to beneficiary account.
Accounts Department Signature",PAYMENT_RECEIPT
"COMMERCIAL PURCHASE ORDER
Order ID: PO-2024-1449
Vendor Name: Shree Ganesh Hydraulic Spares
Billing Address: Plot 45, Industrial Estate, Pune
Date of Order: 04-08-2024
Scope of Supply:
- High Tensile Flange Nut M12 (Qty: 500, Unit Price: 19.21, Amount: 9605.00)
Payment: 100% against Delivery Note and Tax Invoice.
Authorized by Procurement Manager.",PURCHASE_ORDER
"DEBIT NOTE
Debit Note No: DC-7399
Debit Note Date: 05-05-2024
Against Original Invoice: INV-2425-45967
Issued By: Omkar Industrial Hardware
GSTIN: 27AABC6193A1Z4
Issued To: MSME Precision Tools
Reason for Debit: Price undercharged in original invoice / Supplementary freight charges / Unbilled additional quantities
Description: Digital Vernier Caliper 0-150mm
Underbilled Amount: Rs. 9553.21
Applicable GST (18%): Rs. 1719.58
Total Debit Value: Rs. 11272.79
We have debited your account with the above mentioned sum.
Authorized Signatory",DEBIT_NOTE
"INVOICE
Doc No: INV-2425-81255
Date: 25-06-2024
Ref Purchase Order: PO-2024-2779
From: Vanguard Steel & Alloys Corp
To: Bharat Engineering MSME
Summary:
Item: Pneumatic Cylinder Double Acting 50mm Bore
Quantity Supplied: 100
Price per unit: Rs. 2538.56
Net Amount: Rs. 253856.00
Add GST 18%: Rs. 45694.08
Invoice Total: Rs. 299550.08
Payment Due Date: 16-10-2024
Please remit payment to State Bank of India A/c: 30981723481",INVOICE
"DELIVERY NOTE / CHALLAN
Delivery Challan No: DC-7662
Date of Dispatch: 08-01-2024
Against PO No: PO-2024-6980
Consignor: Swaraj Pneumatic Systems
Consignee: MSME Manufacturing Plant
Vehicle No: MH-12-RN-8821
Transporter: Apex Logistics
Driver Name: Suresh Patil (Mob: 9876543210)
Materials Dispatched:
1. Nitrile Rubber O-Ring Kit 200pcs - Dispatched Qty: 100 SET (Packages: 4 Wooden Crates)
Condition of Goods: Good condition, sealed boxes.
Received by: Stores In-charge (Signature & Date)
Goods received in full and sound condition.",DELIVERY_NOTE
"DEBIT NOTE
Debit Note No: DC-6214
Debit Note Date: 09-09-2024
Against Original Invoice: INV-2425-41489
Issued By: Kirloskar Engineering Supplies
GSTIN: 27AABC8052A1Z6
Issued To: MSME Precision Tools
Reason for Debit: Price undercharged in original invoice / Supplementary freight charges / Unbilled additional quantities
Description: Viton Seal Gasket 100mm OD
Underbilled Amount: Rs. 2368.34
Applicable GST (18%): Rs. 426.30
Total Debit Value: Rs. 2794.64
We have debited your account with the above mentioned sum.
Authorized Signatory",DEBIT_NOTE
"QUOTATION / PRICE ESTIMATE
Quotation Ref: QUO-2024-754
Quote Date: 13-09-2024
Valid Until: 06-11-2024
To: Procurement Team, MSME Works
From: Bharat Precision Fasteners
Dear Sir, We are pleased to quote our lowest rates:
Item: Nitrile Rubber O-Ring Kit 200pcs
Offered Unit Price: Rs. 482.68 per SET
Lead Time: 10 working days from PO confirmation.
Payment Terms: 30 days credit from invoice date.
Validity: 30 days from quote date.
Looking forward to your valued Purchase Order.
Best Regards, Sales Manager, Bharat Precision Fasteners",QUOTATION
"FORMAL PRICE PROPOSAL
Quote ID: QUO-2024-411
Date: 06-07-2024
Customer: MSME Manufacturing
Supplier: Kirloskar Engineering Supplies
Estimated Schedule of Rates:
1. Nitrile Rubber O-Ring Kit 200pcs - Unit Rate: INR 464.18 (MOQ: 50 SET)
GST: 18% extra
Delivery: Ex-works Pune
Warranty: 12 months from delivery date.
Commercial Terms: 100% against delivery.
Authorized Signatory: Kirloskar Engineering Supplies",QUOTATION
"COMMERCIAL TAX INVOICE
Bill No: INV-2425-82952
Bill Date: 24-01-2024
Against PO No: PO-2024-6853
Supplier: Premier Bearings & Power Transmission
State: Maharashtra, Code: 27
Consignee: Global MSME Solutions
Line Items:
1. Stainless Steel Hex Bolt M10x50mm | 20 PCS | Rate: Rs. 45.46 | Taxable: Rs. 909.20 | IGST 18%: Rs. 163.66 | Total: Rs. 1072.86
Amount in Words: INR 1072.86 only
E-Way Bill No: 541098234712
Declaration: Certified that particulars given above are true and correct.",INVOICE
"COMMERCIAL PURCHASE ORDER
Order ID: PO-2024-6549
Vendor Name: TechnoMech Automation Solutions
Billing Address: Plot 45, Industrial Estate, Pune
Date of Order: 02-01-2024
Scope of Supply:
- Tungsten Carbide Milling Insert TNMG160408 (Qty: 100, Unit Price: 1474.30, Amount: 147430.00)
Payment: 100% against Delivery Note and Tax Invoice.
Authorized by Procurement Manager.",PURCHASE_ORDER
"ORDER CONFIRMATION / PO
Purchase Order Ref: PO-2024-2565
Issued To: National Electricals & Controls
Ship To: Plot 102, Chakan Industrial Area, Pune 410501
Order Date: 06-04-2024
Required Delivery Date: 23-10-2024
Items Ordered:
- Nitrile Rubber O-Ring Kit 200pcs | Quantity: 200 SET | Unit Rate: Rs. 443.45 | Total: Rs. 88690.00
Freight: Extra at actuals
GST: 18% extra
Prepared by: Purchase Dept",PURCHASE_ORDER
"DEBIT NOTE
Debit Note No: DC-8711
Debit Note Date: 04-02-2024
Against Original Invoice: INV-2425-48689
Issued By: Premier Bearings & Power Transmission
GSTIN: 27AABC1933A1Z3
Issued To: MSME Precision Tools
Reason for Debit: Price undercharged in original invoice / Supplementary freight charges / Unbilled additional quantities
Description: Tungsten Carbide Milling Insert TNMG160408
Underbilled Amount: Rs. 32818.29
Applicable GST (18%): Rs. 5907.29
Total Debit Value: Rs. 38725.58
We have debited your account with the above mentioned sum.
Authorized Signatory",DEBIT_NOTE
"TAX CREDIT MEMORANDUM
CN Number: CN-2425-762
Date: 24-05-2024
Ref Invoice: INV-2425-17163
Vendor: Premier Bearings & Power Transmission
Customer: MSME Works
Adjustment Details:
Price reduction agreed on Hydraulic Pressure Relief Valve 1/2 inch - Difference INR 6112.97
IGST Adjustment: INR 1100.33
Net Credit Allowed: INR 7213.30
Authorized Signatory, Accounts Department",CREDIT_NOTE
"GOODS DELIVERY CHALLAN
Challan Ref: DC-6370
Date: 27-07-2024
PO Reference: PO-2024-9060
From: Swaraj Pneumatic Systems
To: MSME Engineering Works, Plot 8, MIDC Pune
Mode of Transport: Tempo MH-14-BT-1122
LR / GC No: 994821
Particulars:
- High Tensile Flange Nut M12 : Quantity Delivered: 200 PCS
Remarks: Material subject to quality inspection at gate.
Inspected & Received in good order.",DELIVERY_NOTE
"DEBIT NOTE
Debit Note No: DC-5071
Debit Note Date: 24-03-2024
Against Original Invoice: INV-2425-75369
Issued By: Mahindra Tooling & Forging Ltd
GSTIN: 27AABC8227A1Z2
Issued To: MSME Precision Tools
Reason for Debit: Price undercharged in original invoice / Supplementary freight charges / Unbilled additional quantities
Description: Viton Seal Gasket 100mm OD
Underbilled Amount: Rs. 8784.57
Applicable GST (18%): Rs. 1581.22
Total Debit Value: Rs. 10365.79
We have debited your account with the above mentioned sum.
Authorized Signatory",DEBIT_NOTE
"FORMAL PRICE PROPOSAL
Quote ID: QUO-2024-650
Date: 08-03-2024
Customer: MSME Manufacturing
Supplier: Kirloskar Engineering Supplies
Estimated Schedule of Rates:
1. Tungsten Carbide Milling Insert TNMG160408 - Unit Rate: INR 1507.22 (MOQ: 50 BOX)
GST: 18% extra
Delivery: Ex-works Pune
Warranty: 12 months from delivery date.
Commercial Terms: 100% against delivery.
Authorized Signatory: Kirloskar Engineering Supplies",QUOTATION
"PURCHASE ORDER
PO Number: PO-2024-5087
Date: 09-07-2024
Vendor: Swaraj Pneumatic Systems
Delivery Address: Plot 102, Chakan Industrial Area, Pune 410501
Payment Terms: Net 30 Days
Line Items:
1. Digital Vernier Caliper 0-150mm - Qty: 200 @ INR 1295.66/unit = INR 259132.00
Authorized Signatory
Terms & Conditions: Goods must be delivered within 15 days.",PURCHASE_ORDER
"DEBIT NOTE
Debit Note No: DC-7392
Debit Note Date: 20-09-2024
Against Original Invoice: INV-2425-26697
Issued By: Swaraj Pneumatic Systems
GSTIN: 27AABC1100A1Z1
Issued To: MSME Precision Tools
Reason for Debit: Price undercharged in original invoice / Supplementary freight charges / Unbilled additional quantities
Description: Viton Seal Gasket 100mm OD
Underbilled Amount: Rs. 2576.41
Applicable GST (18%): Rs. 463.75
Total Debit Value: Rs. 3040.16
We have debited your account with the above mentioned sum.
Authorized Signatory",DEBIT_NOTE
"FORMAL PRICE PROPOSAL
Quote ID: QUO-2024-513
Date: 12-09-2024
Customer: MSME Manufacturing
Supplier: Shree Ganesh Hydraulic Spares
Estimated Schedule of Rates:
1. Hydraulic Pressure Relief Valve 1/2 inch - Unit Rate: INR 1744.34 (MOQ: 50 NOS)
GST: 18% extra
Delivery: Ex-works Pune
Warranty: 12 months from delivery date.
Commercial Terms: 100% against delivery.
Authorized Signatory: Shree Ganesh Hydraulic Spares",QUOTATION
"CREDIT NOTE
Credit Note No: CN-2425-738
Credit Note Date: 01-05-2024
Original Tax Invoice Ref: INV-2425-46518
Original Invoice Date: 18-08-2024
Issued By: Kirloskar Engineering Supplies
GSTIN: 27AABC1199A1Z6
Issued To: MSME Manufacturing Ltd
Reason for Credit: Rate difference / Return of damaged goods / Post-sale discount
Particulars:
Item: High Tensile Flange Nut M12
Quantity Returned / Adjusted: 20 PCS
Unit Rate: Rs. 18.84
Credit Amount (Taxable): Rs. 26.92
CGST 9%: Rs. 2.42
SGST 9%: Rs. 2.42
Total Credit Note Amount: Rs. 31.77
We have credited your account with the above amount.",CREDIT_NOTE
"DEBIT NOTE
Debit Note No: DC-7287
Debit Note Date: 07-02-2024
Against Original Invoice: INV-2425-70682
Issued By: Shree Ganesh Hydraulic Spares
GSTIN: 27AABC1695A1Z7
Issued To: MSME Precision Tools
Reason for Debit: Price undercharged in original invoice / Supplementary freight charges / Unbilled additional quantities
Description: Tungsten Carbide Milling Insert TNMG160408
Underbilled Amount: Rs. 118822.34
Applicable GST (18%): Rs. 21388.02
Total Debit Value: Rs. 140210.36
We have debited your account with the above mentioned sum.
Authorized Signatory",DEBIT_NOTE
"CREDIT NOTE
Credit Note No: CN-2425-671
Credit Note Date: 09-08-2024
Original Tax Invoice Ref: INV-2425-17158
Original Invoice Date: 09-08-2024
Issued By: Shree Ganesh Hydraulic Spares
GSTIN: 27AABC3920A1Z5
Issued To: MSME Manufacturing Ltd
Reason for Credit: Rate difference / Return of damaged goods / Post-sale discount
Particulars:
Item: Tungsten Carbide Milling Insert TNMG160408
Quantity Returned / Adjusted: 50 BOX
Unit Rate: Rs. 1529.81
Credit Amount (Taxable): Rs. 12388.26
CGST 9%: Rs. 1114.94
SGST 9%: Rs. 1114.94
Total Credit Note Amount: Rs. 14618.15
We have credited your account with the above amount.",CREDIT_NOTE
"PAYMENT ADVICE & RECEIPT
Payment Slip Ref: PAY-REC-145259
Date of Remittance: 24-08-2024
Vendor: Shree Ganesh Hydraulic Spares
Against Bill/Invoice No: INV-2425-16086
Cheque/NEFT No: 882910
Paid Amount: INR 880.38
Deductions (TDS/Retention): Rs. 0.00
Total Cleared: INR 880.38
Received with thanks from MSME Industries.",PAYMENT_RECEIPT
"INTERNAL MEMORANDUM
To: All Plant Staff
From: Operations Director
Subject: Scheduled maintenance of Power Generator DG-2 on coming Sunday.
All departments are requested to plan production accordingly.",UNKNOWN
"QUOTATION / PRICE ESTIMATE
Quotation Ref: QUO-2024-457
Quote Date: 19-04-2024
Valid Until: 04-11-2024
To: Procurement Team, MSME Works
From: Vanguard Steel & Alloys Corp
Dear Sir, We are pleased to quote our lowest rates:
Item: Tungsten Carbide Milling Insert TNMG160408
Offered Unit Price: Rs. 1506.77 per BOX
Lead Time: 10 working days from PO confirmation.
Payment Terms: 30 days credit from invoice date.
Validity: 30 days from quote date.
Looking forward to your valued Purchase Order.
Best Regards, Sales Manager, Vanguard Steel & Alloys Corp",QUOTATION
"DEBIT NOTE
Debit Note No: DC-9755
Debit Note Date: 23-06-2024
Against Original Invoice: INV-2425-88949
Issued By: Sunrise Rubber & Polymer Components
GSTIN: 27AABC7991A1Z3
Issued To: MSME Precision Tools
Reason for Debit: Price undercharged in original invoice / Supplementary freight charges / Unbilled additional quantities
Description: Industrial Ball Bearing 6205-2RS
Underbilled Amount: Rs. 15836.69
Applicable GST (18%): Rs. 2850.60
Total Debit Value: Rs. 18687.29
We have debited your account with the above mentioned sum.
Authorized Signatory",DEBIT_NOTE
"PURCHASE ORDER CONTRACT
PO#: PO-2024-8528
Date: 16-03-2024
To: Shree Ganesh Hydraulic Spares
Shipment Mode: By Road
Delivery Location: Warehouse 4, Sector 12, Manesar
Line Item 1: Viton Seal Gasket 100mm OD - 20 Nos @ Rs. 91.45 each.
Subtotal: Rs. 1829.00
Applicable GST: 18%
Grand Total: Rs. 2158.22
Signature: Head of SCM",PURCHASE_ORDER
"GOODS DELIVERY CHALLAN
Challan Ref: DC-5115
Date: 13-07-2024
PO Reference: PO-2024-7192
From: Kirloskar Engineering Supplies
To: MSME Engineering Works, Plot 8, MIDC Pune
Mode of Transport: Tempo MH-14-BT-1122
LR / GC No: 994821
Particulars:
- Pneumatic Cylinder Double Acting 50mm Bore : Quantity Delivered: 20 NOS
Remarks: Material subject to quality inspection at gate.
Inspected & Received in good order.",DELIVERY_NOTE
"INVOICE
Doc No: INV-2425-94032
Date: 15-03-2024
Ref Purchase Order: PO-2024-9652
From: Mahindra Tooling & Forging Ltd
To: Bharat Engineering MSME
Summary:
Item: High Tensile Flange Nut M12
Quantity Supplied: 10
Price per unit: Rs. 19.18
Net Amount: Rs. 191.80
Add GST 18%: Rs. 34.52
Invoice Total: Rs. 226.32
Payment Due Date: 21-10-2024
Please remit payment to State Bank of India A/c: 30981723481",INVOICE
"DELIVERY NOTE / CHALLAN
Delivery Challan No: DC-6108
Date of Dispatch: 11-04-2024
Against PO No: PO-2024-4871
Consignor: Apex Industrial Tools Pvt Ltd
Consignee: MSME Manufacturing Plant
Vehicle No: MH-12-RN-8821
Transporter: Apex Logistics
Driver Name: Suresh Patil (Mob: 9876543210)
Materials Dispatched:
1. Pneumatic Cylinder Double Acting 50mm Bore - Dispatched Qty: 20 NOS (Packages: 4 Wooden Crates)
Condition of Goods: Good condition, sealed boxes.
Received by: Stores In-charge (Signature & Date)
Goods received in full and sound condition.",DELIVERY_NOTE
"PAYMENT ADVICE & RECEIPT
Payment Slip Ref: PAY-REC-545973
Date of Remittance: 04-02-2024
Vendor: Premier Bearings & Power Transmission
Against Bill/Invoice No: INV-2425-81356
Cheque/NEFT No: 882910
Paid Amount: INR 9535.34
Deductions (TDS/Retention): Rs. 0.00
Total Cleared: INR 9535.34
Received with thanks from MSME Industries.",PAYMENT_RECEIPT
"GOODS DELIVERY CHALLAN
Challan Ref: DC-7388
Date: 14-07-2024
PO Reference: PO-2024-5710
From: TechnoMech Automation Solutions
To: MSME Engineering Works, Plot 8, MIDC Pune
Mode of Transport: Tempo MH-14-BT-1122
LR / GC No: 994821
Particulars:
- Nitrile Rubber O-Ring Kit 200pcs : Quantity Delivered: 10 SET
Remarks: Material subject to quality inspection at gate.
Inspected & Received in good order.",DELIVERY_NOTE
"PAYMENT RECEIPT / VOUCHER
Receipt No: PAY-REC-788924
Payment Date: 17-05-2024
Paid To: Premier Bearings & Power Transmission
Paid By: MSME Auto Components Ltd
Payment Method: NEFT / RTGS Transfer
Bank Transaction Ref / UTR: UTR-HDFC-99182374192
Invoice Reference: INV-2425-24190
Amount Paid: INR 36077.42
Amount in Words: INR 36077.42 only
Payment towards full/part settlement of Invoice INV-2425-24190
Authorized Accounts Officer: Rajeev Kumar",PAYMENT_RECEIPT
"PAYMENT RECEIPT / VOUCHER
Receipt No: PAY-REC-327194
Payment Date: 09-09-2024
Paid To: Kirloskar Engineering Supplies
Paid By: MSME Auto Components Ltd
Payment Method: NEFT / RTGS Transfer
Bank Transaction Ref / UTR: UTR-HDFC-99182374192
Invoice Reference: INV-2425-81081
Amount Paid: INR 171058.70
Amount in Words: INR 171058.70 only
Payment towards full/part settlement of Invoice INV-2425-81081
Authorized Accounts Officer: Rajeev Kumar",PAYMENT_RECEIPT
"DEBIT NOTE
Debit Note No: DC-6566
Debit Note Date: 06-03-2024
Against Original Invoice: INV-2425-16177
Issued By: National Electricals & Controls
GSTIN: 27AABC5928A1Z2
Issued To: MSME Precision Tools
Reason for Debit: Price undercharged in original invoice / Supplementary freight charges / Unbilled additional quantities
Description: Nitrile Rubber O-Ring Kit 200pcs
Underbilled Amount: Rs. 10195.49
Applicable GST (18%): Rs. 1835.19
Total Debit Value: Rs. 12030.68
We have debited your account with the above mentioned sum.
Authorized Signatory",DEBIT_NOTE
"ORDER CONFIRMATION / PO
Purchase Order Ref: PO-2024-7166
Issued To: Premier Bearings & Power Transmission
Ship To: Plot 102, Chakan Industrial Area, Pune 410501
Order Date: 15-05-2024
Required Delivery Date: 04-10-2024
Items Ordered:
- Pneumatic Cylinder Double Acting 50mm Bore | Quantity: 100 NOS | Unit Rate: Rs. 2876.80 | Total: Rs. 287680.00
Freight: Extra at actuals
GST: 18% extra
Prepared by: Purchase Dept",PURCHASE_ORDER
"COMMERCIAL PURCHASE ORDER
Order ID: PO-2024-8840
Vendor Name: Sunrise Rubber & Polymer Components
Billing Address: Plot 45, Industrial Estate, Pune
Date of Order: 11-02-2024
Scope of Supply:
- Hydraulic Pressure Relief Valve 1/2 inch (Qty: 500, Unit Price: 2028.33, Amount: 1014165.00)
Payment: 100% against Delivery Note and Tax Invoice.
Authorized by Procurement Manager.",PURCHASE_ORDER
"BANK PAYMENT CONFIRMATION RECEIPT
Voucher ID: PAY-REC-185212
Date: 11-06-2024
Beneficiary Name: Vanguard Steel & Alloys Corp
Beneficiary A/c: 0029011130077
Transaction ID: CMS2024091800492
Settlement for Tax Invoice: INV-2425-71408
PO Number Ref: PO-2024-5159
Net Remitted: Rs. 849.41
Status: SUCCESS - Transferred to beneficiary account.
Accounts Department Signature",PAYMENT_RECEIPT
"EMPLOYEE LEAVE APPLICATION
Employee Name: Ramesh Shinde
Department: Assembly Line B
Leave Dates: 10th Oct to 12th Oct
Reason: Personal family function.
Approved by Plant Supervisor.",UNKNOWN
"INTERNAL MEMORANDUM
To: All Plant Staff
From: Operations Director
Subject: Scheduled maintenance of Power Generator DG-2 on coming Sunday.
All departments are requested to plan production accordingly.",UNKNOWN
"PURCHASE ORDER
PO Number: PO-2024-2425
Date: 15-04-2024
Vendor: Kirloskar Engineering Supplies
Delivery Address: Plot 102, Chakan Industrial Area, Pune 410501
Payment Terms: Net 30 Days
Line Items:
1. Hydraulic Pressure Relief Valve 1/2 inch - Qty: 500 @ INR 1837.83/unit = INR 918915.00
Authorized Signatory
Terms & Conditions: Goods must be delivered within 15 days.",PURCHASE_ORDER
"TAX INVOICE
Invoice Number: INV-2425-26205
Invoice Date: 18-04-2024
PO Reference: PO-2024-2780
Seller: Apex Industrial Tools Pvt Ltd
GSTIN: 27AABC1235A1Z2
Buyer: MSME Precision Components Ltd
Buyer GSTIN: 27AAACM1234F1Z5
Description of Goods: Hydraulic Pressure Relief Valve 1/2 inch
HSN Code: 84818030
Qty: 10 NOS
Unit Rate: INR 2026.13
Taxable Value: INR 20261.30
CGST 9%: INR 1823.52
SGST 9%: INR 1823.52
Total Invoice Amount: INR 23908.33
Bank Account: HDFC Bank, IFSC: HDFC0001234, A/c: 5020001928374
For Apex Industrial Tools Pvt Ltd - Authorized Signatory",INVOICE
"QUOTATION / PRICE ESTIMATE
Quotation Ref: QUO-2024-650
Quote Date: 28-01-2024
Valid Until: 16-11-2024
To: Procurement Team, MSME Works
From: TechnoMech Automation Solutions
Dear Sir, We are pleased to quote our lowest rates:
Item: Stainless Steel Hex Bolt M10x50mm
Offered Unit Price: Rs. 48.77 per PCS
Lead Time: 10 working days from PO confirmation.
Payment Terms: 30 days credit from invoice date.
Validity: 30 days from quote date.
Looking forward to your valued Purchase Order.
Best Regards, Sales Manager, TechnoMech Automation Solutions",QUOTATION
"GOODS DELIVERY CHALLAN
Challan Ref: DC-7512
Date: 26-03-2024
PO Reference: PO-2024-9847
From: Vanguard Steel & Alloys Corp
To: MSME Engineering Works, Plot 8, MIDC Pune
Mode of Transport: Tempo MH-14-BT-1122
LR / GC No: 994821
Particulars:
- Hydraulic Pressure Relief Valve 1/2 inch : Quantity Delivered: 20 NOS
Remarks: Material subject to quality inspection at gate.
Inspected & Received in good order.",DELIVERY_NOTE
"TAX CREDIT MEMORANDUM
CN Number: CN-2425-833
Date: 28-01-2024
Ref Invoice: INV-2425-17383
Vendor: Premier Bearings & Power Transmission
Customer: MSME Works
Adjustment Details:
Price reduction agreed on Pneumatic Cylinder Double Acting 50mm Bore - Difference INR 54637.41
IGST Adjustment: INR 9834.73
Net Credit Allowed: INR 64472.14
Authorized Signatory, Accounts Department",CREDIT_NOTE
"TAX INVOICE
Invoice Number: INV-2425-76901
Invoice Date: 13-07-2024
PO Reference: PO-2024-5086
Seller: Apex Industrial Tools Pvt Ltd
GSTIN: 27AABC5269A1Z6
Buyer: MSME Precision Components Ltd
Buyer GSTIN: 27AAACM1234F1Z5
Description of Goods: Carbon Steel Seamless Pipe 2 inch NB
HSN Code: 84818030
Qty: 50 MTR
Unit Rate: INR 666.52
Taxable Value: INR 33326.00
CGST 9%: INR 2999.34
SGST 9%: INR 2999.34
Total Invoice Amount: INR 39324.68
Bank Account: HDFC Bank, IFSC: HDFC0001234, A/c: 5020001928374
For Apex Industrial Tools Pvt Ltd - Authorized Signatory",INVOICE
"GOODS DELIVERY CHALLAN
Challan Ref: DC-6088
Date: 19-06-2024
PO Reference: PO-2024-8675
From: Kirloskar Engineering Supplies
To: MSME Engineering Works, Plot 8, MIDC Pune
Mode of Transport: Tempo MH-14-BT-1122
LR / GC No: 994821
Particulars:
- Pneumatic Cylinder Double Acting 50mm Bore : Quantity Delivered: 100 NOS
Remarks: Material subject to quality inspection at gate.
Inspected & Received in good order.",DELIVERY_NOTE
"TAX CREDIT MEMORANDUM
CN Number: CN-2425-947
Date: 28-04-2024
Ref Invoice: INV-2425-90489
Vendor: Premier Bearings & Power Transmission
Customer: MSME Works
Adjustment Details:
Price reduction agreed on Carbon Steel Seamless Pipe 2 inch NB - Difference INR 8278.69
IGST Adjustment: INR 1490.16
Net Credit Allowed: INR 9768.85
Authorized Signatory, Accounts Department",CREDIT_NOTE
"PAYMENT ADVICE & RECEIPT
Payment Slip Ref: PAY-REC-705672
Date of Remittance: 04-04-2024
Vendor: Sunrise Rubber & Polymer Components
Against Bill/Invoice No: INV-2425-48352
Cheque/NEFT No: 882910
Paid Amount: INR 122889.92
Deductions (TDS/Retention): Rs. 0.00
Total Cleared: INR 122889.92
Received with thanks from MSME Industries.",PAYMENT_RECEIPT
"PURCHASE ORDER
PO Number: PO-2024-8758
Date: 02-08-2024
Vendor: National Electricals & Controls
Delivery Address: Plot 102, Chakan Industrial Area, Pune 410501
Payment Terms: Net 30 Days
Line Items:
1. Digital Vernier Caliper 0-150mm - Qty: 50 @ INR 1244.89/unit = INR 62244.50
Authorized Signatory
Terms & Conditions: Goods must be delivered within 15 days.",PURCHASE_ORDER
"FORMAL PRICE PROPOSAL
Quote ID: QUO-2024-969
Date: 10-03-2024
Customer: MSME Manufacturing
Supplier: Apex Industrial Tools Pvt Ltd
Estimated Schedule of Rates:
1. Tungsten Carbide Milling Insert TNMG160408 - Unit Rate: INR 1320.75 (MOQ: 50 BOX)
GST: 18% extra
Delivery: Ex-works Pune
Warranty: 12 months from delivery date.
Commercial Terms: 100% against delivery.
Authorized Signatory: Apex Industrial Tools Pvt Ltd",QUOTATION
"ORIGINAL TAX INVOICE (FOR RECIPIENT)
Invoice No: INV-2425-60150
Date of Issue: 15-09-2024
PO Ref: PO-2024-7288
Supplier Name: National Electricals & Controls
PAN: AABCP9871M
GSTIN/UIN: 27AABC2137A1Z4
Place of Supply: 27-Maharashtra
Table of Supplies:
SI No | Item Description | Qty | Rate | Amount
01 | Digital Vernier Caliper 0-150mm | 100 | 1165.55 | 116555.00
Total Taxable: 116555.00
IGST @ 18%: 20979.90
Gross Total: 137534.90
Subject to Pune Jurisdiction only.",INVOICE
"TAX CREDIT MEMORANDUM
CN Number: CN-2425-393
Date: 16-09-2024
Ref Invoice: INV-2425-91899
Vendor: National Electricals & Controls
Customer: MSME Works
Adjustment Details:
Price reduction agreed on Viton Seal Gasket 100mm OD - Difference INR 1133.39
IGST Adjustment: INR 204.01
Net Credit Allowed: INR 1337.40
Authorized Signatory, Accounts Department",CREDIT_NOTE
"MATERIAL DISPATCH NOTE
Dispatch Memo: DC-7981
Date: 10-03-2024
Ref PO: PO-2024-8369
Vendor: Kirloskar Engineering Supplies
Delivered To: Central Stores, Unit II
Description: Digital Vernier Caliper 0-150mm
Quantity Sent: 20 NOS
No of Cartons: 10
Received Ok by Stores Department.",DELIVERY_NOTE
"INVOICE
Doc No: INV-2425-85135
Date: 03-04-2024
Ref Purchase Order: PO-2024-7224
From: Mahindra Tooling & Forging Ltd
To: Bharat Engineering MSME
Summary:
Item: Nitrile Rubber O-Ring Kit 200pcs
Quantity Supplied: 10
Price per unit: Rs. 456.87
Net Amount: Rs. 4568.70
Add GST 18%: Rs. 822.37
Invoice Total: Rs. 5391.07
Payment Due Date: 13-10-2024
Please remit payment to State Bank of India A/c: 30981723481",INVOICE
"DEBIT NOTE
Debit Note No: DC-6590
Debit Note Date: 19-07-2024
Against Original Invoice: INV-2425-40263
Issued By: Shree Ganesh Hydraulic Spares
GSTIN: 27AABC2252A1Z8
Issued To: MSME Precision Tools
Reason for Debit: Price undercharged in original invoice / Supplementary freight charges / Unbilled additional quantities
Description: Tungsten Carbide Milling Insert TNMG160408
Underbilled Amount: Rs. 4064.77
Applicable GST (18%): Rs. 731.66
Total Debit Value: Rs. 4796.43
We have debited your account with the above mentioned sum.
Authorized Signatory",DEBIT_NOTE
"DEBIT NOTE
Debit Note No: DC-6630
Debit Note Date: 04-07-2024
Against Original Invoice: INV-2425-10344
Issued By: National Electricals & Controls
GSTIN: 27AABC9943A1Z5
Issued To: MSME Precision Tools
Reason for Debit: Price undercharged in original invoice / Supplementary freight charges / Unbilled additional quantities
Description: High Tensile Flange Nut M12
Underbilled Amount: Rs. 972.29
Applicable GST (18%): Rs. 175.01
Total Debit Value: Rs. 1147.30
We have debited your account with the above mentioned sum.
Authorized Signatory",DEBIT_NOTE
"MATERIAL DISPATCH NOTE
Dispatch Memo: DC-6278
Date: 17-09-2024
Ref PO: PO-2024-1357
Vendor: Premier Bearings & Power Transmission
Delivered To: Central Stores, Unit II
Description: Hydraulic Pressure Relief Valve 1/2 inch
Quantity Sent: 10 NOS
No of Cartons: 10
Received Ok by Stores Department.",DELIVERY_NOTE
"FORMAL PRICE PROPOSAL
Quote ID: QUO-2024-606
Date: 25-04-2024
Customer: MSME Manufacturing
Supplier: Premier Bearings & Power Transmission
Estimated Schedule of Rates:
1. Carbon Steel Seamless Pipe 2 inch NB - Unit Rate: INR 647.29 (MOQ: 50 MTR)
GST: 18% extra
Delivery: Ex-works Pune
Warranty: 12 months from delivery date.
Commercial Terms: 100% against delivery.
Authorized Signatory: Premier Bearings & Power Transmission",QUOTATION
"PURCHASE ORDER CONTRACT
PO#: PO-2024-8669
Date: 04-01-2024
To: Omkar Industrial Hardware
Shipment Mode: By Road
Delivery Location: Warehouse 4, Sector 12, Manesar
Line Item 1: Nitrile Rubber O-Ring Kit 200pcs - 500 Nos @ Rs. 523.17 each.
Subtotal: Rs. 261585.00
Applicable GST: 18%
Grand Total: Rs. 308670.30
Signature: Head of SCM",PURCHASE_ORDER
"FORMAL PRICE PROPOSAL
Quote ID: QUO-2024-641
Date: 07-02-2024
Customer: MSME Manufacturing
Supplier: Sunrise Rubber & Polymer Components
Estimated Schedule of Rates:
1. Nitrile Rubber O-Ring Kit 200pcs - Unit Rate: INR 491.30 (MOQ: 50 SET)
GST: 18% extra
Delivery: Ex-works Pune
Warranty: 12 months from delivery date.
Commercial Terms: 100% against delivery.
Authorized Signatory: Sunrise Rubber & Polymer Components",QUOTATION
"INTERNAL MEMORANDUM
To: All Plant Staff
From: Operations Director
Subject: Scheduled maintenance of Power Generator DG-2 on coming Sunday.
All departments are requested to plan production accordingly.",UNKNOWN
"DELIVERY RECEIPT & DISPATCH SLIP
DN Number: DC-9227
Dispatch Date: 02-09-2024
Purchase Order: PO-2024-5276
Supplier: Vanguard Steel & Alloys Corp
Destination: Industrial Warehouse Sector 5
List of Items:
Item: Carbon Steel Seamless Pipe 2 inch NB | Qty Delivered: 10 | Unit: MTR | Batch No: B-2024-09
Security Gate Entry No: G-4412
Storekeeper Signature: _____________
Date & Time Received: 02-09-2024 14:30 hrs",DELIVERY_NOTE
"PAYMENT ADVICE & RECEIPT
Payment Slip Ref: PAY-REC-177391
Date of Remittance: 28-03-2024
Vendor: Bharat Precision Fasteners
Against Bill/Invoice No: INV-2425-11620
Cheque/NEFT No: 882910
Paid Amount: INR 22699.62
Deductions (TDS/Retention): Rs. 0.00
Total Cleared: INR 22699.62
Received with thanks from MSME Industries.",PAYMENT_RECEIPT
"FORMAL PRICE PROPOSAL
Quote ID: QUO-2024-352
Date: 08-08-2024
Customer: MSME Manufacturing
Supplier: Shree Ganesh Hydraulic Spares
Estimated Schedule of Rates:
1. Digital Vernier Caliper 0-150mm - Unit Rate: INR 1303.95 (MOQ: 50 NOS)
GST: 18% extra
Delivery: Ex-works Pune
Warranty: 12 months from delivery date.
Commercial Terms: 100% against delivery.
Authorized Signatory: Shree Ganesh Hydraulic Spares",QUOTATION
"DELIVERY NOTE / CHALLAN
Delivery Challan No: DC-6167
Date of Dispatch: 18-01-2024
Against PO No: PO-2024-9315
Consignor: Apex Industrial Tools Pvt Ltd
Consignee: MSME Manufacturing Plant
Vehicle No: MH-12-RN-8821
Transporter: Apex Logistics
Driver Name: Suresh Patil (Mob: 9876543210)
Materials Dispatched:
1. Pneumatic Cylinder Double Acting 50mm Bore - Dispatched Qty: 20 NOS (Packages: 4 Wooden Crates)
Condition of Goods: Good condition, sealed boxes.
Received by: Stores In-charge (Signature & Date)
Goods received in full and sound condition.",DELIVERY_NOTE
"FORMAL PRICE PROPOSAL
Quote ID: QUO-2024-490
Date: 05-09-2024
Customer: MSME Manufacturing
Supplier: TechnoMech Automation Solutions
Estimated Schedule of Rates:
1. Tungsten Carbide Milling Insert TNMG160408 - Unit Rate: INR 1339.13 (MOQ: 50 BOX)
GST: 18% extra
Delivery: Ex-works Pune
Warranty: 12 months from delivery date.
Commercial Terms: 100% against delivery.
Authorized Signatory: TechnoMech Automation Solutions",QUOTATION
"SAFETY MANUAL & PROTOCOL
Section 4: General Workshop Safety Guidelines.
1. Personal Protective Equipment (PPE) including safety helmets, steel-toe shoes and goggles must be worn.
2. Machine emergency stop buttons must be inspected daily.
3. In case of fire, evacuate through Gate 2.",UNKNOWN
"QUOTATION / PRICE ESTIMATE
Quotation Ref: QUO-2024-356
Quote Date: 01-02-2024
Valid Until: 03-11-2024
To: Procurement Team, MSME Works
From: Swaraj Pneumatic Systems
Dear Sir, We are pleased to quote our lowest rates:
Item: Digital Vernier Caliper 0-150mm
Offered Unit Price: Rs. 1208.93 per NOS
Lead Time: 10 working days from PO confirmation.
Payment Terms: 30 days credit from invoice date.
Validity: 30 days from quote date.
Looking forward to your valued Purchase Order.
Best Regards, Sales Manager, Swaraj Pneumatic Systems",QUOTATION
"PAYMENT ADVICE & RECEIPT
Payment Slip Ref: PAY-REC-388524
Date of Remittance: 21-03-2024
Vendor: Swaraj Pneumatic Systems
Against Bill/Invoice No: INV-2425-42550
Cheque/NEFT No: 882910
Paid Amount: INR 10691.98
Deductions (TDS/Retention): Rs. 0.00
Total Cleared: INR 10691.98
Received with thanks from MSME Industries.",PAYMENT_RECEIPT
"QUOTATION / PRICE ESTIMATE
Quotation Ref: QUO-2024-819
Quote Date: 05-03-2024
Valid Until: 03-11-2024
To: Procurement Team, MSME Works
From: Swaraj Pneumatic Systems
Dear Sir, We are pleased to quote our lowest rates:
Item: Tungsten Carbide Milling Insert TNMG160408
Offered Unit Price: Rs. 1499.85 per BOX
Lead Time: 10 working days from PO confirmation.
Payment Terms: 30 days credit from invoice date.
Validity: 30 days from quote date.
Looking forward to your valued Purchase Order.
Best Regards, Sales Manager, Swaraj Pneumatic Systems",QUOTATION
"PAYMENT RECEIPT / VOUCHER
Receipt No: PAY-REC-325039
Payment Date: 13-09-2024
Paid To: Shree Ganesh Hydraulic Spares
Paid By: MSME Auto Components Ltd
Payment Method: NEFT / RTGS Transfer
Bank Transaction Ref / UTR: UTR-HDFC-99182374192
Invoice Reference: INV-2425-72514
Amount Paid: INR 313287.64
Amount in Words: INR 313287.64 only
Payment towards full/part settlement of Invoice INV-2425-72514
Authorized Accounts Officer: Rajeev Kumar",PAYMENT_RECEIPT
"PURCHASE ORDER
PO Number: PO-2024-1070
Date: 10-08-2024
Vendor: Kirloskar Engineering Supplies
Delivery Address: Plot 102, Chakan Industrial Area, Pune 410501
Payment Terms: Net 30 Days
Line Items:
1. Hydraulic Pressure Relief Valve 1/2 inch - Qty: 100 @ INR 1976.16/unit = INR 197616.00
Authorized Signatory
Terms & Conditions: Goods must be delivered within 15 days.",PURCHASE_ORDER
"PURCHASE ORDER CONTRACT
PO#: PO-2024-5685
Date: 18-02-2024
To: TechnoMech Automation Solutions
Shipment Mode: By Road
Delivery Location: Warehouse 4, Sector 12, Manesar
Line Item 1: Industrial Ball Bearing 6205-2RS - 500 Nos @ Rs. 342.04 each.
Subtotal: Rs. 171020.00
Applicable GST: 18%
Grand Total: Rs. 201803.60
Signature: Head of SCM",PURCHASE_ORDER
"DELIVERY RECEIPT & DISPATCH SLIP
DN Number: DC-9876
Dispatch Date: 13-05-2024
Purchase Order: PO-2024-6359
Supplier: Swaraj Pneumatic Systems
Destination: Industrial Warehouse Sector 5
List of Items:
Item: Industrial Ball Bearing 6205-2RS | Qty Delivered: 10 | Unit: NOS | Batch No: B-2024-09
Security Gate Entry No: G-4412
Storekeeper Signature: _____________
Date & Time Received: 13-05-2024 14:30 hrs",DELIVERY_NOTE
"QUOTATION / PRICE ESTIMATE
Quotation Ref: QUO-2024-230
Quote Date: 21-06-2024
Valid Until: 20-11-2024
To: Procurement Team, MSME Works
From: Shree Ganesh Hydraulic Spares
Dear Sir, We are pleased to quote our lowest rates:
Item: Pneumatic Cylinder Double Acting 50mm Bore
Offered Unit Price: Rs. 2959.94 per NOS
Lead Time: 10 working days from PO confirmation.
Payment Terms: 30 days credit from invoice date.
Validity: 30 days from quote date.
Looking forward to your valued Purchase Order.
Best Regards, Sales Manager, Shree Ganesh Hydraulic Spares",QUOTATION
"CREDIT NOTE
Credit Note No: CN-2425-131
Credit Note Date: 06-07-2024
Original Tax Invoice Ref: INV-2425-28971
Original Invoice Date: 16-08-2024
Issued By: Swaraj Pneumatic Systems
GSTIN: 27AABC7125A1Z1
Issued To: MSME Manufacturing Ltd
Reason for Credit: Rate difference / Return of damaged goods / Post-sale discount
Particulars:
Item: Viton Seal Gasket 100mm OD
Quantity Returned / Adjusted: 50 PCS
Unit Rate: Rs. 97.12
Credit Amount (Taxable): Rs. 324.33
CGST 9%: Rs. 29.19
SGST 9%: Rs. 29.19
Total Credit Note Amount: Rs. 382.71
We have credited your account with the above amount.",CREDIT_NOTE
"BANK PAYMENT CONFIRMATION RECEIPT
Voucher ID: PAY-REC-777982
Date: 26-01-2024
Beneficiary Name: Mahindra Tooling & Forging Ltd
Beneficiary A/c: 0029016122073
Transaction ID: CMS2024091800492
Settlement for Tax Invoice: INV-2425-30015
PO Number Ref: PO-2024-4885
Net Remitted: Rs. 18495.20
Status: SUCCESS - Transferred to beneficiary account.
Accounts Department Signature",PAYMENT_RECEIPT
"TAX INVOICE
Invoice Number: INV-2425-59283
Invoice Date: 19-03-2024
PO Reference: PO-2024-2634
Seller: TechnoMech Automation Solutions
GSTIN: 27AABC8362A1Z3
Buyer: MSME Precision Components Ltd
Buyer GSTIN: 27AAACM1234F1Z5
Description of Goods: Nitrile Rubber O-Ring Kit 200pcs
HSN Code: 84818030
Qty: 20 SET
Unit Rate: INR 510.44
Taxable Value: INR 10208.80
CGST 9%: INR 918.79
SGST 9%: INR 918.79
Total Invoice Amount: INR 12046.38
Bank Account: HDFC Bank, IFSC: HDFC0001234, A/c: 5020001928374
For TechnoMech Automation Solutions - Authorized Signatory",INVOICE
"TAX INVOICE
Invoice Number: INV-2425-60802
Invoice Date: 16-08-2024
PO Reference: PO-2024-3937
Seller: Apex Industrial Tools Pvt Ltd
GSTIN: 27AABC5777A1Z9
Buyer: MSME Precision Components Ltd
Buyer GSTIN: 27AAACM1234F1Z5
Description of Goods: Pneumatic Cylinder Double Acting 50mm Bore
HSN Code: 84818030
Qty: 20 NOS
Unit Rate: INR 2998.07
Taxable Value: INR 59961.40
CGST 9%: INR 5396.53
SGST 9%: INR 5396.53
Total Invoice Amount: INR 70754.45
Bank Account: HDFC Bank, IFSC: HDFC0001234, A/c: 5020001928374
For Apex Industrial Tools Pvt Ltd - Authorized Signatory",INVOICE
"EMPLOYEE LEAVE APPLICATION
Employee Name: Ramesh Shinde
Department: Assembly Line B
Leave Dates: 10th Oct to 12th Oct
Reason: Personal family function.
Approved by Plant Supervisor.",UNKNOWN
"ORDER CONFIRMATION / PO
Purchase Order Ref: PO-2024-5702
Issued To: Mahindra Tooling & Forging Ltd
Ship To: Plot 102, Chakan Industrial Area, Pune 410501
Order Date: 17-09-2024
Required Delivery Date: 03-10-2024
Items Ordered:
- High Tensile Flange Nut M12 | Quantity: 10 PCS | Unit Rate: Rs. 18.15 | Total: Rs. 181.50
Freight: Extra at actuals
GST: 18% extra
Prepared by: Purchase Dept",PURCHASE_ORDER
"DELIVERY RECEIPT & DISPATCH SLIP
DN Number: DC-7695
Dispatch Date: 25-07-2024
Purchase Order: PO-2024-3457
Supplier: Swaraj Pneumatic Systems
Destination: Industrial Warehouse Sector 5
List of Items:
Item: Hydraulic Pressure Relief Valve 1/2 inch | Qty Delivered: 200 | Unit: NOS | Batch No: B-2024-09
Security Gate Entry No: G-4412
Storekeeper Signature: _____________
Date & Time Received: 25-07-2024 14:30 hrs",DELIVERY_NOTE
"STANDARD PURCHASE ORDER
PO No: PO-2024-6928
Buyer: MSME Manufacturing Works
Supplier: Premier Bearings & Power Transmission
GSTIN: 27AABC8840A1Z8
Item Details:
Item Code: ITM-166, Description: Hydraulic Pressure Relief Valve 1/2 inch, Quantity: 500, Rate: 1843.94, Taxable Value: 921970.00
Total Order Value: INR 921970.00
Special Instructions: Deliver with inspection certificate and warranty.",PURCHASE_ORDER
"SAFETY MANUAL & PROTOCOL
Section 4: General Workshop Safety Guidelines.
1. Personal Protective Equipment (PPE) including safety helmets, steel-toe shoes and goggles must be worn.
2. Machine emergency stop buttons must be inspected daily.
3. In case of fire, evacuate through Gate 2.",UNKNOWN
"DEBIT NOTE
Debit Note No: DC-7349
Debit Note Date: 27-06-2024
Against Original Invoice: INV-2425-55934
Issued By: Swaraj Pneumatic Systems
GSTIN: 27AABC9509A1Z5
Issued To: MSME Precision Tools
Reason for Debit: Price undercharged in original invoice / Supplementary freight charges / Unbilled additional quantities
Description: Hydraulic Pressure Relief Valve 1/2 inch
Underbilled Amount: Rs. 2130.21
Applicable GST (18%): Rs. 383.44
Total Debit Value: Rs. 2513.65
We have debited your account with the above mentioned sum.
Authorized Signatory",DEBIT_NOTE
"FORMAL PRICE PROPOSAL
Quote ID: QUO-2024-878
Date: 13-04-2024
Customer: MSME Manufacturing
Supplier: Omkar Industrial Hardware
Estimated Schedule of Rates:
1. High Tensile Flange Nut M12 - Unit Rate: INR 16.76 (MOQ: 50 PCS)
GST: 18% extra
Delivery: Ex-works Pune
Warranty: 12 months from delivery date.
Commercial Terms: 100% against delivery.
Authorized Signatory: Omkar Industrial Hardware",QUOTATION
"COMMERCIAL TAX INVOICE
Bill No: INV-2425-41745
Bill Date: 16-05-2024
Against PO No: PO-2024-8574
Supplier: Omkar Industrial Hardware
State: Maharashtra, Code: 27
Consignee: Global MSME Solutions
Line Items:
1. Industrial Ball Bearing 6205-2RS | 10 NOS | Rate: Rs. 297.38 | Taxable: Rs. 2973.80 | IGST 18%: Rs. 535.28 | Total: Rs. 3509.08
Amount in Words: INR 3509.08 only
E-Way Bill No: 541098234712
Declaration: Certified that particulars given above are true and correct.",INVOICE
"MEETING MINUTES - PRODUCT DESIGN REVIEW
Date: 12-09-2024
Attendees: Engineering Team, Quality Team
Agenda: Review tolerances for new hydraulic valve housing prototype.
Action Items: Update CAD model with revised bore dimensions.",UNKNOWN
"QUOTATION / PRICE ESTIMATE
Quotation Ref: QUO-2024-336
Quote Date: 13-09-2024
Valid Until: 21-11-2024
To: Procurement Team, MSME Works
From: Mahindra Tooling & Forging Ltd
Dear Sir, We are pleased to quote our lowest rates:
Item: Nitrile Rubber O-Ring Kit 200pcs
Offered Unit Price: Rs. 437.31 per SET
Lead Time: 10 working days from PO confirmation.
Payment Terms: 30 days credit from invoice date.
Validity: 30 days from quote date.
Looking forward to your valued Purchase Order.
Best Regards, Sales Manager, Mahindra Tooling & Forging Ltd",QUOTATION
"TAX INVOICE
Invoice Number: INV-2425-97555
Invoice Date: 06-04-2024
PO Reference: PO-2024-2376
Seller: Kirloskar Engineering Supplies
GSTIN: 27AABC1267A1Z1
Buyer: MSME Precision Components Ltd
Buyer GSTIN: 27AAACM1234F1Z5
Description of Goods: Pneumatic Cylinder Double Acting 50mm Bore
HSN Code: 84818030
Qty: 100 NOS
Unit Rate: INR 2684.92
Taxable Value: INR 268492.00
CGST 9%: INR 24164.28
SGST 9%: INR 24164.28
Total Invoice Amount: INR 316820.56
Bank Account: HDFC Bank, IFSC: HDFC0001234, A/c: 5020001928374
For Kirloskar Engineering Supplies - Authorized Signatory",INVOICE
"DELIVERY RECEIPT & DISPATCH SLIP
DN Number: DC-6150
Dispatch Date: 28-03-2024
Purchase Order: PO-2024-2940
Supplier: Mahindra Tooling & Forging Ltd
Destination: Industrial Warehouse Sector 5
List of Items:
Item: Hydraulic Pressure Relief Valve 1/2 inch | Qty Delivered: 100 | Unit: NOS | Batch No: B-2024-09
Security Gate Entry No: G-4412
Storekeeper Signature: _____________
Date & Time Received: 28-03-2024 14:30 hrs",DELIVERY_NOTE
"QUOTATION / PRICE ESTIMATE
Quotation Ref: QUO-2024-301
Quote Date: 20-08-2024
Valid Until: 15-11-2024
To: Procurement Team, MSME Works
From: Mahindra Tooling & Forging Ltd
Dear Sir, We are pleased to quote our lowest rates:
Item: Viton Seal Gasket 100mm OD
Offered Unit Price: Rs. 94.19 per PCS
Lead Time: 10 working days from PO confirmation.
Payment Terms: 30 days credit from invoice date.
Validity: 30 days from quote date.
Looking forward to your valued Purchase Order.
Best Regards, Sales Manager, Mahindra Tooling & Forging Ltd",QUOTATION
"MATERIAL DISPATCH NOTE
Dispatch Memo: DC-5264
Date: 09-02-2024
Ref PO: PO-2024-9932
Vendor: Apex Industrial Tools Pvt Ltd
Delivered To: Central Stores, Unit II
Description: Stainless Steel Hex Bolt M10x50mm
Quantity Sent: 100 PCS
No of Cartons: 10
Received Ok by Stores Department.",DELIVERY_NOTE
"PAYMENT RECEIPT / VOUCHER
Receipt No: PAY-REC-732298
Payment Date: 01-05-2024
Paid To: Premier Bearings & Power Transmission
Paid By: MSME Auto Components Ltd
Payment Method: NEFT / RTGS Transfer
Bank Transaction Ref / UTR: UTR-HDFC-99182374192
Invoice Reference: INV-2425-16896
Amount Paid: INR 3444.54
Amount in Words: INR 3444.54 only
Payment towards full/part settlement of Invoice INV-2425-16896
Authorized Accounts Officer: Rajeev Kumar",PAYMENT_RECEIPT
"QUOTATION / PRICE ESTIMATE
Quotation Ref: QUO-2024-848
Quote Date: 21-03-2024
Valid Until: 08-11-2024
To: Procurement Team, MSME Works
From: Premier Bearings & Power Transmission
Dear Sir, We are pleased to quote our lowest rates:
Item: Hydraulic Pressure Relief Valve 1/2 inch
Offered Unit Price: Rs. 2002.51 per NOS
Lead Time: 10 working days from PO confirmation.
Payment Terms: 30 days credit from invoice date.
Validity: 30 days from quote date.
Looking forward to your valued Purchase Order.
Best Regards, Sales Manager, Premier Bearings & Power Transmission",QUOTATION
"QUOTATION / PRICE ESTIMATE
Quotation Ref: QUO-2024-880
Quote Date: 24-06-2024
Valid Until: 09-11-2024
To: Procurement Team, MSME Works
From: Apex Industrial Tools Pvt Ltd
Dear Sir, We are pleased to quote our lowest rates:
Item: Viton Seal Gasket 100mm OD
Offered Unit Price: Rs. 94.03 per PCS
Lead Time: 10 working days from PO confirmation.
Payment Terms: 30 days credit from invoice date.
Validity: 30 days from quote date.
Looking forward to your valued Purchase Order.
Best Regards, Sales Manager, Apex Industrial Tools Pvt Ltd",QUOTATION
"PAYMENT ADVICE & RECEIPT
Payment Slip Ref: PAY-REC-697227
Date of Remittance: 24-01-2024
Vendor: Sunrise Rubber & Polymer Components
Against Bill/Invoice No: INV-2425-43918
Cheque/NEFT No: 882910
Paid Amount: INR 13100.83
Deductions (TDS/Retention): Rs. 0.00
Total Cleared: INR 13100.83
Received with thanks from MSME Industries.",PAYMENT_RECEIPT
"CREDIT NOTE
Credit Note No: CN-2425-241
Credit Note Date: 16-02-2024
Original Tax Invoice Ref: INV-2425-48098
Original Invoice Date: 28-08-2024
Issued By: Bharat Precision Fasteners
GSTIN: 27AABC4808A1Z2
Issued To: MSME Manufacturing Ltd
Reason for Credit: Rate difference / Return of damaged goods / Post-sale discount
Particulars:
Item: Viton Seal Gasket 100mm OD
Quantity Returned / Adjusted: 100 PCS
Unit Rate: Rs. 85.56
Credit Amount (Taxable): Rs. 1572.25
CGST 9%: Rs. 141.50
SGST 9%: Rs. 141.50
Total Credit Note Amount: Rs. 1855.25
We have credited your account with the above amount.",CREDIT_NOTE
"INVOICE
Doc No: INV-2425-26341
Date: 03-01-2024
Ref Purchase Order: PO-2024-4738
From: Bharat Precision Fasteners
To: Bharat Engineering MSME
Summary:
Item: Carbon Steel Seamless Pipe 2 inch NB
Quantity Supplied: 10
Price per unit: Rs. 584.07
Net Amount: Rs. 5840.70
Add GST 18%: Rs. 1051.33
Invoice Total: Rs. 6892.03
Payment Due Date: 03-10-2024
Please remit payment to State Bank of India A/c: 30981723481",INVOICE
"PAYMENT RECEIPT / VOUCHER
Receipt No: PAY-REC-438597
Payment Date: 19-01-2024
Paid To: Kirloskar Engineering Supplies
Paid By: MSME Auto Components Ltd
Payment Method: NEFT / RTGS Transfer
Bank Transaction Ref / UTR: UTR-HDFC-99182374192
Invoice Reference: INV-2425-36103
Amount Paid: INR 26337.60
Amount in Words: INR 26337.60 only
Payment towards full/part settlement of Invoice INV-2425-36103
Authorized Accounts Officer: Rajeev Kumar",PAYMENT_RECEIPT
"COMMERCIAL TAX INVOICE
Bill No: INV-2425-44480
Bill Date: 08-02-2024
Against PO No: PO-2024-2902
Supplier: Kirloskar Engineering Supplies
State: Maharashtra, Code: 27
Consignee: Global MSME Solutions
Line Items:
1. Nitrile Rubber O-Ring Kit 200pcs | 100 SET | Rate: Rs. 500.35 | Taxable: Rs. 50035.00 | IGST 18%: Rs. 9006.30 | Total: Rs. 59041.30
Amount in Words: INR 59041.30 only
E-Way Bill No: 541098234712
Declaration: Certified that particulars given above are true and correct.",INVOICE
"DEBIT NOTE
Debit Note No: DC-9719
Debit Note Date: 12-06-2024
Against Original Invoice: INV-2425-70494
Issued By: Apex Industrial Tools Pvt Ltd
GSTIN: 27AABC4126A1Z8
Issued To: MSME Precision Tools
Reason for Debit: Price undercharged in original invoice / Supplementary freight charges / Unbilled additional quantities
Description: Viton Seal Gasket 100mm OD
Underbilled Amount: Rs. 4930.95
Applicable GST (18%): Rs. 887.57
Total Debit Value: Rs. 5818.52
We have debited your account with the above mentioned sum.
Authorized Signatory",DEBIT_NOTE
"PAYMENT ADVICE & RECEIPT
Payment Slip Ref: PAY-REC-396860
Date of Remittance: 10-05-2024
Vendor: National Electricals & Controls
Against Bill/Invoice No: INV-2425-17775
Cheque/NEFT No: 882910
Paid Amount: INR 26252.05
Deductions (TDS/Retention): Rs. 0.00
Total Cleared: INR 26252.05
Received with thanks from MSME Industries.",PAYMENT_RECEIPT
"PURCHASE ORDER
PO Number: PO-2024-6801
Date: 05-01-2024
Vendor: Omkar Industrial Hardware
Delivery Address: Plot 102, Chakan Industrial Area, Pune 410501
Payment Terms: Net 30 Days
Line Items:
1. Industrial Ball Bearing 6205-2RS - Qty: 50 @ INR 315.91/unit = INR 15795.50
Authorized Signatory
Terms & Conditions: Goods must be delivered within 15 days.",PURCHASE_ORDER
"DELIVERY NOTE / CHALLAN
Delivery Challan No: DC-8598
Date of Dispatch: 11-05-2024
Against PO No: PO-2024-7541
Consignor: Apex Industrial Tools Pvt Ltd
Consignee: MSME Manufacturing Plant
Vehicle No: MH-12-RN-8821
Transporter: Apex Logistics
Driver Name: Suresh Patil (Mob: 9876543210)
Materials Dispatched:
1. Industrial Ball Bearing 6205-2RS - Dispatched Qty: 100 NOS (Packages: 4 Wooden Crates)
Condition of Goods: Good condition, sealed boxes.
Received by: Stores In-charge (Signature & Date)
Goods received in full and sound condition.",DELIVERY_NOTE
"DEBIT NOTE
Debit Note No: DC-7416
Debit Note Date: 16-08-2024
Against Original Invoice: INV-2425-95279
Issued By: Sunrise Rubber & Polymer Components
GSTIN: 27AABC6968A1Z1
Issued To: MSME Precision Tools
Reason for Debit: Price undercharged in original invoice / Supplementary freight charges / Unbilled additional quantities
Description: Viton Seal Gasket 100mm OD
Underbilled Amount: Rs. 211.85
Applicable GST (18%): Rs. 38.13
Total Debit Value: Rs. 249.98
We have debited your account with the above mentioned sum.
Authorized Signatory",DEBIT_NOTE
"CREDIT NOTE
Credit Note No: CN-2425-473
Credit Note Date: 05-09-2024
Original Tax Invoice Ref: INV-2425-81768
Original Invoice Date: 09-08-2024
Issued By: Swaraj Pneumatic Systems
GSTIN: 27AABC1814A1Z4
Issued To: MSME Manufacturing Ltd
Reason for Credit: Rate difference / Return of damaged goods / Post-sale discount
Particulars:
Item: Stainless Steel Hex Bolt M10x50mm
Quantity Returned / Adjusted: 100 PCS
Unit Rate: Rs. 45.44
Credit Amount (Taxable): Rs. 341.99
CGST 9%: Rs. 30.78
SGST 9%: Rs. 30.78
Total Credit Note Amount: Rs. 403.55
We have credited your account with the above amount.",CREDIT_NOTE
"DEBIT NOTE
Debit Note No: DC-6225
Debit Note Date: 26-03-2024
Against Original Invoice: INV-2425-85280
Issued By: National Electricals & Controls
GSTIN: 27AABC6917A1Z5
Issued To: MSME Precision Tools
Reason for Debit: Price undercharged in original invoice / Supplementary freight charges / Unbilled additional quantities
Description: Pneumatic Cylinder Double Acting 50mm Bore
Underbilled Amount: Rs. 40878.57
Applicable GST (18%): Rs. 7358.14
Total Debit Value: Rs. 48236.71
We have debited your account with the above mentioned sum.
Authorized Signatory",DEBIT_NOTE
"TAX INVOICE
Invoice Number: INV-2425-56867
Invoice Date: 08-03-2024
PO Reference: PO-2024-4807
Seller: Apex Industrial Tools Pvt Ltd
GSTIN: 27AABC3573A1Z5
Buyer: MSME Precision Components Ltd
Buyer GSTIN: 27AAACM1234F1Z5
Description of Goods: Tungsten Carbide Milling Insert TNMG160408
HSN Code: 84818030
Qty: 20 BOX
Unit Rate: INR 1411.12
Taxable Value: INR 28222.40
CGST 9%: INR 2540.02
SGST 9%: INR 2540.02
Total Invoice Amount: INR 33302.43
Bank Account: HDFC Bank, IFSC: HDFC0001234, A/c: 5020001928374
For Apex Industrial Tools Pvt Ltd - Authorized Signatory",INVOICE
"ORDER CONFIRMATION / PO
Purchase Order Ref: PO-2024-5089
Issued To: Shree Ganesh Hydraulic Spares
Ship To: Plot 102, Chakan Industrial Area, Pune 410501
Order Date: 04-05-2024
Required Delivery Date: 23-10-2024
Items Ordered:
- High Tensile Flange Nut M12 | Quantity: 10 PCS | Unit Rate: Rs. 19.17 | Total: Rs. 191.70
Freight: Extra at actuals
GST: 18% extra
Prepared by: Purchase Dept",PURCHASE_ORDER
"DELIVERY RECEIPT & DISPATCH SLIP
DN Number: DC-7890
Dispatch Date: 21-04-2024
Purchase Order: PO-2024-5960
Supplier: Premier Bearings & Power Transmission
Destination: Industrial Warehouse Sector 5
List of Items:
Item: Stainless Steel Hex Bolt M10x50mm | Qty Delivered: 100 | Unit: PCS | Batch No: B-2024-09
Security Gate Entry No: G-4412
Storekeeper Signature: _____________
Date & Time Received: 21-04-2024 14:30 hrs",DELIVERY_NOTE
"CREDIT NOTE
Credit Note No: CN-2425-112
Credit Note Date: 16-04-2024
Original Tax Invoice Ref: INV-2425-60820
Original Invoice Date: 08-08-2024
Issued By: Swaraj Pneumatic Systems
GSTIN: 27AABC7880A1Z7
Issued To: MSME Manufacturing Ltd
Reason for Credit: Rate difference / Return of damaged goods / Post-sale discount
Particulars:
Item: Pneumatic Cylinder Double Acting 50mm Bore
Quantity Returned / Adjusted: 200 NOS
Unit Rate: Rs. 2561.32
Credit Amount (Taxable): Rs. 41723.43
CGST 9%: Rs. 3755.11
SGST 9%: Rs. 3755.11
Total Credit Note Amount: Rs. 49233.65
We have credited your account with the above amount.",CREDIT_NOTE
"COMMERCIAL TAX INVOICE
Bill No: INV-2425-92937
Bill Date: 12-05-2024
Against PO No: PO-2024-4447
Supplier: TechnoMech Automation Solutions
State: Maharashtra, Code: 27
Consignee: Global MSME Solutions
Line Items:
1. Tungsten Carbide Milling Insert TNMG160408 | 500 BOX | Rate: Rs. 1420.70 | Taxable: Rs. 710350.00 | IGST 18%: Rs. 127863.00 | Total: Rs. 838213.00
Amount in Words: INR 838213.00 only
E-Way Bill No: 541098234712
Declaration: Certified that particulars given above are true and correct.",INVOICE
"PAYMENT RECEIPT / VOUCHER
Receipt No: PAY-REC-177639
Payment Date: 10-02-2024
Paid To: Bharat Precision Fasteners
Paid By: MSME Auto Components Ltd
Payment Method: NEFT / RTGS Transfer
Bank Transaction Ref / UTR: UTR-HDFC-99182374192
Invoice Reference: INV-2425-90714
Amount Paid: INR 30288.24
Amount in Words: INR 30288.24 only
Payment towards full/part settlement of Invoice INV-2425-90714
Authorized Accounts Officer: Rajeev Kumar",PAYMENT_RECEIPT
"FORMAL PRICE PROPOSAL
Quote ID: QUO-2024-310
Date: 27-06-2024
Customer: MSME Manufacturing
Supplier: Swaraj Pneumatic Systems
Estimated Schedule of Rates:
1. High Tensile Flange Nut M12 - Unit Rate: INR 17.51 (MOQ: 50 PCS)
GST: 18% extra
Delivery: Ex-works Pune
Warranty: 12 months from delivery date.
Commercial Terms: 100% against delivery.
Authorized Signatory: Swaraj Pneumatic Systems",QUOTATION
"INVOICE
Doc No: INV-2425-31799
Date: 21-05-2024
Ref Purchase Order: PO-2024-8142
From: TechnoMech Automation Solutions
To: Bharat Engineering MSME
Summary:
Item: Viton Seal Gasket 100mm OD
Quantity Supplied: 10
Price per unit: Rs. 102.52
Net Amount: Rs. 1025.20
Add GST 18%: Rs. 184.54
Invoice Total: Rs. 1209.74
Payment Due Date: 27-10-2024
Please remit payment to State Bank of India A/c: 30981723481",INVOICE
"PAYMENT RECEIPT / VOUCHER
Receipt No: PAY-REC-609335
Payment Date: 24-02-2024
Paid To: Premier Bearings & Power Transmission
Paid By: MSME Auto Components Ltd
Payment Method: NEFT / RTGS Transfer
Bank Transaction Ref / UTR: UTR-HDFC-99182374192
Invoice Reference: INV-2425-94564
Amount Paid: INR 12241.32
Amount in Words: INR 12241.32 only
Payment towards full/part settlement of Invoice INV-2425-94564
Authorized Accounts Officer: Rajeev Kumar",PAYMENT_RECEIPT
"DELIVERY RECEIPT & DISPATCH SLIP
DN Number: DC-5078
Dispatch Date: 20-09-2024
Purchase Order: PO-2024-3743
Supplier: Mahindra Tooling & Forging Ltd
Destination: Industrial Warehouse Sector 5
List of Items:
Item: Digital Vernier Caliper 0-150mm | Qty Delivered: 10 | Unit: NOS | Batch No: B-2024-09
Security Gate Entry No: G-4412
Storekeeper Signature: _____________
Date & Time Received: 20-09-2024 14:30 hrs",DELIVERY_NOTE
"GOODS DELIVERY CHALLAN
Challan Ref: DC-7159
Date: 18-09-2024
PO Reference: PO-2024-9872
From: TechnoMech Automation Solutions
To: MSME Engineering Works, Plot 8, MIDC Pune
Mode of Transport: Tempo MH-14-BT-1122
LR / GC No: 994821
Particulars:
- Stainless Steel Hex Bolt M10x50mm : Quantity Delivered: 10 PCS
Remarks: Material subject to quality inspection at gate.
Inspected & Received in good order.",DELIVERY_NOTE
"FORMAL PRICE PROPOSAL
Quote ID: QUO-2024-968
Date: 09-08-2024
Customer: MSME Manufacturing
Supplier: Sunrise Rubber & Polymer Components
Estimated Schedule of Rates:
1. Carbon Steel Seamless Pipe 2 inch NB - Unit Rate: INR 628.12 (MOQ: 50 MTR)
GST: 18% extra
Delivery: Ex-works Pune
Warranty: 12 months from delivery date.
Commercial Terms: 100% against delivery.
Authorized Signatory: Sunrise Rubber & Polymer Components",QUOTATION
"INVOICE
Doc No: INV-2425-72682
Date: 10-09-2024
Ref Purchase Order: PO-2024-6291
From: Sunrise Rubber & Polymer Components
To: Bharat Engineering MSME
Summary:
Item: Stainless Steel Hex Bolt M10x50mm
Quantity Supplied: 100
Price per unit: Rs. 45.00
Net Amount: Rs. 4500.00
Add GST 18%: Rs. 810.00
Invoice Total: Rs. 5310.00
Payment Due Date: 09-10-2024
Please remit payment to State Bank of India A/c: 30981723481",INVOICE
"FORMAL PRICE PROPOSAL
Quote ID: QUO-2024-266
Date: 01-05-2024
Customer: MSME Manufacturing
Supplier: National Electricals & Controls
Estimated Schedule of Rates:
1. Pneumatic Cylinder Double Acting 50mm Bore - Unit Rate: INR 2905.80 (MOQ: 50 NOS)
GST: 18% extra
Delivery: Ex-works Pune
Warranty: 12 months from delivery date.
Commercial Terms: 100% against delivery.
Authorized Signatory: National Electricals & Controls",QUOTATION
"BANK PAYMENT CONFIRMATION RECEIPT
Voucher ID: PAY-REC-310546
Date: 05-04-2024
Beneficiary Name: National Electricals & Controls
Beneficiary A/c: 0029014533730
Transaction ID: CMS2024091800492
Settlement for Tax Invoice: INV-2425-25486
PO Number Ref: PO-2024-8468
Net Remitted: Rs. 11059.67
Status: SUCCESS - Transferred to beneficiary account.
Accounts Department Signature",PAYMENT_RECEIPT
"COMMERCIAL PURCHASE ORDER
Order ID: PO-2024-9194
Vendor Name: Premier Bearings & Power Transmission
Billing Address: Plot 45, Industrial Estate, Pune
Date of Order: 11-08-2024
Scope of Supply:
- Industrial Ball Bearing 6205-2RS (Qty: 200, Unit Price: 331.43, Amount: 66286.00)
Payment: 100% against Delivery Note and Tax Invoice.
Authorized by Procurement Manager.",PURCHASE_ORDER
"MATERIAL DISPATCH NOTE
Dispatch Memo: DC-8796
Date: 24-07-2024
Ref PO: PO-2024-1639
Vendor: National Electricals & Controls
Delivered To: Central Stores, Unit II
Description: Viton Seal Gasket 100mm OD
Quantity Sent: 200 PCS
No of Cartons: 10
Received Ok by Stores Department.",DELIVERY_NOTE
"VISITOR PASS - RECEPTION
Visitor Name: Ananya Sharma
Company: Tech Audit Consultants
Person to meet: Finance Manager
Entry Time: 10:15 AM
Exit Time: 12:45 PM",UNKNOWN
"TAX CREDIT MEMORANDUM
CN Number: CN-2425-481
Date: 16-05-2024
Ref Invoice: INV-2425-41511
Vendor: Apex Industrial Tools Pvt Ltd
Customer: MSME Works
Adjustment Details:
Price reduction agreed on Hydraulic Pressure Relief Valve 1/2 inch - Difference INR 12526.63
IGST Adjustment: INR 2254.79
Net Credit Allowed: INR 14781.42
Authorized Signatory, Accounts Department",CREDIT_NOTE
"MATERIAL DISPATCH NOTE
Dispatch Memo: DC-9270
Date: 18-01-2024
Ref PO: PO-2024-5093
Vendor: Omkar Industrial Hardware
Delivered To: Central Stores, Unit II
Description: Pneumatic Cylinder Double Acting 50mm Bore
Quantity Sent: 10 NOS
No of Cartons: 10
Received Ok by Stores Department.",DELIVERY_NOTE
"CREDIT NOTE
Credit Note No: CN-2425-434
Credit Note Date: 20-01-2024
Original Tax Invoice Ref: INV-2425-12366
Original Invoice Date: 02-08-2024
Issued By: Premier Bearings & Power Transmission
GSTIN: 27AABC3933A1Z1
Issued To: MSME Manufacturing Ltd
Reason for Credit: Rate difference / Return of damaged goods / Post-sale discount
Particulars:
Item: Tungsten Carbide Milling Insert TNMG160408
Quantity Returned / Adjusted: 10 BOX
Unit Rate: Rs. 1560.99
Credit Amount (Taxable): Rs. 1976.39
CGST 9%: Rs. 177.88
SGST 9%: Rs. 177.88
Total Credit Note Amount: Rs. 2332.14
We have credited your account with the above amount.",CREDIT_NOTE
"EMPLOYEE LEAVE APPLICATION
Employee Name: Ramesh Shinde
Department: Assembly Line B
Leave Dates: 10th Oct to 12th Oct
Reason: Personal family function.
Approved by Plant Supervisor.",UNKNOWN
"INTERNAL MEMORANDUM
To: All Plant Staff
From: Operations Director
Subject: Scheduled maintenance of Power Generator DG-2 on coming Sunday.
All departments are requested to plan production accordingly.",UNKNOWN
"PAYMENT RECEIPT / VOUCHER
Receipt No: PAY-REC-979453
Payment Date: 08-02-2024
Paid To: Mahindra Tooling & Forging Ltd
Paid By: MSME Auto Components Ltd
Payment Method: NEFT / RTGS Transfer
Bank Transaction Ref / UTR: UTR-HDFC-99182374192
Invoice Reference: INV-2425-47843
Amount Paid: INR 3466.37
Amount in Words: INR 3466.37 only
Payment towards full/part settlement of Invoice INV-2425-47843
Authorized Accounts Officer: Rajeev Kumar",PAYMENT_RECEIPT
"PAYMENT ADVICE & RECEIPT
Payment Slip Ref: PAY-REC-800390
Date of Remittance: 01-09-2024
Vendor: Bharat Precision Fasteners
Against Bill/Invoice No: INV-2425-93829
Cheque/NEFT No: 882910
Paid Amount: INR 350136.68
Deductions (TDS/Retention): Rs. 0.00
Total Cleared: INR 350136.68
Received with thanks from MSME Industries.",PAYMENT_RECEIPT
"CREDIT NOTE
Credit Note No: CN-2425-986
Credit Note Date: 01-09-2024
Original Tax Invoice Ref: INV-2425-57867
Original Invoice Date: 21-08-2024
Issued By: Kirloskar Engineering Supplies
GSTIN: 27AABC6682A1Z9
Issued To: MSME Manufacturing Ltd
Reason for Credit: Rate difference / Return of damaged goods / Post-sale discount
Particulars:
Item: Carbon Steel Seamless Pipe 2 inch NB
Quantity Returned / Adjusted: 100 MTR
Unit Rate: Rs. 642.62
Credit Amount (Taxable): Rs. 12659.06
CGST 9%: Rs. 1139.32
SGST 9%: Rs. 1139.32
Total Credit Note Amount: Rs. 14937.69
We have credited your account with the above amount.",CREDIT_NOTE
"PAYMENT RECEIPT / VOUCHER
Receipt No: PAY-REC-231532
Payment Date: 04-03-2024
Paid To: Shree Ganesh Hydraulic Spares
Paid By: MSME Auto Components Ltd
Payment Method: NEFT / RTGS Transfer
Bank Transaction Ref / UTR: UTR-HDFC-99182374192
Invoice Reference: INV-2425-34197
Amount Paid: INR 1499278.50
Amount in Words: INR 1499278.50 only
Payment towards full/part settlement of Invoice INV-2425-34197
Authorized Accounts Officer: Rajeev Kumar",PAYMENT_RECEIPT
"TAX CREDIT MEMORANDUM
CN Number: CN-2425-429
Date: 13-06-2024
Ref Invoice: INV-2425-32268
Vendor: TechnoMech Automation Solutions
Customer: MSME Works
Adjustment Details:
Price reduction agreed on Hydraulic Pressure Relief Valve 1/2 inch - Difference INR 156157.26
IGST Adjustment: INR 28108.31
Net Credit Allowed: INR 184265.57
Authorized Signatory, Accounts Department",CREDIT_NOTE
"CREDIT NOTE
Credit Note No: CN-2425-111
Credit Note Date: 04-03-2024
Original Tax Invoice Ref: INV-2425-88934
Original Invoice Date: 21-08-2024
Issued By: Bharat Precision Fasteners
GSTIN: 27AABC8691A1Z5
Issued To: MSME Manufacturing Ltd
Reason for Credit: Rate difference / Return of damaged goods / Post-sale discount
Particulars:
Item: Nitrile Rubber O-Ring Kit 200pcs
Quantity Returned / Adjusted: 500 SET
Unit Rate: Rs. 462.55
Credit Amount (Taxable): Rs. 44366.10
CGST 9%: Rs. 3992.95
SGST 9%: Rs. 3992.95
Total Credit Note Amount: Rs. 52352.00
We have credited your account with the above amount.",CREDIT_NOTE
"DELIVERY NOTE / CHALLAN
Delivery Challan No: DC-6504
Date of Dispatch: 28-05-2024
Against PO No: PO-2024-6331
Consignor: Swaraj Pneumatic Systems
Consignee: MSME Manufacturing Plant
Vehicle No: MH-12-RN-8821
Transporter: Apex Logistics
Driver Name: Suresh Patil (Mob: 9876543210)
Materials Dispatched:
1. Nitrile Rubber O-Ring Kit 200pcs - Dispatched Qty: 100 SET (Packages: 4 Wooden Crates)
Condition of Goods: Good condition, sealed boxes.
Received by: Stores In-charge (Signature & Date)
Goods received in full and sound condition.",DELIVERY_NOTE
"COMMERCIAL TAX INVOICE
Bill No: INV-2425-69912
Bill Date: 22-05-2024
Against PO No: PO-2024-3072
Supplier: TechnoMech Automation Solutions
State: Maharashtra, Code: 27
Consignee: Global MSME Solutions
Line Items:
1. Viton Seal Gasket 100mm OD | 10 PCS | Rate: Rs. 98.22 | Taxable: Rs. 982.20 | IGST 18%: Rs. 176.80 | Total: Rs. 1159.00
Amount in Words: INR 1159.00 only
E-Way Bill No: 541098234712
Declaration: Certified that particulars given above are true and correct.",INVOICE
"CREDIT NOTE
Credit Note No: CN-2425-283
Credit Note Date: 11-03-2024
Original Tax Invoice Ref: INV-2425-60952
Original Invoice Date: 21-08-2024
Issued By: Mahindra Tooling & Forging Ltd
GSTIN: 27AABC9661A1Z4
Issued To: MSME Manufacturing Ltd
Reason for Credit: Rate difference / Return of damaged goods / Post-sale discount
Particulars:
Item: Hydraulic Pressure Relief Valve 1/2 inch
Quantity Returned / Adjusted: 500 NOS
Unit Rate: Rs. 2002.47
Credit Amount (Taxable): Rs. 70539.94
CGST 9%: Rs. 6348.59
SGST 9%: Rs. 6348.59
Total Credit Note Amount: Rs. 83237.13
We have credited your account with the above amount.",CREDIT_NOTE
"FORMAL PRICE PROPOSAL
Quote ID: QUO-2024-573
Date: 08-02-2024
Customer: MSME Manufacturing
Supplier: Vanguard Steel & Alloys Corp
Estimated Schedule of Rates:
1. Pneumatic Cylinder Double Acting 50mm Bore - Unit Rate: INR 2816.14 (MOQ: 50 NOS)
GST: 18% extra
Delivery: Ex-works Pune
Warranty: 12 months from delivery date.
Commercial Terms: 100% against delivery.
Authorized Signatory: Vanguard Steel & Alloys Corp",QUOTATION
"COMMERCIAL TAX INVOICE
Bill No: INV-2425-95778
Bill Date: 06-01-2024
Against PO No: PO-2024-3909
Supplier: Shree Ganesh Hydraulic Spares
State: Maharashtra, Code: 27
Consignee: Global MSME Solutions
Line Items:
1. Pneumatic Cylinder Double Acting 50mm Bore | 50 NOS | Rate: Rs. 2702.22 | Taxable: Rs. 135111.00 | IGST 18%: Rs. 24319.98 | Total: Rs. 159430.98
Amount in Words: INR 159430.98 only
E-Way Bill No: 541098234712
Declaration: Certified that particulars given above are true and correct.",INVOICE
"TAX INVOICE
Invoice Number: INV-2425-29196
Invoice Date: 14-06-2024
PO Reference: PO-2024-9770
Seller: Swaraj Pneumatic Systems
GSTIN: 27AABC8633A1Z7
Buyer: MSME Precision Components Ltd
Buyer GSTIN: 27AAACM1234F1Z5
Description of Goods: Nitrile Rubber O-Ring Kit 200pcs
HSN Code: 84818030
Qty: 200 SET
Unit Rate: INR 450.59
Taxable Value: INR 90118.00
CGST 9%: INR 8110.62
SGST 9%: INR 8110.62
Total Invoice Amount: INR 106339.24
Bank Account: HDFC Bank, IFSC: HDFC0001234, A/c: 5020001928374
For Swaraj Pneumatic Systems - Authorized Signatory",INVOICE
"DEBIT NOTE
Debit Note No: DC-9095
Debit Note Date: 03-08-2024
Against Original Invoice: INV-2425-75797
Issued By: National Electricals & Controls
GSTIN: 27AABC8030A1Z3
Issued To: MSME Precision Tools
Reason for Debit: Price undercharged in original invoice / Supplementary freight charges / Unbilled additional quantities
Description: Stainless Steel Hex Bolt M10x50mm
Underbilled Amount: Rs. 435.41
Applicable GST (18%): Rs. 78.37
Total Debit Value: Rs. 513.78
We have debited your account with the above mentioned sum.
Authorized Signatory",DEBIT_NOTE
"FORMAL PRICE PROPOSAL
Quote ID: QUO-2024-724
Date: 17-02-2024
Customer: MSME Manufacturing
Supplier: Vanguard Steel & Alloys Corp
Estimated Schedule of Rates:
1. Digital Vernier Caliper 0-150mm - Unit Rate: INR 1265.05 (MOQ: 50 NOS)
GST: 18% extra
Delivery: Ex-works Pune
Warranty: 12 months from delivery date.
Commercial Terms: 100% against delivery.
Authorized Signatory: Vanguard Steel & Alloys Corp",QUOTATION
"COMMERCIAL PURCHASE ORDER
Order ID: PO-2024-9107
Vendor Name: Vanguard Steel & Alloys Corp
Billing Address: Plot 45, Industrial Estate, Pune
Date of Order: 19-08-2024
Scope of Supply:
- Hydraulic Pressure Relief Valve 1/2 inch (Qty: 200, Unit Price: 1821.04, Amount: 364208.00)
Payment: 100% against Delivery Note and Tax Invoice.
Authorized by Procurement Manager.",PURCHASE_ORDER
"TAX INVOICE
Invoice Number: INV-2425-44218
Invoice Date: 26-02-2024
PO Reference: PO-2024-1823
Seller: Apex Industrial Tools Pvt Ltd
GSTIN: 27AABC6005A1Z1
Buyer: MSME Precision Components Ltd
Buyer GSTIN: 27AAACM1234F1Z5
Description of Goods: Pneumatic Cylinder Double Acting 50mm Bore
HSN Code: 84818030
Qty: 20 NOS
Unit Rate: INR 2677.71
Taxable Value: INR 53554.20
CGST 9%: INR 4819.88
SGST 9%: INR 4819.88
Total Invoice Amount: INR 63193.96
Bank Account: HDFC Bank, IFSC: HDFC0001234, A/c: 5020001928374
For Apex Industrial Tools Pvt Ltd - Authorized Signatory",INVOICE
"DELIVERY NOTE / CHALLAN
Delivery Challan No: DC-8104
Date of Dispatch: 07-06-2024
Against PO No: PO-2024-9789
Consignor: Sunrise Rubber & Polymer Components
Consignee: MSME Manufacturing Plant
Vehicle No: MH-12-RN-8821
Transporter: Apex Logistics
Driver Name: Suresh Patil (Mob: 9876543210)
Materials Dispatched:
1. Tungsten Carbide Milling Insert TNMG160408 - Dispatched Qty: 20 BOX (Packages: 4 Wooden Crates)
Condition of Goods: Good condition, sealed boxes.
Received by: Stores In-charge (Signature & Date)
Goods received in full and sound condition.",DELIVERY_NOTE
"MEETING MINUTES - PRODUCT DESIGN REVIEW
Date: 12-09-2024
Attendees: Engineering Team, Quality Team
Agenda: Review tolerances for new hydraulic valve housing prototype.
Action Items: Update CAD model with revised bore dimensions.",UNKNOWN
"QUOTATION / PRICE ESTIMATE
Quotation Ref: QUO-2024-316
Quote Date: 15-06-2024
Valid Until: 25-11-2024
To: Procurement Team, MSME Works
From: TechnoMech Automation Solutions
Dear Sir, We are pleased to quote our lowest rates:
Item: Tungsten Carbide Milling Insert TNMG160408
Offered Unit Price: Rs. 1344.85 per BOX
Lead Time: 10 working days from PO confirmation.
Payment Terms: 30 days credit from invoice date.
Validity: 30 days from quote date.
Looking forward to your valued Purchase Order.
Best Regards, Sales Manager, TechnoMech Automation Solutions",QUOTATION
"ORIGINAL TAX INVOICE (FOR RECIPIENT)
Invoice No: INV-2425-92481
Date of Issue: 27-03-2024
PO Ref: PO-2024-6045
Supplier Name: Kirloskar Engineering Supplies
PAN: AABCP9871M
GSTIN/UIN: 27AABC5954A1Z3
Place of Supply: 27-Maharashtra
Table of Supplies:
SI No | Item Description | Qty | Rate | Amount
01 | High Tensile Flange Nut M12 | 10 | 18.77 | 187.70
Total Taxable: 187.70
IGST @ 18%: 33.79
Gross Total: 221.49
Subject to Pune Jurisdiction only.",INVOICE
"COMMERCIAL TAX INVOICE
Bill No: INV-2425-87802
Bill Date: 16-08-2024
Against PO No: PO-2024-5171
Supplier: Mahindra Tooling & Forging Ltd
State: Maharashtra, Code: 27
Consignee: Global MSME Solutions
Line Items:
1. Stainless Steel Hex Bolt M10x50mm | 20 PCS | Rate: Rs. 48.05 | Taxable: Rs. 961.00 | IGST 18%: Rs. 172.98 | Total: Rs. 1133.98
Amount in Words: INR 1133.98 only
E-Way Bill No: 541098234712
Declaration: Certified that particulars given above are true and correct.",INVOICE
"INVOICE
Doc No: INV-2425-38408
Date: 07-09-2024
Ref Purchase Order: PO-2024-2446
From: Vanguard Steel & Alloys Corp
To: Bharat Engineering MSME
Summary:
Item: Viton Seal Gasket 100mm OD
Quantity Supplied: 200
Price per unit: Rs. 97.23
Net Amount: Rs. 19446.00
Add GST 18%: Rs. 3500.28
Invoice Total: Rs. 22946.28
Payment Due Date: 12-10-2024
Please remit payment to State Bank of India A/c: 30981723481",INVOICE
"ORDER CONFIRMATION / PO
Purchase Order Ref: PO-2024-9466
Issued To: Sunrise Rubber & Polymer Components
Ship To: Plot 102, Chakan Industrial Area, Pune 410501
Order Date: 13-01-2024
Required Delivery Date: 16-10-2024
Items Ordered:
- High Tensile Flange Nut M12 | Quantity: 500 PCS | Unit Rate: Rs. 19.61 | Total: Rs. 9805.00
Freight: Extra at actuals
GST: 18% extra
Prepared by: Purchase Dept",PURCHASE_ORDER
"QUOTATION / PRICE ESTIMATE
Quotation Ref: QUO-2024-684
Quote Date: 26-01-2024
Valid Until: 20-11-2024
To: Procurement Team, MSME Works
From: Bharat Precision Fasteners
Dear Sir, We are pleased to quote our lowest rates:
Item: Nitrile Rubber O-Ring Kit 200pcs
Offered Unit Price: Rs. 511.67 per SET
Lead Time: 10 working days from PO confirmation.
Payment Terms: 30 days credit from invoice date.
Validity: 30 days from quote date.
Looking forward to your valued Purchase Order.
Best Regards, Sales Manager, Bharat Precision Fasteners",QUOTATION
"COMMERCIAL TAX INVOICE
Bill No: INV-2425-45438
Bill Date: 01-07-2024
Against PO No: PO-2024-1273
Supplier: Vanguard Steel & Alloys Corp
State: Maharashtra, Code: 27
Consignee: Global MSME Solutions
Line Items:
1. Tungsten Carbide Milling Insert TNMG160408 | 100 BOX | Rate: Rs. 1394.06 | Taxable: Rs. 139406.00 | IGST 18%: Rs. 25093.08 | Total: Rs. 164499.08
Amount in Words: INR 164499.08 only
E-Way Bill No: 541098234712
Declaration: Certified that particulars given above are true and correct.",INVOICE
"INVOICE
Doc No: INV-2425-29423
Date: 23-04-2024
Ref Purchase Order: PO-2024-5095
From: Omkar Industrial Hardware
To: Bharat Engineering MSME
Summary:
Item: Industrial Ball Bearing 6205-2RS
Quantity Supplied: 20
Price per unit: Rs. 326.33
Net Amount: Rs. 6526.60
Add GST 18%: Rs. 1174.79
Invoice Total: Rs. 7701.39
Payment Due Date: 17-10-2024
Please remit payment to State Bank of India A/c: 30981723481",INVOICE
"DEBIT NOTE
Debit Note No: DC-6948
Debit Note Date: 09-02-2024
Against Original Invoice: INV-2425-90909
Issued By: Apex Industrial Tools Pvt Ltd
GSTIN: 27AABC4270A1Z1
Issued To: MSME Precision Tools
Reason for Debit: Price undercharged in original invoice / Supplementary freight charges / Unbilled additional quantities
Description: Viton Seal Gasket 100mm OD
Underbilled Amount: Rs. 846.69
Applicable GST (18%): Rs. 152.40
Total Debit Value: Rs. 999.09
We have debited your account with the above mentioned sum.
Authorized Signatory",DEBIT_NOTE
"DELIVERY NOTE / CHALLAN
Delivery Challan No: DC-9034
Date of Dispatch: 10-08-2024
Against PO No: PO-2024-8360
Consignor: Apex Industrial Tools Pvt Ltd
Consignee: MSME Manufacturing Plant
Vehicle No: MH-12-RN-8821
Transporter: Apex Logistics
Driver Name: Suresh Patil (Mob: 9876543210)
Materials Dispatched:
1. Tungsten Carbide Milling Insert TNMG160408 - Dispatched Qty: 200 BOX (Packages: 4 Wooden Crates)
Condition of Goods: Good condition, sealed boxes.
Received by: Stores In-charge (Signature & Date)
Goods received in full and sound condition.",DELIVERY_NOTE
"ORIGINAL TAX INVOICE (FOR RECIPIENT)
Invoice No: INV-2425-23558
Date of Issue: 11-01-2024
PO Ref: PO-2024-1314
Supplier Name: Kirloskar Engineering Supplies
PAN: AABCP9871M
GSTIN/UIN: 27AABC6386A1Z9
Place of Supply: 27-Maharashtra
Table of Supplies:
SI No | Item Description | Qty | Rate | Amount
01 | Digital Vernier Caliper 0-150mm | 20 | 1304.83 | 26096.60
Total Taxable: 26096.60
IGST @ 18%: 4697.39
Gross Total: 30793.99
Subject to Pune Jurisdiction only.",INVOICE
"TAX INVOICE
Invoice Number: INV-2425-51384
Invoice Date: 06-07-2024
PO Reference: PO-2024-4401
Seller: Bharat Precision Fasteners
GSTIN: 27AABC8781A1Z3
Buyer: MSME Precision Components Ltd
Buyer GSTIN: 27AAACM1234F1Z5
Description of Goods: Pneumatic Cylinder Double Acting 50mm Bore
HSN Code: 84818030
Qty: 20 NOS
Unit Rate: INR 2494.60
Taxable Value: INR 49892.00
CGST 9%: INR 4490.28
SGST 9%: INR 4490.28
Total Invoice Amount: INR 58872.56
Bank Account: HDFC Bank, IFSC: HDFC0001234, A/c: 5020001928374
For Bharat Precision Fasteners - Authorized Signatory",INVOICE
"STANDARD PURCHASE ORDER
PO No: PO-2024-4564
Buyer: MSME Manufacturing Works
Supplier: Vanguard Steel & Alloys Corp
GSTIN: 27AABC3516A1Z1
Item Details:
Item Code: ITM-335, Description: Stainless Steel Hex Bolt M10x50mm, Quantity: 200, Rate: 43.60, Taxable Value: 8720.00
Total Order Value: INR 8720.00
Special Instructions: Deliver with inspection certificate and warranty.",PURCHASE_ORDER
"DELIVERY RECEIPT & DISPATCH SLIP
DN Number: DC-6322
Dispatch Date: 05-02-2024
Purchase Order: PO-2024-7193
Supplier: National Electricals & Controls
Destination: Industrial Warehouse Sector 5
List of Items:
Item: Stainless Steel Hex Bolt M10x50mm | Qty Delivered: 100 | Unit: PCS | Batch No: B-2024-09
Security Gate Entry No: G-4412
Storekeeper Signature: _____________
Date & Time Received: 05-02-2024 14:30 hrs",DELIVERY_NOTE
"PURCHASE ORDER CONTRACT
PO#: PO-2024-6334
Date: 16-08-2024
To: Sunrise Rubber & Polymer Components
Shipment Mode: By Road
Delivery Location: Warehouse 4, Sector 12, Manesar
Line Item 1: Stainless Steel Hex Bolt M10x50mm - 50 Nos @ Rs. 45.16 each.
Subtotal: Rs. 2258.00
Applicable GST: 18%
Grand Total: Rs. 2664.44
Signature: Head of SCM",PURCHASE_ORDER
"INTERNAL MEMORANDUM
To: All Plant Staff
From: Operations Director
Subject: Scheduled maintenance of Power Generator DG-2 on coming Sunday.
All departments are requested to plan production accordingly.",UNKNOWN
"EMPLOYEE LEAVE APPLICATION
Employee Name: Ramesh Shinde
Department: Assembly Line B
Leave Dates: 10th Oct to 12th Oct
Reason: Personal family function.
Approved by Plant Supervisor.",UNKNOWN
"DEBIT NOTE
Debit Note No: DC-9686
Debit Note Date: 19-06-2024
Against Original Invoice: INV-2425-73544
Issued By: TechnoMech Automation Solutions
GSTIN: 27AABC5407A1Z6
Issued To: MSME Precision Tools
Reason for Debit: Price undercharged in original invoice / Supplementary freight charges / Unbilled additional quantities
Description: Pneumatic Cylinder Double Acting 50mm Bore
Underbilled Amount: Rs. 153412.28
Applicable GST (18%): Rs. 27614.21
Total Debit Value: Rs. 181026.49
We have debited your account with the above mentioned sum.
Authorized Signatory",DEBIT_NOTE
"TAX CREDIT MEMORANDUM
CN Number: CN-2425-964
Date: 17-08-2024
Ref Invoice: INV-2425-17077
Vendor: Shree Ganesh Hydraulic Spares
Customer: MSME Works
Adjustment Details:
Price reduction agreed on Viton Seal Gasket 100mm OD - Difference INR 194.50
IGST Adjustment: INR 35.01
Net Credit Allowed: INR 229.51
Authorized Signatory, Accounts Department",CREDIT_NOTE
"DELIVERY RECEIPT & DISPATCH SLIP
DN Number: DC-6706
Dispatch Date: 09-08-2024
Purchase Order: PO-2024-6582
Supplier: Sunrise Rubber & Polymer Components
Destination: Industrial Warehouse Sector 5
List of Items:
Item: Tungsten Carbide Milling Insert TNMG160408 | Qty Delivered: 500 | Unit: BOX | Batch No: B-2024-09
Security Gate Entry No: G-4412
Storekeeper Signature: _____________
Date & Time Received: 09-08-2024 14:30 hrs",DELIVERY_NOTE
"COMMERCIAL TAX INVOICE
Bill No: INV-2425-28385
Bill Date: 03-05-2024
Against PO No: PO-2024-3504
Supplier: TechnoMech Automation Solutions
State: Maharashtra, Code: 27
Consignee: Global MSME Solutions
Line Items:
1. Digital Vernier Caliper 0-150mm | 100 NOS | Rate: Rs. 1173.17 | Taxable: Rs. 117317.00 | IGST 18%: Rs. 21117.06 | Total: Rs. 138434.06
Amount in Words: INR 138434.06 only
E-Way Bill No: 541098234712
Declaration: Certified that particulars given above are true and correct.",INVOICE
"QUOTATION / PRICE ESTIMATE
Quotation Ref: QUO-2024-349
Quote Date: 03-05-2024
Valid Until: 06-11-2024
To: Procurement Team, MSME Works
From: National Electricals & Controls
Dear Sir, We are pleased to quote our lowest rates:
Item: Pneumatic Cylinder Double Acting 50mm Bore
Offered Unit Price: Rs. 2744.88 per NOS
Lead Time: 10 working days from PO confirmation.
Payment Terms: 30 days credit from invoice date.
Validity: 30 days from quote date.
Looking forward to your valued Purchase Order.
Best Regards, Sales Manager, National Electricals & Controls",QUOTATION
"DELIVERY NOTE / CHALLAN
Delivery Challan No: DC-5708
Date of Dispatch: 20-03-2024
Against PO No: PO-2024-5675
Consignor: Swaraj Pneumatic Systems
Consignee: MSME Manufacturing Plant
Vehicle No: MH-12-RN-8821
Transporter: Apex Logistics
Driver Name: Suresh Patil (Mob: 9876543210)
Materials Dispatched:
1. Tungsten Carbide Milling Insert TNMG160408 - Dispatched Qty: 100 BOX (Packages: 4 Wooden Crates)
Condition of Goods: Good condition, sealed boxes.
Received by: Stores In-charge (Signature & Date)
Goods received in full and sound condition.",DELIVERY_NOTE
"STANDARD PURCHASE ORDER
PO No: PO-2024-9397
Buyer: MSME Manufacturing Works
Supplier: Premier Bearings & Power Transmission
GSTIN: 27AABC5360A1Z1
Item Details:
Item Code: ITM-792, Description: Nitrile Rubber O-Ring Kit 200pcs, Quantity: 200, Rate: 451.88, Taxable Value: 90376.00
Total Order Value: INR 90376.00
Special Instructions: Deliver with inspection certificate and warranty.",PURCHASE_ORDER
"COMMERCIAL PURCHASE ORDER
Order ID: PO-2024-1759
Vendor Name: Shree Ganesh Hydraulic Spares
Billing Address: Plot 45, Industrial Estate, Pune
Date of Order: 07-05-2024
Scope of Supply:
- Nitrile Rubber O-Ring Kit 200pcs (Qty: 500, Unit Price: 433.49, Amount: 216745.00)
Payment: 100% against Delivery Note and Tax Invoice.
Authorized by Procurement Manager.",PURCHASE_ORDER
"FORMAL PRICE PROPOSAL
Quote ID: QUO-2024-308
Date: 23-09-2024
Customer: MSME Manufacturing
Supplier: Kirloskar Engineering Supplies
Estimated Schedule of Rates:
1. Digital Vernier Caliper 0-150mm - Unit Rate: INR 1348.30 (MOQ: 50 NOS)
GST: 18% extra
Delivery: Ex-works Pune
Warranty: 12 months from delivery date.
Commercial Terms: 100% against delivery.
Authorized Signatory: Kirloskar Engineering Supplies",QUOTATION
"ORIGINAL TAX INVOICE (FOR RECIPIENT)
Invoice No: INV-2425-65655
Date of Issue: 13-01-2024
PO Ref: PO-2024-8191
Supplier Name: Swaraj Pneumatic Systems
PAN: AABCP9871M
GSTIN/UIN: 27AABC1863A1Z9
Place of Supply: 27-Maharashtra
Table of Supplies:
SI No | Item Description | Qty | Rate | Amount
01 | High Tensile Flange Nut M12 | 200 | 18.88 | 3776.00
Total Taxable: 3776.00
IGST @ 18%: 679.68
Gross Total: 4455.68
Subject to Pune Jurisdiction only.",INVOICE
"CREDIT NOTE
Credit Note No: CN-2425-183
Credit Note Date: 14-04-2024
Original Tax Invoice Ref: INV-2425-68873
Original Invoice Date: 10-08-2024
Issued By: Mahindra Tooling & Forging Ltd
GSTIN: 27AABC2338A1Z5
Issued To: MSME Manufacturing Ltd
Reason for Credit: Rate difference / Return of damaged goods / Post-sale discount
Particulars:
Item: Digital Vernier Caliper 0-150mm
Quantity Returned / Adjusted: 100 NOS
Unit Rate: Rs. 1297.27
Credit Amount (Taxable): Rs. 20666.35
CGST 9%: Rs. 1859.97
SGST 9%: Rs. 1859.97
Total Credit Note Amount: Rs. 24386.29
We have credited your account with the above amount.",CREDIT_NOTE
"VISITOR PASS - RECEPTION
Visitor Name: Ananya Sharma
Company: Tech Audit Consultants
Person to meet: Finance Manager
Entry Time: 10:15 AM
Exit Time: 12:45 PM",UNKNOWN
"PAYMENT RECEIPT / VOUCHER
Receipt No: PAY-REC-252440
Payment Date: 20-02-2024
Paid To: Mahindra Tooling & Forging Ltd
Paid By: MSME Auto Components Ltd
Payment Method: NEFT / RTGS Transfer
Bank Transaction Ref / UTR: UTR-HDFC-99182374192
Invoice Reference: INV-2425-27165
Amount Paid: INR 21974.62
Amount in Words: INR 21974.62 only
Payment towards full/part settlement of Invoice INV-2425-27165
Authorized Accounts Officer: Rajeev Kumar",PAYMENT_RECEIPT
"DELIVERY NOTE / CHALLAN
Delivery Challan No: DC-7318
Date of Dispatch: 13-04-2024
Against PO No: PO-2024-5526
Consignor: Vanguard Steel & Alloys Corp
Consignee: MSME Manufacturing Plant
Vehicle No: MH-12-RN-8821
Transporter: Apex Logistics
Driver Name: Suresh Patil (Mob: 9876543210)
Materials Dispatched:
1. Tungsten Carbide Milling Insert TNMG160408 - Dispatched Qty: 100 BOX (Packages: 4 Wooden Crates)
Condition of Goods: Good condition, sealed boxes.
Received by: Stores In-charge (Signature & Date)
Goods received in full and sound condition.",DELIVERY_NOTE
"QUOTATION / PRICE ESTIMATE
Quotation Ref: QUO-2024-831
Quote Date: 13-06-2024
Valid Until: 12-11-2024
To: Procurement Team, MSME Works
From: Apex Industrial Tools Pvt Ltd
Dear Sir, We are pleased to quote our lowest rates:
Item: Industrial Ball Bearing 6205-2RS
Offered Unit Price: Rs. 311.75 per NOS
Lead Time: 10 working days from PO confirmation.
Payment Terms: 30 days credit from invoice date.
Validity: 30 days from quote date.
Looking forward to your valued Purchase Order.
Best Regards, Sales Manager, Apex Industrial Tools Pvt Ltd",QUOTATION
"DEBIT NOTE
Debit Note No: DC-8851
Debit Note Date: 05-07-2024
Against Original Invoice: INV-2425-62657
Issued By: Premier Bearings & Power Transmission
GSTIN: 27AABC7881A1Z4
Issued To: MSME Precision Tools
Reason for Debit: Price undercharged in original invoice / Supplementary freight charges / Unbilled additional quantities
Description: Pneumatic Cylinder Double Acting 50mm Bore
Underbilled Amount: Rs. 6629.22
Applicable GST (18%): Rs. 1193.26
Total Debit Value: Rs. 7822.48
We have debited your account with the above mentioned sum.
Authorized Signatory",DEBIT_NOTE
"INVOICE
Doc No: INV-2425-14924
Date: 16-02-2024
Ref Purchase Order: PO-2024-2220
From: Vanguard Steel & Alloys Corp
To: Bharat Engineering MSME
Summary:
Item: Pneumatic Cylinder Double Acting 50mm Bore
Quantity Supplied: 500
Price per unit: Rs. 2991.25
Net Amount: Rs. 1495625.00
Add GST 18%: Rs. 269212.50
Invoice Total: Rs. 1764837.50
Payment Due Date: 27-10-2024
Please remit payment to State Bank of India A/c: 30981723481",INVOICE
"ORDER CONFIRMATION / PO
Purchase Order Ref: PO-2024-4491
Issued To: National Electricals & Controls
Ship To: Plot 102, Chakan Industrial Area, Pune 410501
Order Date: 07-08-2024
Required Delivery Date: 24-10-2024
Items Ordered:
- Viton Seal Gasket 100mm OD | Quantity: 200 PCS | Unit Rate: Rs. 90.39 | Total: Rs. 18078.00
Freight: Extra at actuals
GST: 18% extra
Prepared by: Purchase Dept",PURCHASE_ORDER
"QUOTATION / PRICE ESTIMATE
Quotation Ref: QUO-2024-209
Quote Date: 19-01-2024
Valid Until: 28-11-2024
To: Procurement Team, MSME Works
From: Premier Bearings & Power Transmission
Dear Sir, We are pleased to quote our lowest rates:
Item: Tungsten Carbide Milling Insert TNMG160408
Offered Unit Price: Rs. 1457.05 per BOX
Lead Time: 10 working days from PO confirmation.
Payment Terms: 30 days credit from invoice date.
Validity: 30 days from quote date.
Looking forward to your valued Purchase Order.
Best Regards, Sales Manager, Premier Bearings & Power Transmission",QUOTATION
"EMPLOYEE LEAVE APPLICATION
Employee Name: Ramesh Shinde
Department: Assembly Line B
Leave Dates: 10th Oct to 12th Oct
Reason: Personal family function.
Approved by Plant Supervisor.",UNKNOWN
"PURCHASE ORDER CONTRACT
PO#: PO-2024-4299
Date: 05-07-2024
To: National Electricals & Controls
Shipment Mode: By Road
Delivery Location: Warehouse 4, Sector 12, Manesar
Line Item 1: Viton Seal Gasket 100mm OD - 10 Nos @ Rs. 103.75 each.
Subtotal: Rs. 1037.50
Applicable GST: 18%
Grand Total: Rs. 1224.25
Signature: Head of SCM",PURCHASE_ORDER
"DEBIT NOTE
Debit Note No: DC-6143
Debit Note Date: 10-05-2024
Against Original Invoice: INV-2425-68162
Issued By: Bharat Precision Fasteners
GSTIN: 27AABC5286A1Z7
Issued To: MSME Precision Tools
Reason for Debit: Price undercharged in original invoice / Supplementary freight charges / Unbilled additional quantities
Description: High Tensile Flange Nut M12
Underbilled Amount: Rs. 43.56
Applicable GST (18%): Rs. 7.84
Total Debit Value: Rs. 51.40
We have debited your account with the above mentioned sum.
Authorized Signatory",DEBIT_NOTE
"EMPLOYEE LEAVE APPLICATION
Employee Name: Ramesh Shinde
Department: Assembly Line B
Leave Dates: 10th Oct to 12th Oct
Reason: Personal family function.
Approved by Plant Supervisor.",UNKNOWN
"TAX CREDIT MEMORANDUM
CN Number: CN-2425-984
Date: 24-09-2024
Ref Invoice: INV-2425-95451
Vendor: Apex Industrial Tools Pvt Ltd
Customer: MSME Works
Adjustment Details:
Price reduction agreed on Tungsten Carbide Milling Insert TNMG160408 - Difference INR 1767.81
IGST Adjustment: INR 318.21
Net Credit Allowed: INR 2086.02
Authorized Signatory, Accounts Department",CREDIT_NOTE
"MATERIAL DISPATCH NOTE
Dispatch Memo: DC-6021
Date: 11-09-2024
Ref PO: PO-2024-5769
Vendor: Sunrise Rubber & Polymer Components
Delivered To: Central Stores, Unit II
Description: Hydraulic Pressure Relief Valve 1/2 inch
Quantity Sent: 200 NOS
No of Cartons: 10
Received Ok by Stores Department.",DELIVERY_NOTE
"GOODS DELIVERY CHALLAN
Challan Ref: DC-7457
Date: 22-06-2024
PO Reference: PO-2024-4937
From: Shree Ganesh Hydraulic Spares
To: MSME Engineering Works, Plot 8, MIDC Pune
Mode of Transport: Tempo MH-14-BT-1122
LR / GC No: 994821
Particulars:
- Hydraulic Pressure Relief Valve 1/2 inch : Quantity Delivered: 100 NOS
Remarks: Material subject to quality inspection at gate.
Inspected & Received in good order.",DELIVERY_NOTE
"DELIVERY RECEIPT & DISPATCH SLIP
DN Number: DC-9786
Dispatch Date: 10-01-2024
Purchase Order: PO-2024-2771
Supplier: Vanguard Steel & Alloys Corp
Destination: Industrial Warehouse Sector 5
List of Items:
Item: High Tensile Flange Nut M12 | Qty Delivered: 200 | Unit: PCS | Batch No: B-2024-09
Security Gate Entry No: G-4412
Storekeeper Signature: _____________
Date & Time Received: 10-01-2024 14:30 hrs",DELIVERY_NOTE
"PURCHASE ORDER CONTRACT
PO#: PO-2024-3107
Date: 16-05-2024
To: Mahindra Tooling & Forging Ltd
Shipment Mode: By Road
Delivery Location: Warehouse 4, Sector 12, Manesar
Line Item 1: Industrial Ball Bearing 6205-2RS - 20 Nos @ Rs. 308.47 each.
Subtotal: Rs. 6169.40
Applicable GST: 18%
Grand Total: Rs. 7279.89
Signature: Head of SCM",PURCHASE_ORDER
"DEBIT NOTE
Debit Note No: DC-6399
Debit Note Date: 26-06-2024
Against Original Invoice: INV-2425-32281
Issued By: Kirloskar Engineering Supplies
GSTIN: 27AABC7545A1Z6
Issued To: MSME Precision Tools
Reason for Debit: Price undercharged in original invoice / Supplementary freight charges / Unbilled additional quantities
Description: Viton Seal Gasket 100mm OD
Underbilled Amount: Rs. 593.43
Applicable GST (18%): Rs. 106.82
Total Debit Value: Rs. 700.25
We have debited your account with the above mentioned sum.
Authorized Signatory",DEBIT_NOTE
"STANDARD PURCHASE ORDER
PO No: PO-2024-2307
Buyer: MSME Manufacturing Works
Supplier: Apex Industrial Tools Pvt Ltd
GSTIN: 27AABC4966A1Z3
Item Details:
Item Code: ITM-423, Description: Industrial Ball Bearing 6205-2RS, Quantity: 100, Rate: 312.58, Taxable Value: 31258.00
Total Order Value: INR 31258.00
Special Instructions: Deliver with inspection certificate and warranty.",PURCHASE_ORDER
"PAYMENT RECEIPT / VOUCHER
Receipt No: PAY-REC-254745
Payment Date: 21-01-2024
Paid To: TechnoMech Automation Solutions
Paid By: MSME Auto Components Ltd
Payment Method: NEFT / RTGS Transfer
Bank Transaction Ref / UTR: UTR-HDFC-99182374192
Invoice Reference: INV-2425-98628
Amount Paid: INR 825202.32
Amount in Words: INR 825202.32 only
Payment towards full/part settlement of Invoice INV-2425-98628
Authorized Accounts Officer: Rajeev Kumar",PAYMENT_RECEIPT
"SAFETY MANUAL & PROTOCOL
Section 4: General Workshop Safety Guidelines.
1. Personal Protective Equipment (PPE) including safety helmets, steel-toe shoes and goggles must be worn.
2. Machine emergency stop buttons must be inspected daily.
3. In case of fire, evacuate through Gate 2.",UNKNOWN
"PURCHASE ORDER CONTRACT
PO#: PO-2024-5974
Date: 24-05-2024
To: Bharat Precision Fasteners
Shipment Mode: By Road
Delivery Location: Warehouse 4, Sector 12, Manesar
Line Item 1: Viton Seal Gasket 100mm OD - 10 Nos @ Rs. 98.80 each.
Subtotal: Rs. 988.00
Applicable GST: 18%
Grand Total: Rs. 1165.84
Signature: Head of SCM",PURCHASE_ORDER
"MATERIAL DISPATCH NOTE
Dispatch Memo: DC-6380
Date: 01-05-2024
Ref PO: PO-2024-9656
Vendor: Mahindra Tooling & Forging Ltd
Delivered To: Central Stores, Unit II
Description: Nitrile Rubber O-Ring Kit 200pcs
Quantity Sent: 20 SET
No of Cartons: 10
Received Ok by Stores Department.",DELIVERY_NOTE
"PAYMENT RECEIPT / VOUCHER
Receipt No: PAY-REC-226149
Payment Date: 23-02-2024
Paid To: Swaraj Pneumatic Systems
Paid By: MSME Auto Components Ltd
Payment Method: NEFT / RTGS Transfer
Bank Transaction Ref / UTR: UTR-HDFC-99182374192
Invoice Reference: INV-2425-46195
Amount Paid: INR 30404.35
Amount in Words: INR 30404.35 only
Payment towards full/part settlement of Invoice INV-2425-46195
Authorized Accounts Officer: Rajeev Kumar",PAYMENT_RECEIPT
"PAYMENT ADVICE & RECEIPT
Payment Slip Ref: PAY-REC-137506
Date of Remittance: 25-01-2024
Vendor: TechnoMech Automation Solutions
Against Bill/Invoice No: INV-2425-94469
Cheque/NEFT No: 882910
Paid Amount: INR 1010333.70
Deductions (TDS/Retention): Rs. 0.00
Total Cleared: INR 1010333.70
Received with thanks from MSME Industries.",PAYMENT_RECEIPT
"DELIVERY NOTE / CHALLAN
Delivery Challan No: DC-8342
Date of Dispatch: 08-05-2024
Against PO No: PO-2024-9353
Consignor: Apex Industrial Tools Pvt Ltd
Consignee: MSME Manufacturing Plant
Vehicle No: MH-12-RN-8821
Transporter: Apex Logistics
Driver Name: Suresh Patil (Mob: 9876543210)
Materials Dispatched:
1. Digital Vernier Caliper 0-150mm - Dispatched Qty: 500 NOS (Packages: 4 Wooden Crates)
Condition of Goods: Good condition, sealed boxes.
Received by: Stores In-charge (Signature & Date)
Goods received in full and sound condition.",DELIVERY_NOTE
"COMMERCIAL PURCHASE ORDER
Order ID: PO-2024-3825
Vendor Name: Kirloskar Engineering Supplies
Billing Address: Plot 45, Industrial Estate, Pune
Date of Order: 20-02-2024
Scope of Supply:
- Viton Seal Gasket 100mm OD (Qty: 500, Unit Price: 103.93, Amount: 51965.00)
Payment: 100% against Delivery Note and Tax Invoice.
Authorized by Procurement Manager.",PURCHASE_ORDER
"BANK PAYMENT CONFIRMATION RECEIPT
Voucher ID: PAY-REC-243407
Date: 17-04-2024
Beneficiary Name: Omkar Industrial Hardware
Beneficiary A/c: 0029018450117
Transaction ID: CMS2024091800492
Settlement for Tax Invoice: INV-2425-52986
PO Number Ref: PO-2024-2942
Net Remitted: Rs. 126433.70
Status: SUCCESS - Transferred to beneficiary account.
Accounts Department Signature",PAYMENT_RECEIPT
"QUOTATION / PRICE ESTIMATE
Quotation Ref: QUO-2024-937
Quote Date: 07-01-2024
Valid Until: 14-11-2024
To: Procurement Team, MSME Works
From: Apex Industrial Tools Pvt Ltd
Dear Sir, We are pleased to quote our lowest rates:
Item: Industrial Ball Bearing 6205-2RS
Offered Unit Price: Rs. 324.11 per NOS
Lead Time: 10 working days from PO confirmation.
Payment Terms: 30 days credit from invoice date.
Validity: 30 days from quote date.
Looking forward to your valued Purchase Order.
Best Regards, Sales Manager, Apex Industrial Tools Pvt Ltd",QUOTATION
"TAX INVOICE
Invoice Number: INV-2425-36023
Invoice Date: 27-02-2024
PO Reference: PO-2024-1180
Seller: Omkar Industrial Hardware
GSTIN: 27AABC3253A1Z2
Buyer: MSME Precision Components Ltd
Buyer GSTIN: 27AAACM1234F1Z5
Description of Goods: Stainless Steel Hex Bolt M10x50mm
HSN Code: 84818030
Qty: 100 PCS
Unit Rate: INR 46.55
Taxable Value: INR 4655.00
CGST 9%: INR 418.95
SGST 9%: INR 418.95
Total Invoice Amount: INR 5492.90
Bank Account: HDFC Bank, IFSC: HDFC0001234, A/c: 5020001928374
For Omkar Industrial Hardware - Authorized Signatory",INVOICE
"PAYMENT RECEIPT / VOUCHER
Receipt No: PAY-REC-555953
Payment Date: 21-08-2024
Paid To: Sunrise Rubber & Polymer Components
Paid By: MSME Auto Components Ltd
Payment Method: NEFT / RTGS Transfer
Bank Transaction Ref / UTR: UTR-HDFC-99182374192
Invoice Reference: INV-2425-24554
Amount Paid: INR 28423.37
Amount in Words: INR 28423.37 only
Payment towards full/part settlement of Invoice INV-2425-24554
Authorized Accounts Officer: Rajeev Kumar",PAYMENT_RECEIPT
"DELIVERY RECEIPT & DISPATCH SLIP
DN Number: DC-6879
Dispatch Date: 16-06-2024
Purchase Order: PO-2024-7299
Supplier: National Electricals & Controls
Destination: Industrial Warehouse Sector 5
List of Items:
Item: Pneumatic Cylinder Double Acting 50mm Bore | Qty Delivered: 100 | Unit: NOS | Batch No: B-2024-09
Security Gate Entry No: G-4412
Storekeeper Signature: _____________
Date & Time Received: 16-06-2024 14:30 hrs",DELIVERY_NOTE
"DEBIT NOTE
Debit Note No: DC-8903
Debit Note Date: 25-07-2024
Against Original Invoice: INV-2425-59322
Issued By: Apex Industrial Tools Pvt Ltd
GSTIN: 27AABC6987A1Z5
Issued To: MSME Precision Tools
Reason for Debit: Price undercharged in original invoice / Supplementary freight charges / Unbilled additional quantities
Description: Nitrile Rubber O-Ring Kit 200pcs
Underbilled Amount: Rs. 20116.00
Applicable GST (18%): Rs. 3620.88
Total Debit Value: Rs. 23736.88
We have debited your account with the above mentioned sum.
Authorized Signatory",DEBIT_NOTE
"DEBIT NOTE
Debit Note No: DC-6363
Debit Note Date: 27-05-2024
Against Original Invoice: INV-2425-33351
Issued By: Shree Ganesh Hydraulic Spares
GSTIN: 27AABC8320A1Z4
Issued To: MSME Precision Tools
Reason for Debit: Price undercharged in original invoice / Supplementary freight charges / Unbilled additional quantities
Description: Industrial Ball Bearing 6205-2RS
Underbilled Amount: Rs. 7358.60
Applicable GST (18%): Rs. 1324.55
Total Debit Value: Rs. 8683.15
We have debited your account with the above mentioned sum.
Authorized Signatory",DEBIT_NOTE
"DEBIT NOTE
Debit Note No: DC-6488
Debit Note Date: 23-08-2024
Against Original Invoice: INV-2425-20581
Issued By: Kirloskar Engineering Supplies
GSTIN: 27AABC9500A1Z1
Issued To: MSME Precision Tools
Reason for Debit: Price undercharged in original invoice / Supplementary freight charges / Unbilled additional quantities
Description: Nitrile Rubber O-Ring Kit 200pcs
Underbilled Amount: Rs. 1169.43
Applicable GST (18%): Rs. 210.50
Total Debit Value: Rs. 1379.93
We have debited your account with the above mentioned sum.
Authorized Signatory",DEBIT_NOTE
"FORMAL PRICE PROPOSAL
Quote ID: QUO-2024-392
Date: 28-04-2024
Customer: MSME Manufacturing
Supplier: Premier Bearings & Power Transmission
Estimated Schedule of Rates:
1. High Tensile Flange Nut M12 - Unit Rate: INR 19.01 (MOQ: 50 PCS)
GST: 18% extra
Delivery: Ex-works Pune
Warranty: 12 months from delivery date.
Commercial Terms: 100% against delivery.
Authorized Signatory: Premier Bearings & Power Transmission",QUOTATION
"VISITOR PASS - RECEPTION
Visitor Name: Ananya Sharma
Company: Tech Audit Consultants
Person to meet: Finance Manager
Entry Time: 10:15 AM
Exit Time: 12:45 PM",UNKNOWN
"DELIVERY RECEIPT & DISPATCH SLIP
DN Number: DC-6408
Dispatch Date: 04-07-2024
Purchase Order: PO-2024-4717
Supplier: National Electricals & Controls
Destination: Industrial Warehouse Sector 5
List of Items:
Item: Digital Vernier Caliper 0-150mm | Qty Delivered: 20 | Unit: NOS | Batch No: B-2024-09
Security Gate Entry No: G-4412
Storekeeper Signature: _____________
Date & Time Received: 04-07-2024 14:30 hrs",DELIVERY_NOTE
"QUOTATION / PRICE ESTIMATE
Quotation Ref: QUO-2024-487
Quote Date: 15-02-2024
Valid Until: 28-11-2024
To: Procurement Team, MSME Works
From: Sunrise Rubber & Polymer Components
Dear Sir, We are pleased to quote our lowest rates:
Item: Pneumatic Cylinder Double Acting 50mm Bore
Offered Unit Price: Rs. 2827.05 per NOS
Lead Time: 10 working days from PO confirmation.
Payment Terms: 30 days credit from invoice date.
Validity: 30 days from quote date.
Looking forward to your valued Purchase Order.
Best Regards, Sales Manager, Sunrise Rubber & Polymer Components",QUOTATION
"INVOICE
Doc No: INV-2425-50219
Date: 05-01-2024
Ref Purchase Order: PO-2024-1280
From: Premier Bearings & Power Transmission
To: Bharat Engineering MSME
Summary:
Item: Nitrile Rubber O-Ring Kit 200pcs
Quantity Supplied: 500
Price per unit: Rs. 435.14
Net Amount: Rs. 217570.00
Add GST 18%: Rs. 39162.60
Invoice Total: Rs. 256732.60
Payment Due Date: 02-10-2024
Please remit payment to State Bank of India A/c: 30981723481",INVOICE
"CREDIT NOTE
Credit Note No: CN-2425-332
Credit Note Date: 01-06-2024
Original Tax Invoice Ref: INV-2425-38840
Original Invoice Date: 16-08-2024
Issued By: Kirloskar Engineering Supplies
GSTIN: 27AABC8799A1Z2
Issued To: MSME Manufacturing Ltd
Reason for Credit: Rate difference / Return of damaged goods / Post-sale discount
Particulars:
Item: Nitrile Rubber O-Ring Kit 200pcs
Quantity Returned / Adjusted: 100 SET
Unit Rate: Rs. 461.36
Credit Amount (Taxable): Rs. 2567.30
CGST 9%: Rs. 231.06
SGST 9%: Rs. 231.06
Total Credit Note Amount: Rs. 3029.41
We have credited your account with the above amount.",CREDIT_NOTE
"INVOICE
Doc No: INV-2425-33990
Date: 15-08-2024
Ref Purchase Order: PO-2024-5445
From: Kirloskar Engineering Supplies
To: Bharat Engineering MSME
Summary:
Item: Nitrile Rubber O-Ring Kit 200pcs
Quantity Supplied: 200
Price per unit: Rs. 485.61
Net Amount: Rs. 97122.00
Add GST 18%: Rs. 17481.96
Invoice Total: Rs. 114603.96
Payment Due Date: 06-10-2024
Please remit payment to State Bank of India A/c: 30981723481",INVOICE
"CREDIT NOTE
Credit Note No: CN-2425-751
Credit Note Date: 27-05-2024
Original Tax Invoice Ref: INV-2425-90012
Original Invoice Date: 14-08-2024
Issued By: Vanguard Steel & Alloys Corp
GSTIN: 27AABC3009A1Z5
Issued To: MSME Manufacturing Ltd
Reason for Credit: Rate difference / Return of damaged goods / Post-sale discount
Particulars:
Item: Viton Seal Gasket 100mm OD
Quantity Returned / Adjusted: 200 PCS
Unit Rate: Rs. 90.90
Credit Amount (Taxable): Rs. 2904.48
CGST 9%: Rs. 261.40
SGST 9%: Rs. 261.40
Total Credit Note Amount: Rs. 3427.29
We have credited your account with the above amount.",CREDIT_NOTE
"FORMAL PRICE PROPOSAL
Quote ID: QUO-2024-726
Date: 07-02-2024
Customer: MSME Manufacturing
Supplier: Vanguard Steel & Alloys Corp
Estimated Schedule of Rates:
1. Pneumatic Cylinder Double Acting 50mm Bore - Unit Rate: INR 2695.78 (MOQ: 50 NOS)
GST: 18% extra
Delivery: Ex-works Pune
Warranty: 12 months from delivery date.
Commercial Terms: 100% against delivery.
Authorized Signatory: Vanguard Steel & Alloys Corp",QUOTATION
"COMMERCIAL PURCHASE ORDER
Order ID: PO-2024-7911
Vendor Name: Apex Industrial Tools Pvt Ltd
Billing Address: Plot 45, Industrial Estate, Pune
Date of Order: 25-08-2024
Scope of Supply:
- Viton Seal Gasket 100mm OD (Qty: 20, Unit Price: 91.64, Amount: 1832.80)
Payment: 100% against Delivery Note and Tax Invoice.
Authorized by Procurement Manager.",PURCHASE_ORDER
"DEBIT NOTE
Debit Note No: DC-8711
Debit Note Date: 02-01-2024
Against Original Invoice: INV-2425-85632
Issued By: Kirloskar Engineering Supplies
GSTIN: 27AABC3305A1Z3
Issued To: MSME Precision Tools
Reason for Debit: Price undercharged in original invoice / Supplementary freight charges / Unbilled additional quantities
Description: Digital Vernier Caliper 0-150mm
Underbilled Amount: Rs. 52212.34
Applicable GST (18%): Rs. 9398.22
Total Debit Value: Rs. 61610.56
We have debited your account with the above mentioned sum.
Authorized Signatory",DEBIT_NOTE
"FORMAL PRICE PROPOSAL
Quote ID: QUO-2024-970
Date: 04-02-2024
Customer: MSME Manufacturing
Supplier: Bharat Precision Fasteners
Estimated Schedule of Rates:
1. Carbon Steel Seamless Pipe 2 inch NB - Unit Rate: INR 562.23 (MOQ: 50 MTR)
GST: 18% extra
Delivery: Ex-works Pune
Warranty: 12 months from delivery date.
Commercial Terms: 100% against delivery.
Authorized Signatory: Bharat Precision Fasteners",QUOTATION
"MEETING MINUTES - PRODUCT DESIGN REVIEW
Date: 12-09-2024
Attendees: Engineering Team, Quality Team
Agenda: Review tolerances for new hydraulic valve housing prototype.
Action Items: Update CAD model with revised bore dimensions.",UNKNOWN
"QUOTATION / PRICE ESTIMATE
Quotation Ref: QUO-2024-705
Quote Date: 09-03-2024
Valid Until: 07-11-2024
To: Procurement Team, MSME Works
From: Swaraj Pneumatic Systems
Dear Sir, We are pleased to quote our lowest rates:
Item: Nitrile Rubber O-Ring Kit 200pcs
Offered Unit Price: Rs. 517.76 per SET
Lead Time: 10 working days from PO confirmation.
Payment Terms: 30 days credit from invoice date.
Validity: 30 days from quote date.
Looking forward to your valued Purchase Order.
Best Regards, Sales Manager, Swaraj Pneumatic Systems",QUOTATION
"DEBIT NOTE
Debit Note No: DC-9981
Debit Note Date: 27-05-2024
Against Original Invoice: INV-2425-61141
Issued By: Shree Ganesh Hydraulic Spares
GSTIN: 27AABC8844A1Z8
Issued To: MSME Precision Tools
Reason for Debit: Price undercharged in original invoice / Supplementary freight charges / Unbilled additional quantities
Description: Nitrile Rubber O-Ring Kit 200pcs
Underbilled Amount: Rs. 5171.27
Applicable GST (18%): Rs. 930.83
Total Debit Value: Rs. 6102.10
We have debited your account with the above mentioned sum.
Authorized Signatory",DEBIT_NOTE
"ORDER CONFIRMATION / PO
Purchase Order Ref: PO-2024-5326
Issued To: Vanguard Steel & Alloys Corp
Ship To: Plot 102, Chakan Industrial Area, Pune 410501
Order Date: 02-09-2024
Required Delivery Date: 08-10-2024
Items Ordered:
- Tungsten Carbide Milling Insert TNMG160408 | Quantity: 20 BOX | Unit Rate: Rs. 1319.79 | Total: Rs. 26395.80
Freight: Extra at actuals
GST: 18% extra
Prepared by: Purchase Dept",PURCHASE_ORDER
"TAX CREDIT MEMORANDUM
CN Number: CN-2425-306
Date: 08-08-2024
Ref Invoice: INV-2425-83556
Vendor: Shree Ganesh Hydraulic Spares
Customer: MSME Works
Adjustment Details:
Price reduction agreed on Carbon Steel Seamless Pipe 2 inch NB - Difference INR 7558.97
IGST Adjustment: INR 1360.61
Net Credit Allowed: INR 8919.58
Authorized Signatory, Accounts Department",CREDIT_NOTE
"DELIVERY RECEIPT & DISPATCH SLIP
DN Number: DC-7257
Dispatch Date: 20-06-2024
Purchase Order: PO-2024-1568
Supplier: Omkar Industrial Hardware
Destination: Industrial Warehouse Sector 5
List of Items:
Item: Industrial Ball Bearing 6205-2RS | Qty Delivered: 50 | Unit: NOS | Batch No: B-2024-09
Security Gate Entry No: G-4412
Storekeeper Signature: _____________
Date & Time Received: 20-06-2024 14:30 hrs",DELIVERY_NOTE
"TAX CREDIT MEMORANDUM
CN Number: CN-2425-362
Date: 08-06-2024
Ref Invoice: INV-2425-31640
Vendor: TechnoMech Automation Solutions
Customer: MSME Works
Adjustment Details:
Price reduction agreed on Industrial Ball Bearing 6205-2RS - Difference INR 16721.38
IGST Adjustment: INR 3009.85
Net Credit Allowed: INR 19731.23
Authorized Signatory, Accounts Department",CREDIT_NOTE
"DELIVERY RECEIPT & DISPATCH SLIP
DN Number: DC-6793
Dispatch Date: 14-05-2024
Purchase Order: PO-2024-7910
Supplier: National Electricals & Controls
Destination: Industrial Warehouse Sector 5
List of Items:
Item: Carbon Steel Seamless Pipe 2 inch NB | Qty Delivered: 20 | Unit: MTR | Batch No: B-2024-09
Security Gate Entry No: G-4412
Storekeeper Signature: _____________
Date & Time Received: 14-05-2024 14:30 hrs",DELIVERY_NOTE
"ORIGINAL TAX INVOICE (FOR RECIPIENT)
Invoice No: INV-2425-64328
Date of Issue: 04-05-2024
PO Ref: PO-2024-5589
Supplier Name: Bharat Precision Fasteners
PAN: AABCP9871M
GSTIN/UIN: 27AABC6656A1Z6
Place of Supply: 27-Maharashtra
Table of Supplies:
SI No | Item Description | Qty | Rate | Amount
01 | Digital Vernier Caliper 0-150mm | 500 | 1313.29 | 656645.00
Total Taxable: 656645.00
IGST @ 18%: 118196.10
Gross Total: 774841.10
Subject to Pune Jurisdiction only.",INVOICE
"GOODS DELIVERY CHALLAN
Challan Ref: DC-5726
Date: 01-02-2024
PO Reference: PO-2024-1574
From: Vanguard Steel & Alloys Corp
To: MSME Engineering Works, Plot 8, MIDC Pune
Mode of Transport: Tempo MH-14-BT-1122
LR / GC No: 994821
Particulars:
- Viton Seal Gasket 100mm OD : Quantity Delivered: 50 PCS
Remarks: Material subject to quality inspection at gate.
Inspected & Received in good order.",DELIVERY_NOTE
"DEBIT NOTE
Debit Note No: DC-6949
Debit Note Date: 12-05-2024
Against Original Invoice: INV-2425-95296
Issued By: National Electricals & Controls
GSTIN: 27AABC7758A1Z1
Issued To: MSME Precision Tools
Reason for Debit: Price undercharged in original invoice / Supplementary freight charges / Unbilled additional quantities
Description: Digital Vernier Caliper 0-150mm
Underbilled Amount: Rs. 23545.87
Applicable GST (18%): Rs. 4238.26
Total Debit Value: Rs. 27784.13
We have debited your account with the above mentioned sum.
Authorized Signatory",DEBIT_NOTE
"BANK PAYMENT CONFIRMATION RECEIPT
Voucher ID: PAY-REC-688769
Date: 09-01-2024
Beneficiary Name: TechnoMech Automation Solutions
Beneficiary A/c: 0029019503558
Transaction ID: CMS2024091800492
Settlement for Tax Invoice: INV-2425-28144
PO Number Ref: PO-2024-1732
Net Remitted: Rs. 684909.76
Status: SUCCESS - Transferred to beneficiary account.
Accounts Department Signature",PAYMENT_RECEIPT
"EMPLOYEE LEAVE APPLICATION
Employee Name: Ramesh Shinde
Department: Assembly Line B
Leave Dates: 10th Oct to 12th Oct
Reason: Personal family function.
Approved by Plant Supervisor.",UNKNOWN
"DELIVERY RECEIPT & DISPATCH SLIP
DN Number: DC-5013
Dispatch Date: 05-05-2024
Purchase Order: PO-2024-2633
Supplier: Apex Industrial Tools Pvt Ltd
Destination: Industrial Warehouse Sector 5
List of Items:
Item: Industrial Ball Bearing 6205-2RS | Qty Delivered: 50 | Unit: NOS | Batch No: B-2024-09
Security Gate Entry No: G-4412
Storekeeper Signature: _____________
Date & Time Received: 05-05-2024 14:30 hrs",DELIVERY_NOTE
"INVOICE
Doc No: INV-2425-45272
Date: 03-09-2024
Ref Purchase Order: PO-2024-1382
From: Shree Ganesh Hydraulic Spares
To: Bharat Engineering MSME
Summary:
Item: Nitrile Rubber O-Ring Kit 200pcs
Quantity Supplied: 20
Price per unit: Rs. 436.10
Net Amount: Rs. 8722.00
Add GST 18%: Rs. 1569.96
Invoice Total: Rs. 10291.96
Payment Due Date: 02-10-2024
Please remit payment to State Bank of India A/c: 30981723481",INVOICE
"QUOTATION / PRICE ESTIMATE
Quotation Ref: QUO-2024-394
Quote Date: 12-03-2024
Valid Until: 01-11-2024
To: Procurement Team, MSME Works
From: Kirloskar Engineering Supplies
Dear Sir, We are pleased to quote our lowest rates:
Item: Viton Seal Gasket 100mm OD
Offered Unit Price: Rs. 90.65 per PCS
Lead Time: 10 working days from PO confirmation.
Payment Terms: 30 days credit from invoice date.
Validity: 30 days from quote date.
Looking forward to your valued Purchase Order.
Best Regards, Sales Manager, Kirloskar Engineering Supplies",QUOTATION
"DELIVERY RECEIPT & DISPATCH SLIP
DN Number: DC-7701
Dispatch Date: 10-01-2024
Purchase Order: PO-2024-1048
Supplier: Bharat Precision Fasteners
Destination: Industrial Warehouse Sector 5
List of Items:
Item: Digital Vernier Caliper 0-150mm | Qty Delivered: 50 | Unit: NOS | Batch No: B-2024-09
Security Gate Entry No: G-4412
Storekeeper Signature: _____________
Date & Time Received: 10-01-2024 14:30 hrs",DELIVERY_NOTE
"TAX CREDIT MEMORANDUM
CN Number: CN-2425-135
Date: 24-03-2024
Ref Invoice: INV-2425-14535
Vendor: Premier Bearings & Power Transmission
Customer: MSME Works
Adjustment Details:
Price reduction agreed on Carbon Steel Seamless Pipe 2 inch NB - Difference INR 5161.39
IGST Adjustment: INR 929.05
Net Credit Allowed: INR 6090.44
Authorized Signatory, Accounts Department",CREDIT_NOTE
"INVOICE
Doc No: INV-2425-97376
Date: 09-06-2024
Ref Purchase Order: PO-2024-2656
From: Bharat Precision Fasteners
To: Bharat Engineering MSME
Summary:
Item: Tungsten Carbide Milling Insert TNMG160408
Quantity Supplied: 500
Price per unit: Rs. 1554.26
Net Amount: Rs. 777130.00
Add GST 18%: Rs. 139883.40
Invoice Total: Rs. 917013.40
Payment Due Date: 26-10-2024
Please remit payment to State Bank of India A/c: 30981723481",INVOICE
"COMMERCIAL PURCHASE ORDER
Order ID: PO-2024-3015
Vendor Name: Shree Ganesh Hydraulic Spares
Billing Address: Plot 45, Industrial Estate, Pune
Date of Order: 28-01-2024
Scope of Supply:
- Viton Seal Gasket 100mm OD (Qty: 50, Unit Price: 100.59, Amount: 5029.50)
Payment: 100% against Delivery Note and Tax Invoice.
Authorized by Procurement Manager.",PURCHASE_ORDER
"DEBIT NOTE
Debit Note No: DC-9735
Debit Note Date: 11-01-2024
Against Original Invoice: INV-2425-16324
Issued By: Premier Bearings & Power Transmission
GSTIN: 27AABC4254A1Z1
Issued To: MSME Precision Tools
Reason for Debit: Price undercharged in original invoice / Supplementary freight charges / Unbilled additional quantities
Description: Tungsten Carbide Milling Insert TNMG160408
Underbilled Amount: Rs. 7867.50
Applicable GST (18%): Rs. 1416.15
Total Debit Value: Rs. 9283.65
We have debited your account with the above mentioned sum.
Authorized Signatory",DEBIT_NOTE
"DELIVERY RECEIPT & DISPATCH SLIP
DN Number: DC-6130
Dispatch Date: 11-03-2024
Purchase Order: PO-2024-9035
Supplier: TechnoMech Automation Solutions
Destination: Industrial Warehouse Sector 5
List of Items:
Item: High Tensile Flange Nut M12 | Qty Delivered: 20 | Unit: PCS | Batch No: B-2024-09
Security Gate Entry No: G-4412
Storekeeper Signature: _____________
Date & Time Received: 11-03-2024 14:30 hrs",DELIVERY_NOTE
"BANK PAYMENT CONFIRMATION RECEIPT
Voucher ID: PAY-REC-584399
Date: 02-01-2024
Beneficiary Name: Kirloskar Engineering Supplies
Beneficiary A/c: 0029013297785
Transaction ID: CMS2024091800492
Settlement for Tax Invoice: INV-2425-84190
PO Number Ref: PO-2024-4703
Net Remitted: Rs. 1238664.88
Status: SUCCESS - Transferred to beneficiary account.
Accounts Department Signature",PAYMENT_RECEIPT
"PAYMENT RECEIPT / VOUCHER
Receipt No: PAY-REC-826829
Payment Date: 15-04-2024
Paid To: Sunrise Rubber & Polymer Components
Paid By: MSME Auto Components Ltd
Payment Method: NEFT / RTGS Transfer
Bank Transaction Ref / UTR: UTR-HDFC-99182374192
Invoice Reference: INV-2425-26783
Amount Paid: INR 76618.58
Amount in Words: INR 76618.58 only
Payment towards full/part settlement of Invoice INV-2425-26783
Authorized Accounts Officer: Rajeev Kumar",PAYMENT_RECEIPT
"PURCHASE ORDER
PO Number: PO-2024-8945
Date: 10-05-2024
Vendor: Kirloskar Engineering Supplies
Delivery Address: Plot 102, Chakan Industrial Area, Pune 410501
Payment Terms: Net 30 Days
Line Items:
1. Tungsten Carbide Milling Insert TNMG160408 - Qty: 20 @ INR 1458.84/unit = INR 29176.80
Authorized Signatory
Terms & Conditions: Goods must be delivered within 15 days.",PURCHASE_ORDER
"PURCHASE ORDER CONTRACT
PO#: PO-2024-8627
Date: 24-01-2024
To: National Electricals & Controls
Shipment Mode: By Road
Delivery Location: Warehouse 4, Sector 12, Manesar
Line Item 1: Hydraulic Pressure Relief Valve 1/2 inch - 200 Nos @ Rs. 1686.01 each.
Subtotal: Rs. 337202.00
Applicable GST: 18%
Grand Total: Rs. 397898.36
Signature: Head of SCM",PURCHASE_ORDER
"MATERIAL DISPATCH NOTE
Dispatch Memo: DC-6967
Date: 14-06-2024
Ref PO: PO-2024-1673
Vendor: Kirloskar Engineering Supplies
Delivered To: Central Stores, Unit II
Description: Stainless Steel Hex Bolt M10x50mm
Quantity Sent: 10 PCS
No of Cartons: 10
Received Ok by Stores Department.",DELIVERY_NOTE
"ORDER CONFIRMATION / PO
Purchase Order Ref: PO-2024-3609
Issued To: Swaraj Pneumatic Systems
Ship To: Plot 102, Chakan Industrial Area, Pune 410501
Order Date: 04-09-2024
Required Delivery Date: 27-10-2024
Items Ordered:
- Pneumatic Cylinder Double Acting 50mm Bore | Quantity: 10 NOS | Unit Rate: Rs. 2736.16 | Total: Rs. 27361.60
Freight: Extra at actuals
GST: 18% extra
Prepared by: Purchase Dept",PURCHASE_ORDER
"QUOTATION / PRICE ESTIMATE
Quotation Ref: QUO-2024-779
Quote Date: 03-07-2024
Valid Until: 19-11-2024
To: Procurement Team, MSME Works
From: Mahindra Tooling & Forging Ltd
Dear Sir, We are pleased to quote our lowest rates:
Item: Carbon Steel Seamless Pipe 2 inch NB
Offered Unit Price: Rs. 648.61 per MTR
Lead Time: 10 working days from PO confirmation.
Payment Terms: 30 days credit from invoice date.
Validity: 30 days from quote date.
Looking forward to your valued Purchase Order.
Best Regards, Sales Manager, Mahindra Tooling & Forging Ltd",QUOTATION
"TAX CREDIT MEMORANDUM
CN Number: CN-2425-118
Date: 17-04-2024
Ref Invoice: INV-2425-18827
Vendor: Omkar Industrial Hardware
Customer: MSME Works
Adjustment Details:
Price reduction agreed on Hydraulic Pressure Relief Valve 1/2 inch - Difference INR 13946.94
IGST Adjustment: INR 2510.45
Net Credit Allowed: INR 16457.39
Authorized Signatory, Accounts Department",CREDIT_NOTE
"GOODS DELIVERY CHALLAN
Challan Ref: DC-9021
Date: 08-07-2024
PO Reference: PO-2024-6977
From: TechnoMech Automation Solutions
To: MSME Engineering Works, Plot 8, MIDC Pune
Mode of Transport: Tempo MH-14-BT-1122
LR / GC No: 994821
Particulars:
- Tungsten Carbide Milling Insert TNMG160408 : Quantity Delivered: 100 BOX
Remarks: Material subject to quality inspection at gate.
Inspected & Received in good order.",DELIVERY_NOTE
"FORMAL PRICE PROPOSAL
Quote ID: QUO-2024-299
Date: 27-05-2024
Customer: MSME Manufacturing
Supplier: Premier Bearings & Power Transmission
Estimated Schedule of Rates:
1. Carbon Steel Seamless Pipe 2 inch NB - Unit Rate: INR 628.80 (MOQ: 50 MTR)
GST: 18% extra
Delivery: Ex-works Pune
Warranty: 12 months from delivery date.
Commercial Terms: 100% against delivery.
Authorized Signatory: Premier Bearings & Power Transmission",QUOTATION
"FORMAL PRICE PROPOSAL
Quote ID: QUO-2024-529
Date: 17-06-2024
Customer: MSME Manufacturing
Supplier: Vanguard Steel & Alloys Corp
Estimated Schedule of Rates:
1. Nitrile Rubber O-Ring Kit 200pcs - Unit Rate: INR 518.00 (MOQ: 50 SET)
GST: 18% extra
Delivery: Ex-works Pune
Warranty: 12 months from delivery date.
Commercial Terms: 100% against delivery.
Authorized Signatory: Vanguard Steel & Alloys Corp",QUOTATION
"DELIVERY RECEIPT & DISPATCH SLIP
DN Number: DC-7876
Dispatch Date: 16-05-2024
Purchase Order: PO-2024-5129
Supplier: Mahindra Tooling & Forging Ltd
Destination: Industrial Warehouse Sector 5
List of Items:
Item: High Tensile Flange Nut M12 | Qty Delivered: 50 | Unit: PCS | Batch No: B-2024-09
Security Gate Entry No: G-4412
Storekeeper Signature: _____________
Date & Time Received: 16-05-2024 14:30 hrs",DELIVERY_NOTE
"DEBIT NOTE
Debit Note No: DC-8456
Debit Note Date: 21-04-2024
Against Original Invoice: INV-2425-88148
Issued By: TechnoMech Automation Solutions
GSTIN: 27AABC4382A1Z7
Issued To: MSME Precision Tools
Reason for Debit: Price undercharged in original invoice / Supplementary freight charges / Unbilled additional quantities
Description: Stainless Steel Hex Bolt M10x50mm
Underbilled Amount: Rs. 47.09
Applicable GST (18%): Rs. 8.48
Total Debit Value: Rs. 55.57
We have debited your account with the above mentioned sum.
Authorized Signatory",DEBIT_NOTE
"ORIGINAL TAX INVOICE (FOR RECIPIENT)
Invoice No: INV-2425-73161
Date of Issue: 27-04-2024
PO Ref: PO-2024-2681
Supplier Name: Omkar Industrial Hardware
PAN: AABCP9871M
GSTIN/UIN: 27AABC1346A1Z8
Place of Supply: 27-Maharashtra
Table of Supplies:
SI No | Item Description | Qty | Rate | Amount
01 | Nitrile Rubber O-Ring Kit 200pcs | 10 | 463.72 | 4637.20
Total Taxable: 4637.20
IGST @ 18%: 834.70
Gross Total: 5471.90
Subject to Pune Jurisdiction only.",INVOICE
"COMMERCIAL TAX INVOICE
Bill No: INV-2425-86283
Bill Date: 18-01-2024
Against PO No: PO-2024-8814
Supplier: Sunrise Rubber & Polymer Components
State: Maharashtra, Code: 27
Consignee: Global MSME Solutions
Line Items:
1. Hydraulic Pressure Relief Valve 1/2 inch | 20 NOS | Rate: Rs. 1816.59 | Taxable: Rs. 36331.80 | IGST 18%: Rs. 6539.72 | Total: Rs. 42871.52
Amount in Words: INR 42871.52 only
E-Way Bill No: 541098234712
Declaration: Certified that particulars given above are true and correct.",INVOICE
"PAYMENT ADVICE & RECEIPT
Payment Slip Ref: PAY-REC-319497
Date of Remittance: 09-08-2024
Vendor: Kirloskar Engineering Supplies
Against Bill/Invoice No: INV-2425-21886
Cheque/NEFT No: 882910
Paid Amount: INR 35446.49
Deductions (TDS/Retention): Rs. 0.00
Total Cleared: INR 35446.49
Received with thanks from MSME Industries.",PAYMENT_RECEIPT
"COMMERCIAL PURCHASE ORDER
Order ID: PO-2024-7284
Vendor Name: TechnoMech Automation Solutions
Billing Address: Plot 45, Industrial Estate, Pune
Date of Order: 20-09-2024
Scope of Supply:
- Stainless Steel Hex Bolt M10x50mm (Qty: 50, Unit Price: 48.92, Amount: 2446.00)
Payment: 100% against Delivery Note and Tax Invoice.
Authorized by Procurement Manager.",PURCHASE_ORDER
"TAX INVOICE
Invoice Number: INV-2425-23074
Invoice Date: 28-03-2024
PO Reference: PO-2024-3231
Seller: Apex Industrial Tools Pvt Ltd
GSTIN: 27AABC2809A1Z8
Buyer: MSME Precision Components Ltd
Buyer GSTIN: 27AAACM1234F1Z5
Description of Goods: Stainless Steel Hex Bolt M10x50mm
HSN Code: 84818030
Qty: 200 PCS
Unit Rate: INR 41.35
Taxable Value: INR 8270.00
CGST 9%: INR 744.30
SGST 9%: INR 744.30
Total Invoice Amount: INR 9758.60
Bank Account: HDFC Bank, IFSC: HDFC0001234, A/c: 5020001928374
For Apex Industrial Tools Pvt Ltd - Authorized Signatory",INVOICE
"QUOTATION / PRICE ESTIMATE
Quotation Ref: QUO-2024-381
Quote Date: 04-05-2024
Valid Until: 15-11-2024
To: Procurement Team, MSME Works
From: Vanguard Steel & Alloys Corp
Dear Sir, We are pleased to quote our lowest rates:
Item: High Tensile Flange Nut M12
Offered Unit Price: Rs. 19.97 per PCS
Lead Time: 10 working days from PO confirmation.
Payment Terms: 30 days credit from invoice date.
Validity: 30 days from quote date.
Looking forward to your valued Purchase Order.
Best Regards, Sales Manager, Vanguard Steel & Alloys Corp",QUOTATION
"STANDARD PURCHASE ORDER
PO No: PO-2024-3237
Buyer: MSME Manufacturing Works
Supplier: Bharat Precision Fasteners
GSTIN: 27AABC5233A1Z4
Item Details:
Item Code: ITM-922, Description: Industrial Ball Bearing 6205-2RS, Quantity: 50, Rate: 294.91, Taxable Value: 14745.50
Total Order Value: INR 14745.50
Special Instructions: Deliver with inspection certificate and warranty.",PURCHASE_ORDER
"FORMAL PRICE PROPOSAL
Quote ID: QUO-2024-479
Date: 24-06-2024
Customer: MSME Manufacturing
Supplier: Sunrise Rubber & Polymer Components
Estimated Schedule of Rates:
1. Stainless Steel Hex Bolt M10x50mm - Unit Rate: INR 44.57 (MOQ: 50 PCS)
GST: 18% extra
Delivery: Ex-works Pune
Warranty: 12 months from delivery date.
Commercial Terms: 100% against delivery.
Authorized Signatory: Sunrise Rubber & Polymer Components",QUOTATION
"DEBIT NOTE
Debit Note No: DC-9735
Debit Note Date: 15-04-2024
Against Original Invoice: INV-2425-11805
Issued By: Sunrise Rubber & Polymer Components
GSTIN: 27AABC6169A1Z5
Issued To: MSME Precision Tools
Reason for Debit: Price undercharged in original invoice / Supplementary freight charges / Unbilled additional quantities
Description: Tungsten Carbide Milling Insert TNMG160408
Underbilled Amount: Rs. 8174.11
Applicable GST (18%): Rs. 1471.34
Total Debit Value: Rs. 9645.45
We have debited your account with the above mentioned sum.
Authorized Signatory",DEBIT_NOTE
"FORMAL PRICE PROPOSAL
Quote ID: QUO-2024-358
Date: 02-01-2024
Customer: MSME Manufacturing
Supplier: Apex Industrial Tools Pvt Ltd
Estimated Schedule of Rates:
1. Industrial Ball Bearing 6205-2RS - Unit Rate: INR 330.13 (MOQ: 50 NOS)
GST: 18% extra
Delivery: Ex-works Pune
Warranty: 12 months from delivery date.
Commercial Terms: 100% against delivery.
Authorized Signatory: Apex Industrial Tools Pvt Ltd",QUOTATION
"DEBIT NOTE
Debit Note No: DC-6903
Debit Note Date: 27-09-2024
Against Original Invoice: INV-2425-74142
Issued By: Bharat Precision Fasteners
GSTIN: 27AABC3667A1Z8
Issued To: MSME Precision Tools
Reason for Debit: Price undercharged in original invoice / Supplementary freight charges / Unbilled additional quantities
Description: Nitrile Rubber O-Ring Kit 200pcs
Underbilled Amount: Rs. 36483.40
Applicable GST (18%): Rs. 6567.01
Total Debit Value: Rs. 43050.41
We have debited your account with the above mentioned sum.
Authorized Signatory",DEBIT_NOTE
"FORMAL PRICE PROPOSAL
Quote ID: QUO-2024-525
Date: 03-09-2024
Customer: MSME Manufacturing
Supplier: Premier Bearings & Power Transmission
Estimated Schedule of Rates:
1. High Tensile Flange Nut M12 - Unit Rate: INR 19.09 (MOQ: 50 PCS)
GST: 18% extra
Delivery: Ex-works Pune
Warranty: 12 months from delivery date.
Commercial Terms: 100% against delivery.
Authorized Signatory: Premier Bearings & Power Transmission",QUOTATION
"PAYMENT ADVICE & RECEIPT
Payment Slip Ref: PAY-REC-824036
Date of Remittance: 08-02-2024
Vendor: Mahindra Tooling & Forging Ltd
Against Bill/Invoice No: INV-2425-83096
Cheque/NEFT No: 882910
Paid Amount: INR 29252.44
Deductions (TDS/Retention): Rs. 0.00
Total Cleared: INR 29252.44
Received with thanks from MSME Industries.",PAYMENT_RECEIPT
"MEETING MINUTES - PRODUCT DESIGN REVIEW
Date: 12-09-2024
Attendees: Engineering Team, Quality Team
Agenda: Review tolerances for new hydraulic valve housing prototype.
Action Items: Update CAD model with revised bore dimensions.",UNKNOWN
"MEETING MINUTES - PRODUCT DESIGN REVIEW
Date: 12-09-2024
Attendees: Engineering Team, Quality Team
Agenda: Review tolerances for new hydraulic valve housing prototype.
Action Items: Update CAD model with revised bore dimensions.",UNKNOWN
"TAX CREDIT MEMORANDUM
CN Number: CN-2425-437
Date: 01-01-2024
Ref Invoice: INV-2425-26268
Vendor: National Electricals & Controls
Customer: MSME Works
Adjustment Details:
Price reduction agreed on Nitrile Rubber O-Ring Kit 200pcs - Difference INR 2544.48
IGST Adjustment: INR 458.01
Net Credit Allowed: INR 3002.49
Authorized Signatory, Accounts Department",CREDIT_NOTE
"ORDER CONFIRMATION / PO
Purchase Order Ref: PO-2024-9917
Issued To: TechnoMech Automation Solutions
Ship To: Plot 102, Chakan Industrial Area, Pune 410501
Order Date: 19-09-2024
Required Delivery Date: 15-10-2024
Items Ordered:
- Industrial Ball Bearing 6205-2RS | Quantity: 50 NOS | Unit Rate: Rs. 312.34 | Total: Rs. 15617.00
Freight: Extra at actuals
GST: 18% extra
Prepared by: Purchase Dept",PURCHASE_ORDER
"FORMAL PRICE PROPOSAL
Quote ID: QUO-2024-903
Date: 25-05-2024
Customer: MSME Manufacturing
Supplier: TechnoMech Automation Solutions
Estimated Schedule of Rates:
1. Viton Seal Gasket 100mm OD - Unit Rate: INR 99.79 (MOQ: 50 PCS)
GST: 18% extra
Delivery: Ex-works Pune
Warranty: 12 months from delivery date.
Commercial Terms: 100% against delivery.
Authorized Signatory: TechnoMech Automation Solutions",QUOTATION
"GOODS DELIVERY CHALLAN
Challan Ref: DC-9209
Date: 22-01-2024
PO Reference: PO-2024-1121
From: Shree Ganesh Hydraulic Spares
To: MSME Engineering Works, Plot 8, MIDC Pune
Mode of Transport: Tempo MH-14-BT-1122
LR / GC No: 994821
Particulars:
- Pneumatic Cylinder Double Acting 50mm Bore : Quantity Delivered: 20 NOS
Remarks: Material subject to quality inspection at gate.
Inspected & Received in good order.",DELIVERY_NOTE
"QUOTATION / PRICE ESTIMATE
Quotation Ref: QUO-2024-438
Quote Date: 03-02-2024
Valid Until: 13-11-2024
To: Procurement Team, MSME Works
From: TechnoMech Automation Solutions
Dear Sir, We are pleased to quote our lowest rates:
Item: Digital Vernier Caliper 0-150mm
Offered Unit Price: Rs. 1368.81 per NOS
Lead Time: 10 working days from PO confirmation.
Payment Terms: 30 days credit from invoice date.
Validity: 30 days from quote date.
Looking forward to your valued Purchase Order.
Best Regards, Sales Manager, TechnoMech Automation Solutions",QUOTATION
"FORMAL PRICE PROPOSAL
Quote ID: QUO-2024-846
Date: 12-02-2024
Customer: MSME Manufacturing
Supplier: National Electricals & Controls
Estimated Schedule of Rates:
1. Tungsten Carbide Milling Insert TNMG160408 - Unit Rate: INR 1444.53 (MOQ: 50 BOX)
GST: 18% extra
Delivery: Ex-works Pune
Warranty: 12 months from delivery date.
Commercial Terms: 100% against delivery.
Authorized Signatory: National Electricals & Controls",QUOTATION
"SAFETY MANUAL & PROTOCOL
Section 4: General Workshop Safety Guidelines.
1. Personal Protective Equipment (PPE) including safety helmets, steel-toe shoes and goggles must be worn.
2. Machine emergency stop buttons must be inspected daily.
3. In case of fire, evacuate through Gate 2.",UNKNOWN
"DEBIT NOTE
Debit Note No: DC-5224
Debit Note Date: 17-09-2024
Against Original Invoice: INV-2425-74934
Issued By: Premier Bearings & Power Transmission
GSTIN: 27AABC3325A1Z3
Issued To: MSME Precision Tools
Reason for Debit: Price undercharged in original invoice / Supplementary freight charges / Unbilled additional quantities
Description: Nitrile Rubber O-Ring Kit 200pcs
Underbilled Amount: Rs. 7832.55
Applicable GST (18%): Rs. 1409.86
Total Debit Value: Rs. 9242.41
We have debited your account with the above mentioned sum.
Authorized Signatory",DEBIT_NOTE
"ORDER CONFIRMATION / PO
Purchase Order Ref: PO-2024-9246
Issued To: Premier Bearings & Power Transmission
Ship To: Plot 102, Chakan Industrial Area, Pune 410501
Order Date: 02-06-2024
Required Delivery Date: 19-10-2024
Items Ordered:
- Digital Vernier Caliper 0-150mm | Quantity: 50 NOS | Unit Rate: Rs. 1206.23 | Total: Rs. 60311.50
Freight: Extra at actuals
GST: 18% extra
Prepared by: Purchase Dept",PURCHASE_ORDER
"DELIVERY NOTE / CHALLAN
Delivery Challan No: DC-7783
Date of Dispatch: 13-07-2024
Against PO No: PO-2024-8201
Consignor: Omkar Industrial Hardware
Consignee: MSME Manufacturing Plant
Vehicle No: MH-12-RN-8821
Transporter: Apex Logistics
Driver Name: Suresh Patil (Mob: 9876543210)
Materials Dispatched:
1. Pneumatic Cylinder Double Acting 50mm Bore - Dispatched Qty: 20 NOS (Packages: 4 Wooden Crates)
Condition of Goods: Good condition, sealed boxes.
Received by: Stores In-charge (Signature & Date)
Goods received in full and sound condition.",DELIVERY_NOTE
"DEBIT NOTE
Debit Note No: DC-9853
Debit Note Date: 11-05-2024
Against Original Invoice: INV-2425-72159
Issued By: Premier Bearings & Power Transmission
GSTIN: 27AABC7289A1Z2
Issued To: MSME Precision Tools
Reason for Debit: Price undercharged in original invoice / Supplementary freight charges / Unbilled additional quantities
Description: Industrial Ball Bearing 6205-2RS
Underbilled Amount: Rs. 2494.98
Applicable GST (18%): Rs. 449.10
Total Debit Value: Rs. 2944.08
We have debited your account with the above mentioned sum.
Authorized Signatory",DEBIT_NOTE
"CREDIT NOTE
Credit Note No: CN-2425-481
Credit Note Date: 14-08-2024
Original Tax Invoice Ref: INV-2425-95410
Original Invoice Date: 24-08-2024
Issued By: Premier Bearings & Power Transmission
GSTIN: 27AABC7569A1Z8
Issued To: MSME Manufacturing Ltd
Reason for Credit: Rate difference / Return of damaged goods / Post-sale discount
Particulars:
Item: Stainless Steel Hex Bolt M10x50mm
Quantity Returned / Adjusted: 50 PCS
Unit Rate: Rs. 40.95
Credit Amount (Taxable): Rs. 115.49
CGST 9%: Rs. 10.39
SGST 9%: Rs. 10.39
Total Credit Note Amount: Rs. 136.28
We have credited your account with the above amount.",CREDIT_NOTE
"EMPLOYEE LEAVE APPLICATION
Employee Name: Ramesh Shinde
Department: Assembly Line B
Leave Dates: 10th Oct to 12th Oct
Reason: Personal family function.
Approved by Plant Supervisor.",UNKNOWN
"GOODS DELIVERY CHALLAN
Challan Ref: DC-8937
Date: 28-07-2024
PO Reference: PO-2024-1391
From: Sunrise Rubber & Polymer Components
To: MSME Engineering Works, Plot 8, MIDC Pune
Mode of Transport: Tempo MH-14-BT-1122
LR / GC No: 994821
Particulars:
- Hydraulic Pressure Relief Valve 1/2 inch : Quantity Delivered: 10 NOS
Remarks: Material subject to quality inspection at gate.
Inspected & Received in good order.",DELIVERY_NOTE
"DEBIT NOTE
Debit Note No: DC-5788
Debit Note Date: 18-05-2024
Against Original Invoice: INV-2425-31345
Issued By: Mahindra Tooling & Forging Ltd
GSTIN: 27AABC9126A1Z9
Issued To: MSME Precision Tools
Reason for Debit: Price undercharged in original invoice / Supplementary freight charges / Unbilled additional quantities
Description: Viton Seal Gasket 100mm OD
Underbilled Amount: Rs. 649.90
Applicable GST (18%): Rs. 116.98
Total Debit Value: Rs. 766.88
We have debited your account with the above mentioned sum.
Authorized Signatory",DEBIT_NOTE
"PAYMENT RECEIPT / VOUCHER
Receipt No: PAY-REC-478169
Payment Date: 28-09-2024
Paid To: Kirloskar Engineering Supplies
Paid By: MSME Auto Components Ltd
Payment Method: NEFT / RTGS Transfer
Bank Transaction Ref / UTR: UTR-HDFC-99182374192
Invoice Reference: INV-2425-18510
Amount Paid: INR 124317.72
Amount in Words: INR 124317.72 only
Payment towards full/part settlement of Invoice INV-2425-18510
Authorized Accounts Officer: Rajeev Kumar",PAYMENT_RECEIPT
"PAYMENT ADVICE & RECEIPT
Payment Slip Ref: PAY-REC-407747
Date of Remittance: 26-04-2024
Vendor: Mahindra Tooling & Forging Ltd
Against Bill/Invoice No: INV-2425-60566
Cheque/NEFT No: 882910
Paid Amount: INR 1088.90
Deductions (TDS/Retention): Rs. 0.00
Total Cleared: INR 1088.90
Received with thanks from MSME Industries.",PAYMENT_RECEIPT
"DELIVERY NOTE / CHALLAN
Delivery Challan No: DC-9593
Date of Dispatch: 11-04-2024
Against PO No: PO-2024-3074
Consignor: TechnoMech Automation Solutions
Consignee: MSME Manufacturing Plant
Vehicle No: MH-12-RN-8821
Transporter: Apex Logistics
Driver Name: Suresh Patil (Mob: 9876543210)
Materials Dispatched:
1. Hydraulic Pressure Relief Valve 1/2 inch - Dispatched Qty: 10 NOS (Packages: 4 Wooden Crates)
Condition of Goods: Good condition, sealed boxes.
Received by: Stores In-charge (Signature & Date)
Goods received in full and sound condition.",DELIVERY_NOTE
"PAYMENT RECEIPT / VOUCHER
Receipt No: PAY-REC-289228
Payment Date: 28-01-2024
Paid To: Kirloskar Engineering Supplies
Paid By: MSME Auto Components Ltd
Payment Method: NEFT / RTGS Transfer
Bank Transaction Ref / UTR: UTR-HDFC-99182374192
Invoice Reference: INV-2425-32153
Amount Paid: INR 4961.90
Amount in Words: INR 4961.90 only
Payment towards full/part settlement of Invoice INV-2425-32153
Authorized Accounts Officer: Rajeev Kumar",PAYMENT_RECEIPT
"FORMAL PRICE PROPOSAL
Quote ID: QUO-2024-556
Date: 04-07-2024
Customer: MSME Manufacturing
Supplier: Shree Ganesh Hydraulic Spares
Estimated Schedule of Rates:
1. Stainless Steel Hex Bolt M10x50mm - Unit Rate: INR 41.11 (MOQ: 50 PCS)
GST: 18% extra
Delivery: Ex-works Pune
Warranty: 12 months from delivery date.
Commercial Terms: 100% against delivery.
Authorized Signatory: Shree Ganesh Hydraulic Spares",QUOTATION
"GOODS DELIVERY CHALLAN
Challan Ref: DC-7458
Date: 03-02-2024
PO Reference: PO-2024-2574
From: Swaraj Pneumatic Systems
To: MSME Engineering Works, Plot 8, MIDC Pune
Mode of Transport: Tempo MH-14-BT-1122
LR / GC No: 994821
Particulars:
- Viton Seal Gasket 100mm OD : Quantity Delivered: 200 PCS
Remarks: Material subject to quality inspection at gate.
Inspected & Received in good order.",DELIVERY_NOTE
"STANDARD PURCHASE ORDER
PO No: PO-2024-7452
Buyer: MSME Manufacturing Works
Supplier: Premier Bearings & Power Transmission
GSTIN: 27AABC8590A1Z3
Item Details:
Item Code: ITM-426, Description: Nitrile Rubber O-Ring Kit 200pcs, Quantity: 500, Rate: 481.14, Taxable Value: 240570.00
Total Order Value: INR 240570.00
Special Instructions: Deliver with inspection certificate and warranty.",PURCHASE_ORDER
"PAYMENT ADVICE & RECEIPT
Payment Slip Ref: PAY-REC-838116
Date of Remittance: 12-01-2024
Vendor: Shree Ganesh Hydraulic Spares
Against Bill/Invoice No: INV-2425-72453
Cheque/NEFT No: 882910
Paid Amount: INR 70083.74
Deductions (TDS/Retention): Rs. 0.00
Total Cleared: INR 70083.74
Received with thanks from MSME Industries.",PAYMENT_RECEIPT
"TAX CREDIT MEMORANDUM
CN Number: CN-2425-705
Date: 05-07-2024
Ref Invoice: INV-2425-97330
Vendor: Bharat Precision Fasteners
Customer: MSME Works
Adjustment Details:
Price reduction agreed on Industrial Ball Bearing 6205-2RS - Difference INR 285.61
IGST Adjustment: INR 51.41
Net Credit Allowed: INR 337.02
Authorized Signatory, Accounts Department",CREDIT_NOTE
"BANK PAYMENT CONFIRMATION RECEIPT
Voucher ID: PAY-REC-925814
Date: 25-03-2024
Beneficiary Name: Shree Ganesh Hydraulic Spares
Beneficiary A/c: 0029014012265
Transaction ID: CMS2024091800492
Settlement for Tax Invoice: INV-2425-33144
PO Number Ref: PO-2024-8542
Net Remitted: Rs. 22408.32
Status: SUCCESS - Transferred to beneficiary account.
Accounts Department Signature",PAYMENT_RECEIPT
"PAYMENT RECEIPT / VOUCHER
Receipt No: PAY-REC-714834
Payment Date: 24-08-2024
Paid To: Premier Bearings & Power Transmission
Paid By: MSME Auto Components Ltd
Payment Method: NEFT / RTGS Transfer
Bank Transaction Ref / UTR: UTR-HDFC-99182374192
Invoice Reference: INV-2425-94237
Amount Paid: INR 343658.48
Amount in Words: INR 343658.48 only
Payment towards full/part settlement of Invoice INV-2425-94237
Authorized Accounts Officer: Rajeev Kumar",PAYMENT_RECEIPT
"DELIVERY RECEIPT & DISPATCH SLIP
DN Number: DC-6986
Dispatch Date: 21-03-2024
Purchase Order: PO-2024-8526
Supplier: Omkar Industrial Hardware
Destination: Industrial Warehouse Sector 5
List of Items:
Item: Carbon Steel Seamless Pipe 2 inch NB | Qty Delivered: 50 | Unit: MTR | Batch No: B-2024-09
Security Gate Entry No: G-4412
Storekeeper Signature: _____________
Date & Time Received: 21-03-2024 14:30 hrs",DELIVERY_NOTE
"EMPLOYEE LEAVE APPLICATION
Employee Name: Ramesh Shinde
Department: Assembly Line B
Leave Dates: 10th Oct to 12th Oct
Reason: Personal family function.
Approved by Plant Supervisor.",UNKNOWN
"FORMAL PRICE PROPOSAL
Quote ID: QUO-2024-594
Date: 14-07-2024
Customer: MSME Manufacturing
Supplier: Omkar Industrial Hardware
Estimated Schedule of Rates:
1. Nitrile Rubber O-Ring Kit 200pcs - Unit Rate: INR 520.64 (MOQ: 50 SET)
GST: 18% extra
Delivery: Ex-works Pune
Warranty: 12 months from delivery date.
Commercial Terms: 100% against delivery.
Authorized Signatory: Omkar Industrial Hardware",QUOTATION
"PAYMENT RECEIPT / VOUCHER
Receipt No: PAY-REC-785535
Payment Date: 28-07-2024
Paid To: Swaraj Pneumatic Systems
Paid By: MSME Auto Components Ltd
Payment Method: NEFT / RTGS Transfer
Bank Transaction Ref / UTR: UTR-HDFC-99182374192
Invoice Reference: INV-2425-76202
Amount Paid: INR 36174.67
Amount in Words: INR 36174.67 only
Payment towards full/part settlement of Invoice INV-2425-76202
Authorized Accounts Officer: Rajeev Kumar",PAYMENT_RECEIPT
"CREDIT NOTE
Credit Note No: CN-2425-381
Credit Note Date: 06-03-2024
Original Tax Invoice Ref: INV-2425-15240
Original Invoice Date: 26-08-2024
Issued By: Apex Industrial Tools Pvt Ltd
GSTIN: 27AABC2722A1Z7
Issued To: MSME Manufacturing Ltd
Reason for Credit: Rate difference / Return of damaged goods / Post-sale discount
Particulars:
Item: Carbon Steel Seamless Pipe 2 inch NB
Quantity Returned / Adjusted: 500 MTR
Unit Rate: Rs. 653.81
Credit Amount (Taxable): Rs. 34465.51
CGST 9%: Rs. 3101.90
SGST 9%: Rs. 3101.90
Total Credit Note Amount: Rs. 40669.30
We have credited your account with the above amount.",CREDIT_NOTE
"PURCHASE ORDER
PO Number: PO-2024-7614
Date: 08-09-2024
Vendor: National Electricals & Controls
Delivery Address: Plot 102, Chakan Industrial Area, Pune 410501
Payment Terms: Net 30 Days
Line Items:
1. Carbon Steel Seamless Pipe 2 inch NB - Qty: 50 @ INR 650.74/unit = INR 32537.00
Authorized Signatory
Terms & Conditions: Goods must be delivered within 15 days.",PURCHASE_ORDER
"TAX CREDIT MEMORANDUM
CN Number: CN-2425-460
Date: 06-01-2024
Ref Invoice: INV-2425-95926
Vendor: Bharat Precision Fasteners
Customer: MSME Works
Adjustment Details:
Price reduction agreed on Stainless Steel Hex Bolt M10x50mm - Difference INR 847.77
IGST Adjustment: INR 152.60
Net Credit Allowed: INR 1000.37
Authorized Signatory, Accounts Department",CREDIT_NOTE
"ORIGINAL TAX INVOICE (FOR RECIPIENT)
Invoice No: INV-2425-98404
Date of Issue: 25-01-2024
PO Ref: PO-2024-2879
Supplier Name: Swaraj Pneumatic Systems
PAN: AABCP9871M
GSTIN/UIN: 27AABC5635A1Z5
Place of Supply: 27-Maharashtra
Table of Supplies:
SI No | Item Description | Qty | Rate | Amount
01 | Stainless Steel Hex Bolt M10x50mm | 500 | 42.77 | 21385.00
Total Taxable: 21385.00
IGST @ 18%: 3849.30
Gross Total: 25234.30
Subject to Pune Jurisdiction only.",INVOICE
"ORIGINAL TAX INVOICE (FOR RECIPIENT)
Invoice No: INV-2425-88995
Date of Issue: 16-06-2024
PO Ref: PO-2024-9501
Supplier Name: Bharat Precision Fasteners
PAN: AABCP9871M
GSTIN/UIN: 27AABC3332A1Z5
Place of Supply: 27-Maharashtra
Table of Supplies:
SI No | Item Description | Qty | Rate | Amount
01 | Industrial Ball Bearing 6205-2RS | 500 | 329.57 | 164785.00
Total Taxable: 164785.00
IGST @ 18%: 29661.30
Gross Total: 194446.30
Subject to Pune Jurisdiction only.",INVOICE
"ORIGINAL TAX INVOICE (FOR RECIPIENT)
Invoice No: INV-2425-57799
Date of Issue: 19-06-2024
PO Ref: PO-2024-6915
Supplier Name: Omkar Industrial Hardware
PAN: AABCP9871M
GSTIN/UIN: 27AABC3711A1Z9
Place of Supply: 27-Maharashtra
Table of Supplies:
SI No | Item Description | Qty | Rate | Amount
01 | Hydraulic Pressure Relief Valve 1/2 inch | 20 | 1765.76 | 35315.20
Total Taxable: 35315.20
IGST @ 18%: 6356.74
Gross Total: 41671.94
Subject to Pune Jurisdiction only.",INVOICE
"DEBIT NOTE
Debit Note No: DC-5429
Debit Note Date: 05-09-2024
Against Original Invoice: INV-2425-72849
Issued By: Swaraj Pneumatic Systems
GSTIN: 27AABC2950A1Z2
Issued To: MSME Precision Tools
Reason for Debit: Price undercharged in original invoice / Supplementary freight charges / Unbilled additional quantities
Description: Tungsten Carbide Milling Insert TNMG160408
Underbilled Amount: Rs. 10136.10
Applicable GST (18%): Rs. 1824.50
Total Debit Value: Rs. 11960.60
We have debited your account with the above mentioned sum.
Authorized Signatory",DEBIT_NOTE
"QUOTATION / PRICE ESTIMATE
Quotation Ref: QUO-2024-658
Quote Date: 14-06-2024
Valid Until: 11-11-2024
To: Procurement Team, MSME Works
From: Shree Ganesh Hydraulic Spares
Dear Sir, We are pleased to quote our lowest rates:
Item: Industrial Ball Bearing 6205-2RS
Offered Unit Price: Rs. 331.70 per NOS
Lead Time: 10 working days from PO confirmation.
Payment Terms: 30 days credit from invoice date.
Validity: 30 days from quote date.
Looking forward to your valued Purchase Order.
Best Regards, Sales Manager, Shree Ganesh Hydraulic Spares",QUOTATION
"MATERIAL DISPATCH NOTE
Dispatch Memo: DC-9253
Date: 10-01-2024
Ref PO: PO-2024-6848
Vendor: Vanguard Steel & Alloys Corp
Delivered To: Central Stores, Unit II
Description: Digital Vernier Caliper 0-150mm
Quantity Sent: 200 NOS
No of Cartons: 10
Received Ok by Stores Department.",DELIVERY_NOTE
"PURCHASE ORDER CONTRACT
PO#: PO-2024-3455
Date: 16-02-2024
To: Swaraj Pneumatic Systems
Shipment Mode: By Road
Delivery Location: Warehouse 4, Sector 12, Manesar
Line Item 1: Nitrile Rubber O-Ring Kit 200pcs - 500 Nos @ Rs. 466.17 each.
Subtotal: Rs. 233085.00
Applicable GST: 18%
Grand Total: Rs. 275040.30
Signature: Head of SCM",PURCHASE_ORDER
"PURCHASE ORDER
PO Number: PO-2024-9774
Date: 21-04-2024
Vendor: TechnoMech Automation Solutions
Delivery Address: Plot 102, Chakan Industrial Area, Pune 410501
Payment Terms: Net 30 Days
Line Items:
1. Nitrile Rubber O-Ring Kit 200pcs - Qty: 200 @ INR 487.21/unit = INR 97442.00
Authorized Signatory
Terms & Conditions: Goods must be delivered within 15 days.",PURCHASE_ORDER
"DEBIT NOTE
Debit Note No: DC-8978
Debit Note Date: 23-06-2024
Against Original Invoice: INV-2425-71814
Issued By: Apex Industrial Tools Pvt Ltd
GSTIN: 27AABC3507A1Z4
Issued To: MSME Precision Tools
Reason for Debit: Price undercharged in original invoice / Supplementary freight charges / Unbilled additional quantities
Description: Pneumatic Cylinder Double Acting 50mm Bore
Underbilled Amount: Rs. 31082.76
Applicable GST (18%): Rs. 5594.90
Total Debit Value: Rs. 36677.66
We have debited your account with the above mentioned sum.
Authorized Signatory",DEBIT_NOTE
"PAYMENT ADVICE & RECEIPT
Payment Slip Ref: PAY-REC-465980
Date of Remittance: 12-06-2024
Vendor: Sunrise Rubber & Polymer Components
Against Bill/Invoice No: INV-2425-58452
Cheque/NEFT No: 882910
Paid Amount: INR 33669.88
Deductions (TDS/Retention): Rs. 0.00
Total Cleared: INR 33669.88
Received with thanks from MSME Industries.",PAYMENT_RECEIPT
"DEBIT NOTE
Debit Note No: DC-8059
Debit Note Date: 04-09-2024
Against Original Invoice: INV-2425-21262
Issued By: Sunrise Rubber & Polymer Components
GSTIN: 27AABC8629A1Z4
Issued To: MSME Precision Tools
Reason for Debit: Price undercharged in original invoice / Supplementary freight charges / Unbilled additional quantities
Description: Carbon Steel Seamless Pipe 2 inch NB
Underbilled Amount: Rs. 6742.10
Applicable GST (18%): Rs. 1213.58
Total Debit Value: Rs. 7955.68
We have debited your account with the above mentioned sum.
Authorized Signatory",DEBIT_NOTE
"QUOTATION / PRICE ESTIMATE
Quotation Ref: QUO-2024-391
Quote Date: 03-05-2024
Valid Until: 25-11-2024
To: Procurement Team, MSME Works
From: Bharat Precision Fasteners
Dear Sir, We are pleased to quote our lowest rates:
Item: Stainless Steel Hex Bolt M10x50mm
Offered Unit Price: Rs. 42.60 per PCS
Lead Time: 10 working days from PO confirmation.
Payment Terms: 30 days credit from invoice date.
Validity: 30 days from quote date.
Looking forward to your valued Purchase Order.
Best Regards, Sales Manager, Bharat Precision Fasteners",QUOTATION
"COMMERCIAL TAX INVOICE
Bill No: INV-2425-91438
Bill Date: 10-04-2024
Against PO No: PO-2024-5836
Supplier: TechnoMech Automation Solutions
State: Maharashtra, Code: 27
Consignee: Global MSME Solutions
Line Items:
1. Stainless Steel Hex Bolt M10x50mm | 100 PCS | Rate: Rs. 46.33 | Taxable: Rs. 4633.00 | IGST 18%: Rs. 833.94 | Total: Rs. 5466.94
Amount in Words: INR 5466.94 only
E-Way Bill No: 541098234712
Declaration: Certified that particulars given above are true and correct.",INVOICE
"INTERNAL MEMORANDUM
To: All Plant Staff
From: Operations Director
Subject: Scheduled maintenance of Power Generator DG-2 on coming Sunday.
All departments are requested to plan production accordingly.",UNKNOWN
"MATERIAL DISPATCH NOTE
Dispatch Memo: DC-6295
Date: 13-08-2024
Ref PO: PO-2024-8925
Vendor: Bharat Precision Fasteners
Delivered To: Central Stores, Unit II
Description: High Tensile Flange Nut M12
Quantity Sent: 20 PCS
No of Cartons: 10
Received Ok by Stores Department.",DELIVERY_NOTE
"TAX CREDIT MEMORANDUM
CN Number: CN-2425-925
Date: 04-02-2024
Ref Invoice: INV-2425-87307
Vendor: Premier Bearings & Power Transmission
Customer: MSME Works
Adjustment Details:
Price reduction agreed on Hydraulic Pressure Relief Valve 1/2 inch - Difference INR 46512.70
IGST Adjustment: INR 8372.29
Net Credit Allowed: INR 54884.99
Authorized Signatory, Accounts Department",CREDIT_NOTE
"PURCHASE ORDER CONTRACT
PO#: PO-2024-5225
Date: 27-08-2024
To: Premier Bearings & Power Transmission
Shipment Mode: By Road
Delivery Location: Warehouse 4, Sector 12, Manesar
Line Item 1: High Tensile Flange Nut M12 - 20 Nos @ Rs. 19.46 each.
Subtotal: Rs. 389.20
Applicable GST: 18%
Grand Total: Rs. 459.26
Signature: Head of SCM",PURCHASE_ORDER
"GOODS DELIVERY CHALLAN
Challan Ref: DC-6926
Date: 05-01-2024
PO Reference: PO-2024-8589
From: Premier Bearings & Power Transmission
To: MSME Engineering Works, Plot 8, MIDC Pune
Mode of Transport: Tempo MH-14-BT-1122
LR / GC No: 994821
Particulars:
- Industrial Ball Bearing 6205-2RS : Quantity Delivered: 50 NOS
Remarks: Material subject to quality inspection at gate.
Inspected & Received in good order.",DELIVERY_NOTE
"TAX CREDIT MEMORANDUM
CN Number: CN-2425-532
Date: 21-04-2024
Ref Invoice: INV-2425-65611
Vendor: Sunrise Rubber & Polymer Components
Customer: MSME Works
Adjustment Details:
Price reduction agreed on Tungsten Carbide Milling Insert TNMG160408 - Difference INR 5493.82
IGST Adjustment: INR 988.89
Net Credit Allowed: INR 6482.71
Authorized Signatory, Accounts Department",CREDIT_NOTE
"FORMAL PRICE PROPOSAL
Quote ID: QUO-2024-360
Date: 25-07-2024
Customer: MSME Manufacturing
Supplier: Vanguard Steel & Alloys Corp
Estimated Schedule of Rates:
1. Industrial Ball Bearing 6205-2RS - Unit Rate: INR 316.73 (MOQ: 50 NOS)
GST: 18% extra
Delivery: Ex-works Pune
Warranty: 12 months from delivery date.
Commercial Terms: 100% against delivery.
Authorized Signatory: Vanguard Steel & Alloys Corp",QUOTATION
"COMMERCIAL TAX INVOICE
Bill No: INV-2425-93740
Bill Date: 10-07-2024
Against PO No: PO-2024-8470
Supplier: Omkar Industrial Hardware
State: Maharashtra, Code: 27
Consignee: Global MSME Solutions
Line Items:
1. Stainless Steel Hex Bolt M10x50mm | 50 PCS | Rate: Rs. 45.96 | Taxable: Rs. 2298.00 | IGST 18%: Rs. 413.64 | Total: Rs. 2711.64
Amount in Words: INR 2711.64 only
E-Way Bill No: 541098234712
Declaration: Certified that particulars given above are true and correct.",INVOICE
"PURCHASE ORDER CONTRACT
PO#: PO-2024-1807
Date: 08-05-2024
To: Vanguard Steel & Alloys Corp
Shipment Mode: By Road
Delivery Location: Warehouse 4, Sector 12, Manesar
Line Item 1: Industrial Ball Bearing 6205-2RS - 50 Nos @ Rs. 345.78 each.
Subtotal: Rs. 17289.00
Applicable GST: 18%
Grand Total: Rs. 20401.02
Signature: Head of SCM",PURCHASE_ORDER
"FORMAL PRICE PROPOSAL
Quote ID: QUO-2024-587
Date: 16-03-2024
Customer: MSME Manufacturing
Supplier: Premier Bearings & Power Transmission
Estimated Schedule of Rates:
1. High Tensile Flange Nut M12 - Unit Rate: INR 16.87 (MOQ: 50 PCS)
GST: 18% extra
Delivery: Ex-works Pune
Warranty: 12 months from delivery date.
Commercial Terms: 100% against delivery.
Authorized Signatory: Premier Bearings & Power Transmission",QUOTATION
"DELIVERY NOTE / CHALLAN
Delivery Challan No: DC-8666
Date of Dispatch: 18-07-2024
Against PO No: PO-2024-7600
Consignor: TechnoMech Automation Solutions
Consignee: MSME Manufacturing Plant
Vehicle No: MH-12-RN-8821
Transporter: Apex Logistics
Driver Name: Suresh Patil (Mob: 9876543210)
Materials Dispatched:
1. Digital Vernier Caliper 0-150mm - Dispatched Qty: 10 NOS (Packages: 4 Wooden Crates)
Condition of Goods: Good condition, sealed boxes.
Received by: Stores In-charge (Signature & Date)
Goods received in full and sound condition.",DELIVERY_NOTE
"DEBIT NOTE
Debit Note No: DC-6397
Debit Note Date: 07-02-2024
Against Original Invoice: INV-2425-53733
Issued By: Premier Bearings & Power Transmission
GSTIN: 27AABC1023A1Z7
Issued To: MSME Precision Tools
Reason for Debit: Price undercharged in original invoice / Supplementary freight charges / Unbilled additional quantities
Description: Industrial Ball Bearing 6205-2RS
Underbilled Amount: Rs. 31162.69
Applicable GST (18%): Rs. 5609.28
Total Debit Value: Rs. 36771.97
We have debited your account with the above mentioned sum.
Authorized Signatory",DEBIT_NOTE
"TAX CREDIT MEMORANDUM
CN Number: CN-2425-773
Date: 26-06-2024
Ref Invoice: INV-2425-44519
Vendor: Bharat Precision Fasteners
Customer: MSME Works
Adjustment Details:
Price reduction agreed on Nitrile Rubber O-Ring Kit 200pcs - Difference INR 4699.91
IGST Adjustment: INR 845.98
Net Credit Allowed: INR 5545.89
Authorized Signatory, Accounts Department",CREDIT_NOTE
"MEETING MINUTES - PRODUCT DESIGN REVIEW
Date: 12-09-2024
Attendees: Engineering Team, Quality Team
Agenda: Review tolerances for new hydraulic valve housing prototype.
Action Items: Update CAD model with revised bore dimensions.",UNKNOWN
"INTERNAL MEMORANDUM
To: All Plant Staff
From: Operations Director
Subject: Scheduled maintenance of Power Generator DG-2 on coming Sunday.
All departments are requested to plan production accordingly.",UNKNOWN
"BANK PAYMENT CONFIRMATION RECEIPT
Voucher ID: PAY-REC-466715
Date: 06-07-2024
Beneficiary Name: Premier Bearings & Power Transmission
Beneficiary A/c: 0029018150416
Transaction ID: CMS2024091800492
Settlement for Tax Invoice: INV-2425-87933
PO Number Ref: PO-2024-4204
Net Remitted: Rs. 210.87
Status: SUCCESS - Transferred to beneficiary account.
Accounts Department Signature",PAYMENT_RECEIPT
"SAFETY MANUAL & PROTOCOL
Section 4: General Workshop Safety Guidelines.
1. Personal Protective Equipment (PPE) including safety helmets, steel-toe shoes and goggles must be worn.
2. Machine emergency stop buttons must be inspected daily.
3. In case of fire, evacuate through Gate 2.",UNKNOWN
"EMPLOYEE LEAVE APPLICATION
Employee Name: Ramesh Shinde
Department: Assembly Line B
Leave Dates: 10th Oct to 12th Oct
Reason: Personal family function.
Approved by Plant Supervisor.",UNKNOWN
"STANDARD PURCHASE ORDER
PO No: PO-2024-5475
Buyer: MSME Manufacturing Works
Supplier: Premier Bearings & Power Transmission
GSTIN: 27AABC1978A1Z5
Item Details:
Item Code: ITM-885, Description: Hydraulic Pressure Relief Valve 1/2 inch, Quantity: 20, Rate: 1888.13, Taxable Value: 37762.60
Total Order Value: INR 37762.60
Special Instructions: Deliver with inspection certificate and warranty.",PURCHASE_ORDER
"TAX CREDIT MEMORANDUM
CN Number: CN-2425-372
Date: 24-03-2024
Ref Invoice: INV-2425-24404
Vendor: Kirloskar Engineering Supplies
Customer: MSME Works
Adjustment Details:
Price reduction agreed on Stainless Steel Hex Bolt M10x50mm - Difference INR 305.52
IGST Adjustment: INR 54.99
Net Credit Allowed: INR 360.51
Authorized Signatory, Accounts Department",CREDIT_NOTE
"PAYMENT ADVICE & RECEIPT
Payment Slip Ref: PAY-REC-975493
Date of Remittance: 15-06-2024
Vendor: Kirloskar Engineering Supplies
Against Bill/Invoice No: INV-2425-21624
Cheque/NEFT No: 882910
Paid Amount: INR 20335.53
Deductions (TDS/Retention): Rs. 0.00
Total Cleared: INR 20335.53
Received with thanks from MSME Industries.",PAYMENT_RECEIPT
"PURCHASE ORDER CONTRACT
PO#: PO-2024-9331
Date: 03-04-2024
To: TechnoMech Automation Solutions
Shipment Mode: By Road
Delivery Location: Warehouse 4, Sector 12, Manesar
Line Item 1: Industrial Ball Bearing 6205-2RS - 10 Nos @ Rs. 313.01 each.
Subtotal: Rs. 3130.10
Applicable GST: 18%
Grand Total: Rs. 3693.52
Signature: Head of SCM",PURCHASE_ORDER
"CREDIT NOTE
Credit Note No: CN-2425-844
Credit Note Date: 19-01-2024
Original Tax Invoice Ref: INV-2425-89572
Original Invoice Date: 19-08-2024
Issued By: Sunrise Rubber & Polymer Components
GSTIN: 27AABC3584A1Z4
Issued To: MSME Manufacturing Ltd
Reason for Credit: Rate difference / Return of damaged goods / Post-sale discount
Particulars:
Item: High Tensile Flange Nut M12
Quantity Returned / Adjusted: 50 PCS
Unit Rate: Rs. 17.74
Credit Amount (Taxable): Rs. 66.30
CGST 9%: Rs. 5.97
SGST 9%: Rs. 5.97
Total Credit Note Amount: Rs. 78.23
We have credited your account with the above amount.",CREDIT_NOTE
"COMMERCIAL PURCHASE ORDER
Order ID: PO-2024-5930
Vendor Name: Bharat Precision Fasteners
Billing Address: Plot 45, Industrial Estate, Pune
Date of Order: 10-04-2024
Scope of Supply:
- Stainless Steel Hex Bolt M10x50mm (Qty: 20, Unit Price: 44.11, Amount: 882.20)
Payment: 100% against Delivery Note and Tax Invoice.
Authorized by Procurement Manager.",PURCHASE_ORDER
"EMPLOYEE LEAVE APPLICATION
Employee Name: Ramesh Shinde
Department: Assembly Line B
Leave Dates: 10th Oct to 12th Oct
Reason: Personal family function.
Approved by Plant Supervisor.",UNKNOWN
"PAYMENT ADVICE & RECEIPT
Payment Slip Ref: PAY-REC-754346
Date of Remittance: 13-01-2024
Vendor: Kirloskar Engineering Supplies
Against Bill/Invoice No: INV-2425-14210
Cheque/NEFT No: 882910
Paid Amount: INR 3718.42
Deductions (TDS/Retention): Rs. 0.00
Total Cleared: INR 3718.42
Received with thanks from MSME Industries.",PAYMENT_RECEIPT
"FORMAL PRICE PROPOSAL
Quote ID: QUO-2024-904
Date: 17-06-2024
Customer: MSME Manufacturing
Supplier: TechnoMech Automation Solutions
Estimated Schedule of Rates:
1. Digital Vernier Caliper 0-150mm - Unit Rate: INR 1315.98 (MOQ: 50 NOS)
GST: 18% extra
Delivery: Ex-works Pune
Warranty: 12 months from delivery date.
Commercial Terms: 100% against delivery.
Authorized Signatory: TechnoMech Automation Solutions",QUOTATION
"CREDIT NOTE
Credit Note No: CN-2425-220
Credit Note Date: 09-07-2024
Original Tax Invoice Ref: INV-2425-55296
Original Invoice Date: 23-08-2024
Issued By: Premier Bearings & Power Transmission
GSTIN: 27AABC4670A1Z1
Issued To: MSME Manufacturing Ltd
Reason for Credit: Rate difference / Return of damaged goods / Post-sale discount
Particulars:
Item: Industrial Ball Bearing 6205-2RS
Quantity Returned / Adjusted: 20 NOS
Unit Rate: Rs. 342.90
Credit Amount (Taxable): Rs. 679.04
CGST 9%: Rs. 61.11
SGST 9%: Rs. 61.11
Total Credit Note Amount: Rs. 801.27
We have credited your account with the above amount.",CREDIT_NOTE
"DEBIT NOTE
Debit Note No: DC-7060
Debit Note Date: 06-05-2024
Against Original Invoice: INV-2425-34660
Issued By: Omkar Industrial Hardware
GSTIN: 27AABC8660A1Z3
Issued To: MSME Precision Tools
Reason for Debit: Price undercharged in original invoice / Supplementary freight charges / Unbilled additional quantities
Description: Carbon Steel Seamless Pipe 2 inch NB
Underbilled Amount: Rs. 4778.30
Applicable GST (18%): Rs. 860.09
Total Debit Value: Rs. 5638.39
We have debited your account with the above mentioned sum.
Authorized Signatory",DEBIT_NOTE
"BANK PAYMENT CONFIRMATION RECEIPT
Voucher ID: PAY-REC-240223
Date: 10-01-2024
Beneficiary Name: Vanguard Steel & Alloys Corp
Beneficiary A/c: 0029018365644
Transaction ID: CMS2024091800492
Settlement for Tax Invoice: INV-2425-12702
PO Number Ref: PO-2024-3862
Net Remitted: Rs. 10629.44
Status: SUCCESS - Transferred to beneficiary account.
Accounts Department Signature",PAYMENT_RECEIPT
"FORMAL PRICE PROPOSAL
Quote ID: QUO-2024-683
Date: 02-09-2024
Customer: MSME Manufacturing
Supplier: Sunrise Rubber & Polymer Components
Estimated Schedule of Rates:
1. Pneumatic Cylinder Double Acting 50mm Bore - Unit Rate: INR 2600.43 (MOQ: 50 NOS)
GST: 18% extra
Delivery: Ex-works Pune
Warranty: 12 months from delivery date.
Commercial Terms: 100% against delivery.
Authorized Signatory: Sunrise Rubber & Polymer Components",QUOTATION
"COMMERCIAL PURCHASE ORDER
Order ID: PO-2024-5425
Vendor Name: National Electricals & Controls
Billing Address: Plot 45, Industrial Estate, Pune
Date of Order: 13-03-2024
Scope of Supply:
- Tungsten Carbide Milling Insert TNMG160408 (Qty: 500, Unit Price: 1471.25, Amount: 735625.00)
Payment: 100% against Delivery Note and Tax Invoice.
Authorized by Procurement Manager.",PURCHASE_ORDER
"CREDIT NOTE
Credit Note No: CN-2425-718
Credit Note Date: 22-02-2024
Original Tax Invoice Ref: INV-2425-26721
Original Invoice Date: 15-08-2024
Issued By: Mahindra Tooling & Forging Ltd
GSTIN: 27AABC8980A1Z9
Issued To: MSME Manufacturing Ltd
Reason for Credit: Rate difference / Return of damaged goods / Post-sale discount
Particulars:
Item: High Tensile Flange Nut M12
Quantity Returned / Adjusted: 50 PCS
Unit Rate: Rs. 19.06
Credit Amount (Taxable): Rs. 133.14
CGST 9%: Rs. 11.98
SGST 9%: Rs. 11.98
Total Credit Note Amount: Rs. 157.11
We have credited your account with the above amount.",CREDIT_NOTE
"CREDIT NOTE
Credit Note No: CN-2425-387
Credit Note Date: 01-01-2024
Original Tax Invoice Ref: INV-2425-64644
Original Invoice Date: 02-08-2024
Issued By: Premier Bearings & Power Transmission
GSTIN: 27AABC7572A1Z2
Issued To: MSME Manufacturing Ltd
Reason for Credit: Rate difference / Return of damaged goods / Post-sale discount
Particulars:
Item: Nitrile Rubber O-Ring Kit 200pcs
Quantity Returned / Adjusted: 20 SET
Unit Rate: Rs. 438.22
Credit Amount (Taxable): Rs. 1306.40
CGST 9%: Rs. 117.58
SGST 9%: Rs. 117.58
Total Credit Note Amount: Rs. 1541.55
We have credited your account with the above amount.",CREDIT_NOTE
"PAYMENT ADVICE & RECEIPT
Payment Slip Ref: PAY-REC-970586
Date of Remittance: 22-03-2024
Vendor: Apex Industrial Tools Pvt Ltd
Against Bill/Invoice No: INV-2425-65207
Cheque/NEFT No: 882910
Paid Amount: INR 6012.93
Deductions (TDS/Retention): Rs. 0.00
Total Cleared: INR 6012.93
Received with thanks from MSME Industries.",PAYMENT_RECEIPT
"DEBIT NOTE
Debit Note No: DC-7192
Debit Note Date: 14-07-2024
Against Original Invoice: INV-2425-70169
Issued By: Swaraj Pneumatic Systems
GSTIN: 27AABC6041A1Z3
Issued To: MSME Precision Tools
Reason for Debit: Price undercharged in original invoice / Supplementary freight charges / Unbilled additional quantities
Description: Tungsten Carbide Milling Insert TNMG160408
Underbilled Amount: Rs. 88328.91
Applicable GST (18%): Rs. 15899.20
Total Debit Value: Rs. 104228.11
We have debited your account with the above mentioned sum.
Authorized Signatory",DEBIT_NOTE
"INTERNAL MEMORANDUM
To: All Plant Staff
From: Operations Director
Subject: Scheduled maintenance of Power Generator DG-2 on coming Sunday.
All departments are requested to plan production accordingly.",UNKNOWN
"SAFETY MANUAL & PROTOCOL
Section 4: General Workshop Safety Guidelines.
1. Personal Protective Equipment (PPE) including safety helmets, steel-toe shoes and goggles must be worn.
2. Machine emergency stop buttons must be inspected daily.
3. In case of fire, evacuate through Gate 2.",UNKNOWN
"CREDIT NOTE
Credit Note No: CN-2425-923
Credit Note Date: 24-06-2024
Original Tax Invoice Ref: INV-2425-49679
Original Invoice Date: 28-08-2024
Issued By: National Electricals & Controls
GSTIN: 27AABC2362A1Z1
Issued To: MSME Manufacturing Ltd
Reason for Credit: Rate difference / Return of damaged goods / Post-sale discount
Particulars:
Item: Viton Seal Gasket 100mm OD
Quantity Returned / Adjusted: 200 PCS
Unit Rate: Rs. 99.89
Credit Amount (Taxable): Rs. 3203.88
CGST 9%: Rs. 288.35
SGST 9%: Rs. 288.35
Total Credit Note Amount: Rs. 3780.58
We have credited your account with the above amount.",CREDIT_NOTE
"BANK PAYMENT CONFIRMATION RECEIPT
Voucher ID: PAY-REC-350179
Date: 20-02-2024
Beneficiary Name: Sunrise Rubber & Polymer Components
Beneficiary A/c: 0029014185849
Transaction ID: CMS2024091800492
Settlement for Tax Invoice: INV-2425-98853
PO Number Ref: PO-2024-9546
Net Remitted: Rs. 69419.40
Status: SUCCESS - Transferred to beneficiary account.
Accounts Department Signature",PAYMENT_RECEIPT
"EMPLOYEE LEAVE APPLICATION
Employee Name: Ramesh Shinde
Department: Assembly Line B
Leave Dates: 10th Oct to 12th Oct
Reason: Personal family function.
Approved by Plant Supervisor.",UNKNOWN
"PAYMENT RECEIPT / VOUCHER
Receipt No: PAY-REC-126186
Payment Date: 21-03-2024
Paid To: Premier Bearings & Power Transmission
Paid By: MSME Auto Components Ltd
Payment Method: NEFT / RTGS Transfer
Bank Transaction Ref / UTR: UTR-HDFC-99182374192
Invoice Reference: INV-2425-42237
Amount Paid: INR 59278.48
Amount in Words: INR 59278.48 only
Payment towards full/part settlement of Invoice INV-2425-42237
Authorized Accounts Officer: Rajeev Kumar",PAYMENT_RECEIPT
"ORIGINAL TAX INVOICE (FOR RECIPIENT)
Invoice No: INV-2425-57964
Date of Issue: 15-07-2024
PO Ref: PO-2024-7960
Supplier Name: Bharat Precision Fasteners
PAN: AABCP9871M
GSTIN/UIN: 27AABC2854A1Z8
Place of Supply: 27-Maharashtra
Table of Supplies:
SI No | Item Description | Qty | Rate | Amount
01 | High Tensile Flange Nut M12 | 100 | 17.26 | 1726.00
Total Taxable: 1726.00
IGST @ 18%: 310.68
Gross Total: 2036.68
Subject to Pune Jurisdiction only.",INVOICE
"STANDARD PURCHASE ORDER
PO No: PO-2024-3548
Buyer: MSME Manufacturing Works
Supplier: Bharat Precision Fasteners
GSTIN: 27AABC9847A1Z2
Item Details:
Item Code: ITM-743, Description: Viton Seal Gasket 100mm OD, Quantity: 10, Rate: 90.69, Taxable Value: 906.90
Total Order Value: INR 906.90
Special Instructions: Deliver with inspection certificate and warranty.",PURCHASE_ORDER
"MATERIAL DISPATCH NOTE
Dispatch Memo: DC-9645
Date: 08-08-2024
Ref PO: PO-2024-5000
Vendor: Premier Bearings & Power Transmission
Delivered To: Central Stores, Unit II
Description: Stainless Steel Hex Bolt M10x50mm
Quantity Sent: 20 PCS
No of Cartons: 10
Received Ok by Stores Department.",DELIVERY_NOTE
"SAFETY MANUAL & PROTOCOL
Section 4: General Workshop Safety Guidelines.
1. Personal Protective Equipment (PPE) including safety helmets, steel-toe shoes and goggles must be worn.
2. Machine emergency stop buttons must be inspected daily.
3. In case of fire, evacuate through Gate 2.",UNKNOWN
"BANK PAYMENT CONFIRMATION RECEIPT
Voucher ID: PAY-REC-440152
Date: 18-05-2024
Beneficiary Name: National Electricals & Controls
Beneficiary A/c: 0029018744557
Transaction ID: CMS2024091800492
Settlement for Tax Invoice: INV-2425-53007
PO Number Ref: PO-2024-1509
Net Remitted: Rs. 153571.10
Status: SUCCESS - Transferred to beneficiary account.
Accounts Department Signature",PAYMENT_RECEIPT
"MEETING MINUTES - PRODUCT DESIGN REVIEW
Date: 12-09-2024
Attendees: Engineering Team, Quality Team
Agenda: Review tolerances for new hydraulic valve housing prototype.
Action Items: Update CAD model with revised bore dimensions.",UNKNOWN
"MEETING MINUTES - PRODUCT DESIGN REVIEW
Date: 12-09-2024
Attendees: Engineering Team, Quality Team
Agenda: Review tolerances for new hydraulic valve housing prototype.
Action Items: Update CAD model with revised bore dimensions.",UNKNOWN
"PURCHASE ORDER
PO Number: PO-2024-3841
Date: 10-06-2024
Vendor: Bharat Precision Fasteners
Delivery Address: Plot 102, Chakan Industrial Area, Pune 410501
Payment Terms: Net 30 Days
Line Items:
1. Hydraulic Pressure Relief Valve 1/2 inch - Qty: 200 @ INR 1673.83/unit = INR 334766.00
Authorized Signatory
Terms & Conditions: Goods must be delivered within 15 days.",PURCHASE_ORDER
"ORIGINAL TAX INVOICE (FOR RECIPIENT)
Invoice No: INV-2425-54305
Date of Issue: 27-08-2024
PO Ref: PO-2024-3190
Supplier Name: Sunrise Rubber & Polymer Components
PAN: AABCP9871M
GSTIN/UIN: 27AABC4855A1Z5
Place of Supply: 27-Maharashtra
Table of Supplies:
SI No | Item Description | Qty | Rate | Amount
01 | High Tensile Flange Nut M12 | 500 | 19.21 | 9605.00
Total Taxable: 9605.00
IGST @ 18%: 1728.90
Gross Total: 11333.90
Subject to Pune Jurisdiction only.",INVOICE
"DEBIT NOTE
Debit Note No: DC-5066
Debit Note Date: 08-09-2024
Against Original Invoice: INV-2425-68758
Issued By: Vanguard Steel & Alloys Corp
GSTIN: 27AABC5308A1Z2
Issued To: MSME Precision Tools
Reason for Debit: Price undercharged in original invoice / Supplementary freight charges / Unbilled additional quantities
Description: Tungsten Carbide Milling Insert TNMG160408
Underbilled Amount: Rs. 82511.35
Applicable GST (18%): Rs. 14852.04
Total Debit Value: Rs. 97363.39
We have debited your account with the above mentioned sum.
Authorized Signatory",DEBIT_NOTE
"DELIVERY RECEIPT & DISPATCH SLIP
DN Number: DC-6738
Dispatch Date: 16-02-2024
Purchase Order: PO-2024-8531
Supplier: Mahindra Tooling & Forging Ltd
Destination: Industrial Warehouse Sector 5
List of Items:
Item: Digital Vernier Caliper 0-150mm | Qty Delivered: 10 | Unit: NOS | Batch No: B-2024-09
Security Gate Entry No: G-4412
Storekeeper Signature: _____________
Date & Time Received: 16-02-2024 14:30 hrs",DELIVERY_NOTE
"PAYMENT ADVICE & RECEIPT
Payment Slip Ref: PAY-REC-655993
Date of Remittance: 13-06-2024
Vendor: TechnoMech Automation Solutions
Against Bill/Invoice No: INV-2425-90860
Cheque/NEFT No: 882910
Paid Amount: INR 216.88
Deductions (TDS/Retention): Rs. 0.00
Total Cleared: INR 216.88
Received with thanks from MSME Industries.",PAYMENT_RECEIPT
"ORDER CONFIRMATION / PO
Purchase Order Ref: PO-2024-4753
Issued To: Apex Industrial Tools Pvt Ltd
Ship To: Plot 102, Chakan Industrial Area, Pune 410501
Order Date: 20-03-2024
Required Delivery Date: 01-10-2024
Items Ordered:
- Digital Vernier Caliper 0-150mm | Quantity: 20 NOS | Unit Rate: Rs. 1341.94 | Total: Rs. 26838.80
Freight: Extra at actuals
GST: 18% extra
Prepared by: Purchase Dept",PURCHASE_ORDER
"TAX CREDIT MEMORANDUM
CN Number: CN-2425-697
Date: 01-06-2024
Ref Invoice: INV-2425-63273
Vendor: National Electricals & Controls
Customer: MSME Works
Adjustment Details:
Price reduction agreed on Stainless Steel Hex Bolt M10x50mm - Difference INR 819.05
IGST Adjustment: INR 147.43
Net Credit Allowed: INR 966.48
Authorized Signatory, Accounts Department",CREDIT_NOTE
"QUOTATION / PRICE ESTIMATE
Quotation Ref: QUO-2024-277
Quote Date: 16-06-2024
Valid Until: 20-11-2024
To: Procurement Team, MSME Works
From: Bharat Precision Fasteners
Dear Sir, We are pleased to quote our lowest rates:
Item: Carbon Steel Seamless Pipe 2 inch NB
Offered Unit Price: Rs. 639.48 per MTR
Lead Time: 10 working days from PO confirmation.
Payment Terms: 30 days credit from invoice date.
Validity: 30 days from quote date.
Looking forward to your valued Purchase Order.
Best Regards, Sales Manager, Bharat Precision Fasteners",QUOTATION
"COMMERCIAL PURCHASE ORDER
Order ID: PO-2024-2400
Vendor Name: Apex Industrial Tools Pvt Ltd
Billing Address: Plot 45, Industrial Estate, Pune
Date of Order: 19-09-2024
Scope of Supply:
- Stainless Steel Hex Bolt M10x50mm (Qty: 50, Unit Price: 42.63, Amount: 2131.50)
Payment: 100% against Delivery Note and Tax Invoice.
Authorized by Procurement Manager.",PURCHASE_ORDER
"BANK PAYMENT CONFIRMATION RECEIPT
Voucher ID: PAY-REC-332337
Date: 11-09-2024
Beneficiary Name: National Electricals & Controls
Beneficiary A/c: 0029017895623
Transaction ID: CMS2024091800492
Settlement for Tax Invoice: INV-2425-26420
PO Number Ref: PO-2024-3441
Net Remitted: Rs. 1043356.00
Status: SUCCESS - Transferred to beneficiary account.
Accounts Department Signature",PAYMENT_RECEIPT
"CREDIT NOTE
Credit Note No: CN-2425-237
Credit Note Date: 18-05-2024
Original Tax Invoice Ref: INV-2425-32650
Original Invoice Date: 08-08-2024
Issued By: Shree Ganesh Hydraulic Spares
GSTIN: 27AABC9364A1Z6
Issued To: MSME Manufacturing Ltd
Reason for Credit: Rate difference / Return of damaged goods / Post-sale discount
Particulars:
Item: Viton Seal Gasket 100mm OD
Quantity Returned / Adjusted: 100 PCS
Unit Rate: Rs. 91.82
Credit Amount (Taxable): Rs. 646.43
CGST 9%: Rs. 58.18
SGST 9%: Rs. 58.18
Total Credit Note Amount: Rs. 762.79
We have credited your account with the above amount.",CREDIT_NOTE
"MATERIAL DISPATCH NOTE
Dispatch Memo: DC-9493
Date: 07-09-2024
Ref PO: PO-2024-4912
Vendor: Shree Ganesh Hydraulic Spares
Delivered To: Central Stores, Unit II
Description: Hydraulic Pressure Relief Valve 1/2 inch
Quantity Sent: 20 NOS
No of Cartons: 10
Received Ok by Stores Department.",DELIVERY_NOTE
"QUOTATION / PRICE ESTIMATE
Quotation Ref: QUO-2024-265
Quote Date: 19-07-2024
Valid Until: 01-11-2024
To: Procurement Team, MSME Works
From: TechnoMech Automation Solutions
Dear Sir, We are pleased to quote our lowest rates:
Item: Nitrile Rubber O-Ring Kit 200pcs
Offered Unit Price: Rs. 515.68 per SET
Lead Time: 10 working days from PO confirmation.
Payment Terms: 30 days credit from invoice date.
Validity: 30 days from quote date.
Looking forward to your valued Purchase Order.
Best Regards, Sales Manager, TechnoMech Automation Solutions",QUOTATION
"PAYMENT ADVICE & RECEIPT
Payment Slip Ref: PAY-REC-429125
Date of Remittance: 09-09-2024
Vendor: Mahindra Tooling & Forging Ltd
Against Bill/Invoice No: INV-2425-11919
Cheque/NEFT No: 882910
Paid Amount: INR 30264.17
Deductions (TDS/Retention): Rs. 0.00
Total Cleared: INR 30264.17
Received with thanks from MSME Industries.",PAYMENT_RECEIPT
"DELIVERY NOTE / CHALLAN
Delivery Challan No: DC-9789
Date of Dispatch: 22-08-2024
Against PO No: PO-2024-6519
Consignor: Kirloskar Engineering Supplies
Consignee: MSME Manufacturing Plant
Vehicle No: MH-12-RN-8821
Transporter: Apex Logistics
Driver Name: Suresh Patil (Mob: 9876543210)
Materials Dispatched:
1. Pneumatic Cylinder Double Acting 50mm Bore - Dispatched Qty: 100 NOS (Packages: 4 Wooden Crates)
Condition of Goods: Good condition, sealed boxes.
Received by: Stores In-charge (Signature & Date)
Goods received in full and sound condition.",DELIVERY_NOTE
"PURCHASE ORDER CONTRACT
PO#: PO-2024-6547
Date: 14-01-2024
To: Vanguard Steel & Alloys Corp
Shipment Mode: By Road
Delivery Location: Warehouse 4, Sector 12, Manesar
Line Item 1: Digital Vernier Caliper 0-150mm - 20 Nos @ Rs. 1300.05 each.
Subtotal: Rs. 26001.00
Applicable GST: 18%
Grand Total: Rs. 30681.18
Signature: Head of SCM",PURCHASE_ORDER
"DEBIT NOTE
Debit Note No: DC-9219
Debit Note Date: 11-08-2024
Against Original Invoice: INV-2425-21034
Issued By: Vanguard Steel & Alloys Corp
GSTIN: 27AABC4413A1Z6
Issued To: MSME Precision Tools
Reason for Debit: Price undercharged in original invoice / Supplementary freight charges / Unbilled additional quantities
Description: Viton Seal Gasket 100mm OD
Underbilled Amount: Rs. 117.25
Applicable GST (18%): Rs. 21.11
Total Debit Value: Rs. 138.36
We have debited your account with the above mentioned sum.
Authorized Signatory",DEBIT_NOTE
"ORIGINAL TAX INVOICE (FOR RECIPIENT)
Invoice No: INV-2425-11069
Date of Issue: 21-06-2024
PO Ref: PO-2024-8699
Supplier Name: TechnoMech Automation Solutions
PAN: AABCP9871M
GSTIN/UIN: 27AABC6909A1Z7
Place of Supply: 27-Maharashtra
Table of Supplies:
SI No | Item Description | Qty | Rate | Amount
01 | Hydraulic Pressure Relief Valve 1/2 inch | 50 | 1970.97 | 98548.50
Total Taxable: 98548.50
IGST @ 18%: 17738.73
Gross Total: 116287.23
Subject to Pune Jurisdiction only.",INVOICE
"GOODS DELIVERY CHALLAN
Challan Ref: DC-8421
Date: 26-05-2024
PO Reference: PO-2024-9726
From: TechnoMech Automation Solutions
To: MSME Engineering Works, Plot 8, MIDC Pune
Mode of Transport: Tempo MH-14-BT-1122
LR / GC No: 994821
Particulars:
- Viton Seal Gasket 100mm OD : Quantity Delivered: 100 PCS
Remarks: Material subject to quality inspection at gate.
Inspected & Received in good order.",DELIVERY_NOTE
"COMMERCIAL TAX INVOICE
Bill No: INV-2425-18011
Bill Date: 24-09-2024
Against PO No: PO-2024-7476
Supplier: Omkar Industrial Hardware
State: Maharashtra, Code: 27
Consignee: Global MSME Solutions
Line Items:
1. Stainless Steel Hex Bolt M10x50mm | 10 PCS | Rate: Rs. 43.02 | Taxable: Rs. 430.20 | IGST 18%: Rs. 77.44 | Total: Rs. 507.64
Amount in Words: INR 507.64 only
E-Way Bill No: 541098234712
Declaration: Certified that particulars given above are true and correct.",INVOICE
"INTERNAL MEMORANDUM
To: All Plant Staff
From: Operations Director
Subject: Scheduled maintenance of Power Generator DG-2 on coming Sunday.
All departments are requested to plan production accordingly.",UNKNOWN
"BANK PAYMENT CONFIRMATION RECEIPT
Voucher ID: PAY-REC-211718
Date: 07-04-2024
Beneficiary Name: Apex Industrial Tools Pvt Ltd
Beneficiary A/c: 0029019317224
Transaction ID: CMS2024091800492
Settlement for Tax Invoice: INV-2425-80443
PO Number Ref: PO-2024-8720
Net Remitted: Rs. 28029.48
Status: SUCCESS - Transferred to beneficiary account.
Accounts Department Signature",PAYMENT_RECEIPT
"COMMERCIAL PURCHASE ORDER
Order ID: PO-2024-8326
Vendor Name: Apex Industrial Tools Pvt Ltd
Billing Address: Plot 45, Industrial Estate, Pune
Date of Order: 07-06-2024
Scope of Supply:
- Industrial Ball Bearing 6205-2RS (Qty: 50, Unit Price: 297.49, Amount: 14874.50)
Payment: 100% against Delivery Note and Tax Invoice.
Authorized by Procurement Manager.",PURCHASE_ORDER
"PURCHASE ORDER CONTRACT
PO#: PO-2024-9417
Date: 06-01-2024
To: National Electricals & Controls
Shipment Mode: By Road
Delivery Location: Warehouse 4, Sector 12, Manesar
Line Item 1: Carbon Steel Seamless Pipe 2 inch NB - 20 Nos @ Rs. 674.98 each.
Subtotal: Rs. 13499.60
Applicable GST: 18%
Grand Total: Rs. 15929.53
Signature: Head of SCM",PURCHASE_ORDER
"COMMERCIAL PURCHASE ORDER
Order ID: PO-2024-4498
Vendor Name: Kirloskar Engineering Supplies
Billing Address: Plot 45, Industrial Estate, Pune
Date of Order: 22-05-2024
Scope of Supply:
- Industrial Ball Bearing 6205-2RS (Qty: 50, Unit Price: 306.30, Amount: 15315.00)
Payment: 100% against Delivery Note and Tax Invoice.
Authorized by Procurement Manager.",PURCHASE_ORDER
"STANDARD PURCHASE ORDER
PO No: PO-2024-2729
Buyer: MSME Manufacturing Works
Supplier: Mahindra Tooling & Forging Ltd
GSTIN: 27AABC7666A1Z3
Item Details:
Item Code: ITM-629, Description: Digital Vernier Caliper 0-150mm, Quantity: 20, Rate: 1140.25, Taxable Value: 22805.00
Total Order Value: INR 22805.00
Special Instructions: Deliver with inspection certificate and warranty.",PURCHASE_ORDER
"CREDIT NOTE
Credit Note No: CN-2425-940
Credit Note Date: 10-08-2024
Original Tax Invoice Ref: INV-2425-20511
Original Invoice Date: 28-08-2024
Issued By: Bharat Precision Fasteners
GSTIN: 27AABC1305A1Z3
Issued To: MSME Manufacturing Ltd
Reason for Credit: Rate difference / Return of damaged goods / Post-sale discount
Particulars:
Item: Digital Vernier Caliper 0-150mm
Quantity Returned / Adjusted: 200 NOS
Unit Rate: Rs. 1344.48
Credit Amount (Taxable): Rs. 37965.11
CGST 9%: Rs. 3416.86
SGST 9%: Rs. 3416.86
Total Credit Note Amount: Rs. 44798.83
We have credited your account with the above amount.",CREDIT_NOTE
"DELIVERY NOTE / CHALLAN
Delivery Challan No: DC-6494
Date of Dispatch: 07-02-2024
Against PO No: PO-2024-6989
Consignor: Swaraj Pneumatic Systems
Consignee: MSME Manufacturing Plant
Vehicle No: MH-12-RN-8821
Transporter: Apex Logistics
Driver Name: Suresh Patil (Mob: 9876543210)
Materials Dispatched:
1. Pneumatic Cylinder Double Acting 50mm Bore - Dispatched Qty: 100 NOS (Packages: 4 Wooden Crates)
Condition of Goods: Good condition, sealed boxes.
Received by: Stores In-charge (Signature & Date)
Goods received in full and sound condition.",DELIVERY_NOTE
"MATERIAL DISPATCH NOTE
Dispatch Memo: DC-9189
Date: 16-09-2024
Ref PO: PO-2024-3878
Vendor: Mahindra Tooling & Forging Ltd
Delivered To: Central Stores, Unit II
Description: Nitrile Rubber O-Ring Kit 200pcs
Quantity Sent: 200 SET
No of Cartons: 10
Received Ok by Stores Department.",DELIVERY_NOTE
"GOODS DELIVERY CHALLAN
Challan Ref: DC-7896
Date: 11-02-2024
PO Reference: PO-2024-6529
From: TechnoMech Automation Solutions
To: MSME Engineering Works, Plot 8, MIDC Pune
Mode of Transport: Tempo MH-14-BT-1122
LR / GC No: 994821
Particulars:
- Stainless Steel Hex Bolt M10x50mm : Quantity Delivered: 20 PCS
Remarks: Material subject to quality inspection at gate.
Inspected & Received in good order.",DELIVERY_NOTE
"ORIGINAL TAX INVOICE (FOR RECIPIENT)
Invoice No: INV-2425-31466
Date of Issue: 04-09-2024
PO Ref: PO-2024-6295
Supplier Name: Omkar Industrial Hardware
PAN: AABCP9871M
GSTIN/UIN: 27AABC2094A1Z5
Place of Supply: 27-Maharashtra
Table of Supplies:
SI No | Item Description | Qty | Rate | Amount
01 | Hydraulic Pressure Relief Valve 1/2 inch | 10 | 1986.53 | 19865.30
Total Taxable: 19865.30
IGST @ 18%: 3575.75
Gross Total: 23441.05
Subject to Pune Jurisdiction only.",INVOICE
"BANK PAYMENT CONFIRMATION RECEIPT
Voucher ID: PAY-REC-681381
Date: 19-09-2024
Beneficiary Name: Apex Industrial Tools Pvt Ltd
Beneficiary A/c: 0029017327369
Transaction ID: CMS2024091800492
Settlement for Tax Invoice: INV-2425-88826
PO Number Ref: PO-2024-4667
Net Remitted: Rs. 315402.20
Status: SUCCESS - Transferred to beneficiary account.
Accounts Department Signature",PAYMENT_RECEIPT
"DELIVERY NOTE / CHALLAN
Delivery Challan No: DC-7998
Date of Dispatch: 24-06-2024
Against PO No: PO-2024-1548
Consignor: National Electricals & Controls
Consignee: MSME Manufacturing Plant
Vehicle No: MH-12-RN-8821
Transporter: Apex Logistics
Driver Name: Suresh Patil (Mob: 9876543210)
Materials Dispatched:
1. High Tensile Flange Nut M12 - Dispatched Qty: 50 PCS (Packages: 4 Wooden Crates)
Condition of Goods: Good condition, sealed boxes.
Received by: Stores In-charge (Signature & Date)
Goods received in full and sound condition.",DELIVERY_NOTE
"ORDER CONFIRMATION / PO
Purchase Order Ref: PO-2024-9660
Issued To: Kirloskar Engineering Supplies
Ship To: Plot 102, Chakan Industrial Area, Pune 410501
Order Date: 18-02-2024
Required Delivery Date: 08-10-2024
Items Ordered:
- Viton Seal Gasket 100mm OD | Quantity: 500 PCS | Unit Rate: Rs. 86.80 | Total: Rs. 43400.00
Freight: Extra at actuals
GST: 18% extra
Prepared by: Purchase Dept",PURCHASE_ORDER
"COMMERCIAL PURCHASE ORDER
Order ID: PO-2024-4275
Vendor Name: Bharat Precision Fasteners
Billing Address: Plot 45, Industrial Estate, Pune
Date of Order: 25-09-2024
Scope of Supply:
- Digital Vernier Caliper 0-150mm (Qty: 100, Unit Price: 1178.09, Amount: 117809.00)
Payment: 100% against Delivery Note and Tax Invoice.
Authorized by Procurement Manager.",PURCHASE_ORDER
"TAX CREDIT MEMORANDUM
CN Number: CN-2425-728
Date: 24-04-2024
Ref Invoice: INV-2425-22873
Vendor: TechnoMech Automation Solutions
Customer: MSME Works
Adjustment Details:
Price reduction agreed on Digital Vernier Caliper 0-150mm - Difference INR 27987.57
IGST Adjustment: INR 5037.76
Net Credit Allowed: INR 33025.33
Authorized Signatory, Accounts Department",CREDIT_NOTE
"DEBIT NOTE
Debit Note No: DC-9600
Debit Note Date: 27-05-2024
Against Original Invoice: INV-2425-13002
Issued By: TechnoMech Automation Solutions
GSTIN: 27AABC9993A1Z4
Issued To: MSME Precision Tools
Reason for Debit: Price undercharged in original invoice / Supplementary freight charges / Unbilled additional quantities
Description: Hydraulic Pressure Relief Valve 1/2 inch
Underbilled Amount: Rs. 19925.82
Applicable GST (18%): Rs. 3586.65
Total Debit Value: Rs. 23512.47
We have debited your account with the above mentioned sum.
Authorized Signatory",DEBIT_NOTE
"GOODS DELIVERY CHALLAN
Challan Ref: DC-6996
Date: 28-01-2024
PO Reference: PO-2024-9642
From: National Electricals & Controls
To: MSME Engineering Works, Plot 8, MIDC Pune
Mode of Transport: Tempo MH-14-BT-1122
LR / GC No: 994821
Particulars:
- Pneumatic Cylinder Double Acting 50mm Bore : Quantity Delivered: 20 NOS
Remarks: Material subject to quality inspection at gate.
Inspected & Received in good order.",DELIVERY_NOTE
"COMMERCIAL TAX INVOICE
Bill No: INV-2425-33543
Bill Date: 20-07-2024
Against PO No: PO-2024-1513
Supplier: Apex Industrial Tools Pvt Ltd
State: Maharashtra, Code: 27
Consignee: Global MSME Solutions
Line Items:
1. Pneumatic Cylinder Double Acting 50mm Bore | 20 NOS | Rate: Rs. 2938.93 | Taxable: Rs. 58778.60 | IGST 18%: Rs. 10580.15 | Total: Rs. 69358.75
Amount in Words: INR 69358.75 only
E-Way Bill No: 541098234712
Declaration: Certified that particulars given above are true and correct.",INVOICE
"CREDIT NOTE
Credit Note No: CN-2425-173
Credit Note Date: 10-07-2024
Original Tax Invoice Ref: INV-2425-43724
Original Invoice Date: 17-08-2024
Issued By: Kirloskar Engineering Supplies
GSTIN: 27AABC2005A1Z3
Issued To: MSME Manufacturing Ltd
Reason for Credit: Rate difference / Return of damaged goods / Post-sale discount
Particulars:
Item: Carbon Steel Seamless Pipe 2 inch NB
Quantity Returned / Adjusted: 20 MTR
Unit Rate: Rs. 603.21
Credit Amount (Taxable): Rs. 2324.83
CGST 9%: Rs. 209.23
SGST 9%: Rs. 209.23
Total Credit Note Amount: Rs. 2743.30
We have credited your account with the above amount.",CREDIT_NOTE
"INVOICE
Doc No: INV-2425-77755
Date: 15-06-2024
Ref Purchase Order: PO-2024-9726
From: TechnoMech Automation Solutions
To: Bharat Engineering MSME
Summary:
Item: Pneumatic Cylinder Double Acting 50mm Bore
Quantity Supplied: 200
Price per unit: Rs. 2649.03
Net Amount: Rs. 529806.00
Add GST 18%: Rs. 95365.08
Invoice Total: Rs. 625171.08
Payment Due Date: 09-10-2024
Please remit payment to State Bank of India A/c: 30981723481",INVOICE
"QUOTATION / PRICE ESTIMATE
Quotation Ref: QUO-2024-248
Quote Date: 07-03-2024
Valid Until: 06-11-2024
To: Procurement Team, MSME Works
From: TechnoMech Automation Solutions
Dear Sir, We are pleased to quote our lowest rates:
Item: Pneumatic Cylinder Double Acting 50mm Bore
Offered Unit Price: Rs. 2879.42 per NOS
Lead Time: 10 working days from PO confirmation.
Payment Terms: 30 days credit from invoice date.
Validity: 30 days from quote date.
Looking forward to your valued Purchase Order.
Best Regards, Sales Manager, TechnoMech Automation Solutions",QUOTATION
"ORDER CONFIRMATION / PO
Purchase Order Ref: PO-2024-2655
Issued To: Omkar Industrial Hardware
Ship To: Plot 102, Chakan Industrial Area, Pune 410501
Order Date: 03-02-2024
Required Delivery Date: 28-10-2024
Items Ordered:
- Industrial Ball Bearing 6205-2RS | Quantity: 100 NOS | Unit Rate: Rs. 345.41 | Total: Rs. 34541.00
Freight: Extra at actuals
GST: 18% extra
Prepared by: Purchase Dept",PURCHASE_ORDER
"FORMAL PRICE PROPOSAL
Quote ID: QUO-2024-784
Date: 25-05-2024
Customer: MSME Manufacturing
Supplier: Apex Industrial Tools Pvt Ltd
Estimated Schedule of Rates:
1. Tungsten Carbide Milling Insert TNMG160408 - Unit Rate: INR 1314.96 (MOQ: 50 BOX)
GST: 18% extra
Delivery: Ex-works Pune
Warranty: 12 months from delivery date.
Commercial Terms: 100% against delivery.
Authorized Signatory: Apex Industrial Tools Pvt Ltd",QUOTATION
"FORMAL PRICE PROPOSAL
Quote ID: QUO-2024-641
Date: 17-03-2024
Customer: MSME Manufacturing
Supplier: Omkar Industrial Hardware
Estimated Schedule of Rates:
1. Carbon Steel Seamless Pipe 2 inch NB - Unit Rate: INR 636.26 (MOQ: 50 MTR)
GST: 18% extra
Delivery: Ex-works Pune
Warranty: 12 months from delivery date.
Commercial Terms: 100% against delivery.
Authorized Signatory: Omkar Industrial Hardware",QUOTATION
"ORDER CONFIRMATION / PO
Purchase Order Ref: PO-2024-3077
Issued To: National Electricals & Controls
Ship To: Plot 102, Chakan Industrial Area, Pune 410501
Order Date: 23-04-2024
Required Delivery Date: 20-10-2024
Items Ordered:
- Hydraulic Pressure Relief Valve 1/2 inch | Quantity: 50 NOS | Unit Rate: Rs. 1971.06 | Total: Rs. 98553.00
Freight: Extra at actuals
GST: 18% extra
Prepared by: Purchase Dept",PURCHASE_ORDER
"DELIVERY RECEIPT & DISPATCH SLIP
DN Number: DC-6850
Dispatch Date: 19-06-2024
Purchase Order: PO-2024-6712
Supplier: Shree Ganesh Hydraulic Spares
Destination: Industrial Warehouse Sector 5
List of Items:
Item: Industrial Ball Bearing 6205-2RS | Qty Delivered: 10 | Unit: NOS | Batch No: B-2024-09
Security Gate Entry No: G-4412
Storekeeper Signature: _____________
Date & Time Received: 19-06-2024 14:30 hrs",DELIVERY_NOTE
"PAYMENT RECEIPT / VOUCHER
Receipt No: PAY-REC-231788
Payment Date: 25-01-2024
Paid To: Premier Bearings & Power Transmission
Paid By: MSME Auto Components Ltd
Payment Method: NEFT / RTGS Transfer
Bank Transaction Ref / UTR: UTR-HDFC-99182374192
Invoice Reference: INV-2425-74414
Amount Paid: INR 1712.42
Amount in Words: INR 1712.42 only
Payment towards full/part settlement of Invoice INV-2425-74414
Authorized Accounts Officer: Rajeev Kumar",PAYMENT_RECEIPT
"TAX INVOICE
Invoice Number: INV-2425-21889
Invoice Date: 22-02-2024
PO Reference: PO-2024-5849
Seller: Omkar Industrial Hardware
GSTIN: 27AABC9953A1Z1
Buyer: MSME Precision Components Ltd
Buyer GSTIN: 27AAACM1234F1Z5
Description of Goods: Stainless Steel Hex Bolt M10x50mm
HSN Code: 84818030
Qty: 20 PCS
Unit Rate: INR 45.88
Taxable Value: INR 917.60
CGST 9%: INR 82.58
SGST 9%: INR 82.58
Total Invoice Amount: INR 1082.77
Bank Account: HDFC Bank, IFSC: HDFC0001234, A/c: 5020001928374
For Omkar Industrial Hardware - Authorized Signatory",INVOICE
"QUOTATION / PRICE ESTIMATE
Quotation Ref: QUO-2024-918
Quote Date: 03-07-2024
Valid Until: 10-11-2024
To: Procurement Team, MSME Works
From: Premier Bearings & Power Transmission
Dear Sir, We are pleased to quote our lowest rates:
Item: Digital Vernier Caliper 0-150mm
Offered Unit Price: Rs. 1328.11 per NOS
Lead Time: 10 working days from PO confirmation.
Payment Terms: 30 days credit from invoice date.
Validity: 30 days from quote date.
Looking forward to your valued Purchase Order.
Best Regards, Sales Manager, Premier Bearings & Power Transmission",QUOTATION
"PAYMENT RECEIPT / VOUCHER
Receipt No: PAY-REC-183512
Payment Date: 11-01-2024
Paid To: TechnoMech Automation Solutions
Paid By: MSME Auto Components Ltd
Payment Method: NEFT / RTGS Transfer
Bank Transaction Ref / UTR: UTR-HDFC-99182374192
Invoice Reference: INV-2425-84354
Amount Paid: INR 10818.24
Amount in Words: INR 10818.24 only
Payment towards full/part settlement of Invoice INV-2425-84354
Authorized Accounts Officer: Rajeev Kumar",PAYMENT_RECEIPT
"FORMAL PRICE PROPOSAL
Quote ID: QUO-2024-508
Date: 19-07-2024
Customer: MSME Manufacturing
Supplier: Mahindra Tooling & Forging Ltd
Estimated Schedule of Rates:
1. Stainless Steel Hex Bolt M10x50mm - Unit Rate: INR 47.57 (MOQ: 50 PCS)
GST: 18% extra
Delivery: Ex-works Pune
Warranty: 12 months from delivery date.
Commercial Terms: 100% against delivery.
Authorized Signatory: Mahindra Tooling & Forging Ltd",QUOTATION
"EMPLOYEE LEAVE APPLICATION
Employee Name: Ramesh Shinde
Department: Assembly Line B
Leave Dates: 10th Oct to 12th Oct
Reason: Personal family function.
Approved by Plant Supervisor.",UNKNOWN
"PURCHASE ORDER
PO Number: PO-2024-3225
Date: 16-01-2024
Vendor: Mahindra Tooling & Forging Ltd
Delivery Address: Plot 102, Chakan Industrial Area, Pune 410501
Payment Terms: Net 30 Days
Line Items:
1. Digital Vernier Caliper 0-150mm - Qty: 10 @ INR 1340.54/unit = INR 13405.40
Authorized Signatory
Terms & Conditions: Goods must be delivered within 15 days.",PURCHASE_ORDER
"TAX INVOICE
Invoice Number: INV-2425-46336
Invoice Date: 09-04-2024
PO Reference: PO-2024-6480
Seller: Omkar Industrial Hardware
GSTIN: 27AABC3262A1Z8
Buyer: MSME Precision Components Ltd
Buyer GSTIN: 27AAACM1234F1Z5
Description of Goods: Nitrile Rubber O-Ring Kit 200pcs
HSN Code: 84818030
Qty: 200 SET
Unit Rate: INR 441.10
Taxable Value: INR 88220.00
CGST 9%: INR 7939.80
SGST 9%: INR 7939.80
Total Invoice Amount: INR 104099.60
Bank Account: HDFC Bank, IFSC: HDFC0001234, A/c: 5020001928374
For Omkar Industrial Hardware - Authorized Signatory",INVOICE
"GOODS DELIVERY CHALLAN
Challan Ref: DC-6122
Date: 01-07-2024
PO Reference: PO-2024-9228
From: Swaraj Pneumatic Systems
To: MSME Engineering Works, Plot 8, MIDC Pune
Mode of Transport: Tempo MH-14-BT-1122
LR / GC No: 994821
Particulars:
- Pneumatic Cylinder Double Acting 50mm Bore : Quantity Delivered: 200 NOS
Remarks: Material subject to quality inspection at gate.
Inspected & Received in good order.",DELIVERY_NOTE
"TAX CREDIT MEMORANDUM
CN Number: CN-2425-595
Date: 19-05-2024
Ref Invoice: INV-2425-69602
Vendor: Swaraj Pneumatic Systems
Customer: MSME Works
Adjustment Details:
Price reduction agreed on Digital Vernier Caliper 0-150mm - Difference INR 36461.02
IGST Adjustment: INR 6562.98
Net Credit Allowed: INR 43024.00
Authorized Signatory, Accounts Department",CREDIT_NOTE
"DEBIT NOTE
Debit Note No: DC-6395
Debit Note Date: 03-09-2024
Against Original Invoice: INV-2425-77593
Issued By: Kirloskar Engineering Supplies
GSTIN: 27AABC3399A1Z6
Issued To: MSME Precision Tools
Reason for Debit: Price undercharged in original invoice / Supplementary freight charges / Unbilled additional quantities
Description: High Tensile Flange Nut M12
Underbilled Amount: Rs. 457.29
Applicable GST (18%): Rs. 82.31
Total Debit Value: Rs. 539.60
We have debited your account with the above mentioned sum.
Authorized Signatory",DEBIT_NOTE
"DELIVERY RECEIPT & DISPATCH SLIP
DN Number: DC-6884
Dispatch Date: 17-04-2024
Purchase Order: PO-2024-4362
Supplier: Apex Industrial Tools Pvt Ltd
Destination: Industrial Warehouse Sector 5
List of Items:
Item: High Tensile Flange Nut M12 | Qty Delivered: 10 | Unit: PCS | Batch No: B-2024-09
Security Gate Entry No: G-4412
Storekeeper Signature: _____________
Date & Time Received: 17-04-2024 14:30 hrs",DELIVERY_NOTE
"FORMAL PRICE PROPOSAL
Quote ID: QUO-2024-604
Date: 16-08-2024
Customer: MSME Manufacturing
Supplier: TechnoMech Automation Solutions
Estimated Schedule of Rates:
1. Nitrile Rubber O-Ring Kit 200pcs - Unit Rate: INR 454.99 (MOQ: 50 SET)
GST: 18% extra
Delivery: Ex-works Pune
Warranty: 12 months from delivery date.
Commercial Terms: 100% against delivery.
Authorized Signatory: TechnoMech Automation Solutions",QUOTATION
"TAX INVOICE
Invoice Number: INV-2425-45784
Invoice Date: 05-05-2024
PO Reference: PO-2024-3444
Seller: Omkar Industrial Hardware
GSTIN: 27AABC4820A1Z4
Buyer: MSME Precision Components Ltd
Buyer GSTIN: 27AAACM1234F1Z5
Description of Goods: Stainless Steel Hex Bolt M10x50mm
HSN Code: 84818030
Qty: 20 PCS
Unit Rate: INR 45.47
Taxable Value: INR 909.40
CGST 9%: INR 81.85
SGST 9%: INR 81.85
Total Invoice Amount: INR 1073.09
Bank Account: HDFC Bank, IFSC: HDFC0001234, A/c: 5020001928374
For Omkar Industrial Hardware - Authorized Signatory",INVOICE
"PAYMENT ADVICE & RECEIPT
Payment Slip Ref: PAY-REC-355534
Date of Remittance: 03-07-2024
Vendor: TechnoMech Automation Solutions
Against Bill/Invoice No: INV-2425-28717
Cheque/NEFT No: 882910
Paid Amount: INR 154716.88
Deductions (TDS/Retention): Rs. 0.00
Total Cleared: INR 154716.88
Received with thanks from MSME Industries.",PAYMENT_RECEIPT
"DEBIT NOTE
Debit Note No: DC-8396
Debit Note Date: 04-07-2024
Against Original Invoice: INV-2425-83676
Issued By: Swaraj Pneumatic Systems
GSTIN: 27AABC7375A1Z2
Issued To: MSME Precision Tools
Reason for Debit: Price undercharged in original invoice / Supplementary freight charges / Unbilled additional quantities
Description: Industrial Ball Bearing 6205-2RS
Underbilled Amount: Rs. 362.04
Applicable GST (18%): Rs. 65.17
Total Debit Value: Rs. 427.21
We have debited your account with the above mentioned sum.
Authorized Signatory",DEBIT_NOTE
"ORDER CONFIRMATION / PO
Purchase Order Ref: PO-2024-5285
Issued To: Swaraj Pneumatic Systems
Ship To: Plot 102, Chakan Industrial Area, Pune 410501
Order Date: 10-04-2024
Required Delivery Date: 14-10-2024
Items Ordered:
- Hydraulic Pressure Relief Valve 1/2 inch | Quantity: 200 NOS | Unit Rate: Rs. 1788.53 | Total: Rs. 357706.00
Freight: Extra at actuals
GST: 18% extra
Prepared by: Purchase Dept",PURCHASE_ORDER
"MEETING MINUTES - PRODUCT DESIGN REVIEW
Date: 12-09-2024
Attendees: Engineering Team, Quality Team
Agenda: Review tolerances for new hydraulic valve housing prototype.
Action Items: Update CAD model with revised bore dimensions.",UNKNOWN
"COMMERCIAL TAX INVOICE
Bill No: INV-2425-86059
Bill Date: 14-07-2024
Against PO No: PO-2024-3681
Supplier: Omkar Industrial Hardware
State: Maharashtra, Code: 27
Consignee: Global MSME Solutions
Line Items:
1. Hydraulic Pressure Relief Valve 1/2 inch | 500 NOS | Rate: Rs. 2014.70 | Taxable: Rs. 1007350.00 | IGST 18%: Rs. 181323.00 | Total: Rs. 1188673.00
Amount in Words: INR 1188673.00 only
E-Way Bill No: 541098234712
Declaration: Certified that particulars given above are true and correct.",INVOICE
"TAX INVOICE
Invoice Number: INV-2425-99545
Invoice Date: 07-01-2024
PO Reference: PO-2024-8650
Seller: Shree Ganesh Hydraulic Spares
GSTIN: 27AABC8757A1Z9
Buyer: MSME Precision Components Ltd
Buyer GSTIN: 27AAACM1234F1Z5
Description of Goods: Stainless Steel Hex Bolt M10x50mm
HSN Code: 84818030
Qty: 20 PCS
Unit Rate: INR 41.44
Taxable Value: INR 828.80
CGST 9%: INR 74.59
SGST 9%: INR 74.59
Total Invoice Amount: INR 977.98
Bank Account: HDFC Bank, IFSC: HDFC0001234, A/c: 5020001928374
For Shree Ganesh Hydraulic Spares - Authorized Signatory",INVOICE
"VISITOR PASS - RECEPTION
Visitor Name: Ananya Sharma
Company: Tech Audit Consultants
Person to meet: Finance Manager
Entry Time: 10:15 AM
Exit Time: 12:45 PM",UNKNOWN
"QUOTATION / PRICE ESTIMATE
Quotation Ref: QUO-2024-767
Quote Date: 18-03-2024
Valid Until: 13-11-2024
To: Procurement Team, MSME Works
From: Shree Ganesh Hydraulic Spares
Dear Sir, We are pleased to quote our lowest rates:
Item: Pneumatic Cylinder Double Acting 50mm Bore
Offered Unit Price: Rs. 2826.49 per NOS
Lead Time: 10 working days from PO confirmation.
Payment Terms: 30 days credit from invoice date.
Validity: 30 days from quote date.
Looking forward to your valued Purchase Order.
Best Regards, Sales Manager, Shree Ganesh Hydraulic Spares",QUOTATION
"DEBIT NOTE
Debit Note No: DC-5016
Debit Note Date: 14-08-2024
Against Original Invoice: INV-2425-54682
Issued By: Shree Ganesh Hydraulic Spares
GSTIN: 27AABC8045A1Z3
Issued To: MSME Precision Tools
Reason for Debit: Price undercharged in original invoice / Supplementary freight charges / Unbilled additional quantities
Description: High Tensile Flange Nut M12
Underbilled Amount: Rs. 64.06
Applicable GST (18%): Rs. 11.53
Total Debit Value: Rs. 75.59
We have debited your account with the above mentioned sum.
Authorized Signatory",DEBIT_NOTE
"INTERNAL MEMORANDUM
To: All Plant Staff
From: Operations Director
Subject: Scheduled maintenance of Power Generator DG-2 on coming Sunday.
All departments are requested to plan production accordingly.",UNKNOWN
"GOODS DELIVERY CHALLAN
Challan Ref: DC-7563
Date: 27-09-2024
PO Reference: PO-2024-5325
From: Swaraj Pneumatic Systems
To: MSME Engineering Works, Plot 8, MIDC Pune
Mode of Transport: Tempo MH-14-BT-1122
LR / GC No: 994821
Particulars:
- Nitrile Rubber O-Ring Kit 200pcs : Quantity Delivered: 20 SET
Remarks: Material subject to quality inspection at gate.
Inspected & Received in good order.",DELIVERY_NOTE
"STANDARD PURCHASE ORDER
PO No: PO-2024-1846
Buyer: MSME Manufacturing Works
Supplier: Bharat Precision Fasteners
GSTIN: 27AABC7208A1Z6
Item Details:
Item Code: ITM-911, Description: Viton Seal Gasket 100mm OD, Quantity: 20, Rate: 99.57, Taxable Value: 1991.40
Total Order Value: INR 1991.40
Special Instructions: Deliver with inspection certificate and warranty.",PURCHASE_ORDER
"ORDER CONFIRMATION / PO
Purchase Order Ref: PO-2024-6297
Issued To: National Electricals & Controls
Ship To: Plot 102, Chakan Industrial Area, Pune 410501
Order Date: 06-06-2024
Required Delivery Date: 26-10-2024
Items Ordered:
- Stainless Steel Hex Bolt M10x50mm | Quantity: 20 PCS | Unit Rate: Rs. 49.44 | Total: Rs. 988.80
Freight: Extra at actuals
GST: 18% extra
Prepared by: Purchase Dept",PURCHASE_ORDER
"DEBIT NOTE
Debit Note No: DC-9224
Debit Note Date: 20-07-2024
Against Original Invoice: INV-2425-99943
Issued By: Vanguard Steel & Alloys Corp
GSTIN: 27AABC2203A1Z5
Issued To: MSME Precision Tools
Reason for Debit: Price undercharged in original invoice / Supplementary freight charges / Unbilled additional quantities
Description: High Tensile Flange Nut M12
Underbilled Amount: Rs. 88.26
Applicable GST (18%): Rs. 15.89
Total Debit Value: Rs. 104.15
We have debited your account with the above mentioned sum.
Authorized Signatory",DEBIT_NOTE
"PURCHASE ORDER
PO Number: PO-2024-9741
Date: 08-06-2024
Vendor: Shree Ganesh Hydraulic Spares
Delivery Address: Plot 102, Chakan Industrial Area, Pune 410501
Payment Terms: Net 30 Days
Line Items:
1. Hydraulic Pressure Relief Valve 1/2 inch - Qty: 100 @ INR 1707.45/unit = INR 170745.00
Authorized Signatory
Terms & Conditions: Goods must be delivered within 15 days.",PURCHASE_ORDER
"DELIVERY NOTE / CHALLAN
Delivery Challan No: DC-7995
Date of Dispatch: 04-09-2024
Against PO No: PO-2024-3349
Consignor: National Electricals & Controls
Consignee: MSME Manufacturing Plant
Vehicle No: MH-12-RN-8821
Transporter: Apex Logistics
Driver Name: Suresh Patil (Mob: 9876543210)
Materials Dispatched:
1. Pneumatic Cylinder Double Acting 50mm Bore - Dispatched Qty: 50 NOS (Packages: 4 Wooden Crates)
Condition of Goods: Good condition, sealed boxes.
Received by: Stores In-charge (Signature & Date)
Goods received in full and sound condition.",DELIVERY_NOTE
"TAX INVOICE
Invoice Number: INV-2425-28417
Invoice Date: 13-05-2024
PO Reference: PO-2024-9060
Seller: Bharat Precision Fasteners
GSTIN: 27AABC2066A1Z4
Buyer: MSME Precision Components Ltd
Buyer GSTIN: 27AAACM1234F1Z5
Description of Goods: Stainless Steel Hex Bolt M10x50mm
HSN Code: 84818030
Qty: 50 PCS
Unit Rate: INR 48.13
Taxable Value: INR 2406.50
CGST 9%: INR 216.58
SGST 9%: INR 216.58
Total Invoice Amount: INR 2839.67
Bank Account: HDFC Bank, IFSC: HDFC0001234, A/c: 5020001928374
For Bharat Precision Fasteners - Authorized Signatory",INVOICE
"DEBIT NOTE
Debit Note No: DC-6777
Debit Note Date: 28-02-2024
Against Original Invoice: INV-2425-84755
Issued By: Apex Industrial Tools Pvt Ltd
GSTIN: 27AABC3181A1Z5
Issued To: MSME Precision Tools
Reason for Debit: Price undercharged in original invoice / Supplementary freight charges / Unbilled additional quantities
Description: Carbon Steel Seamless Pipe 2 inch NB
Underbilled Amount: Rs. 8749.73
Applicable GST (18%): Rs. 1574.95
Total Debit Value: Rs. 10324.68
We have debited your account with the above mentioned sum.
Authorized Signatory",DEBIT_NOTE
"DEBIT NOTE
Debit Note No: DC-9060
Debit Note Date: 24-01-2024
Against Original Invoice: INV-2425-52520
Issued By: TechnoMech Automation Solutions
GSTIN: 27AABC1684A1Z4
Issued To: MSME Precision Tools
Reason for Debit: Price undercharged in original invoice / Supplementary freight charges / Unbilled additional quantities
Description: Nitrile Rubber O-Ring Kit 200pcs
Underbilled Amount: Rs. 34534.75
Applicable GST (18%): Rs. 6216.26
Total Debit Value: Rs. 40751.01
We have debited your account with the above mentioned sum.
Authorized Signatory",DEBIT_NOTE
"MATERIAL DISPATCH NOTE
Dispatch Memo: DC-5165
Date: 11-09-2024
Ref PO: PO-2024-8866
Vendor: TechnoMech Automation Solutions
Delivered To: Central Stores, Unit II
Description: Industrial Ball Bearing 6205-2RS
Quantity Sent: 500 NOS
No of Cartons: 10
Received Ok by Stores Department.",DELIVERY_NOTE
"DEBIT NOTE
Debit Note No: DC-9294
Debit Note Date: 18-03-2024
Against Original Invoice: INV-2425-95293
Issued By: Premier Bearings & Power Transmission
GSTIN: 27AABC2667A1Z8
Issued To: MSME Precision Tools
Reason for Debit: Price undercharged in original invoice / Supplementary freight charges / Unbilled additional quantities
Description: High Tensile Flange Nut M12
Underbilled Amount: Rs. 67.85
Applicable GST (18%): Rs. 12.21
Total Debit Value: Rs. 80.06
We have debited your account with the above mentioned sum.
Authorized Signatory",DEBIT_NOTE
"QUOTATION / PRICE ESTIMATE
Quotation Ref: QUO-2024-582
Quote Date: 24-06-2024
Valid Until: 21-11-2024
To: Procurement Team, MSME Works
From: Vanguard Steel & Alloys Corp
Dear Sir, We are pleased to quote our lowest rates:
Item: Hydraulic Pressure Relief Valve 1/2 inch
Offered Unit Price: Rs. 1945.44 per NOS
Lead Time: 10 working days from PO confirmation.
Payment Terms: 30 days credit from invoice date.
Validity: 30 days from quote date.
Looking forward to your valued Purchase Order.
Best Regards, Sales Manager, Vanguard Steel & Alloys Corp",QUOTATION
"FORMAL PRICE PROPOSAL
Quote ID: QUO-2024-869
Date: 03-04-2024
Customer: MSME Manufacturing
Supplier: Mahindra Tooling & Forging Ltd
Estimated Schedule of Rates:
1. Viton Seal Gasket 100mm OD - Unit Rate: INR 93.51 (MOQ: 50 PCS)
GST: 18% extra
Delivery: Ex-works Pune
Warranty: 12 months from delivery date.
Commercial Terms: 100% against delivery.
Authorized Signatory: Mahindra Tooling & Forging Ltd",QUOTATION
"BANK PAYMENT CONFIRMATION RECEIPT
Voucher ID: PAY-REC-989089
Date: 16-01-2024
Beneficiary Name: National Electricals & Controls
Beneficiary A/c: 0029014386770
Transaction ID: CMS2024091800492
Settlement for Tax Invoice: INV-2425-28412
PO Number Ref: PO-2024-6559
Net Remitted: Rs. 73315.76
Status: SUCCESS - Transferred to beneficiary account.
Accounts Department Signature",PAYMENT_RECEIPT
"PURCHASE ORDER CONTRACT
PO#: PO-2024-3322
Date: 02-03-2024
To: Kirloskar Engineering Supplies
Shipment Mode: By Road
Delivery Location: Warehouse 4, Sector 12, Manesar
Line Item 1: Hydraulic Pressure Relief Valve 1/2 inch - 500 Nos @ Rs. 1786.71 each.
Subtotal: Rs. 893355.00
Applicable GST: 18%
Grand Total: Rs. 1054158.90
Signature: Head of SCM",PURCHASE_ORDER
"VISITOR PASS - RECEPTION
Visitor Name: Ananya Sharma
Company: Tech Audit Consultants
Person to meet: Finance Manager
Entry Time: 10:15 AM
Exit Time: 12:45 PM",UNKNOWN
"CREDIT NOTE
Credit Note No: CN-2425-360
Credit Note Date: 25-09-2024
Original Tax Invoice Ref: INV-2425-15516
Original Invoice Date: 26-08-2024
Issued By: Premier Bearings & Power Transmission
GSTIN: 27AABC3261A1Z6
Issued To: MSME Manufacturing Ltd
Reason for Credit: Rate difference / Return of damaged goods / Post-sale discount
Particulars:
Item: Digital Vernier Caliper 0-150mm
Quantity Returned / Adjusted: 10 NOS
Unit Rate: Rs. 1159.33
Credit Amount (Taxable): Rs. 1621.65
CGST 9%: Rs. 145.95
SGST 9%: Rs. 145.95
Total Credit Note Amount: Rs. 1913.55
We have credited your account with the above amount.",CREDIT_NOTE
"QUOTATION / PRICE ESTIMATE
Quotation Ref: QUO-2024-855
Quote Date: 11-09-2024
Valid Until: 08-11-2024
To: Procurement Team, MSME Works
From: Shree Ganesh Hydraulic Spares
Dear Sir, We are pleased to quote our lowest rates:
Item: Tungsten Carbide Milling Insert TNMG160408
Offered Unit Price: Rs. 1565.97 per BOX
Lead Time: 10 working days from PO confirmation.
Payment Terms: 30 days credit from invoice date.
Validity: 30 days from quote date.
Looking forward to your valued Purchase Order.
Best Regards, Sales Manager, Shree Ganesh Hydraulic Spares",QUOTATION
"COMMERCIAL TAX INVOICE
Bill No: INV-2425-21634
Bill Date: 10-04-2024
Against PO No: PO-2024-9466
Supplier: Shree Ganesh Hydraulic Spares
State: Maharashtra, Code: 27
Consignee: Global MSME Solutions
Line Items:
1. High Tensile Flange Nut M12 | 200 PCS | Rate: Rs. 19.80 | Taxable: Rs. 3960.00 | IGST 18%: Rs. 712.80 | Total: Rs. 4672.80
Amount in Words: INR 4672.80 only
E-Way Bill No: 541098234712
Declaration: Certified that particulars given above are true and correct.",INVOICE
"BANK PAYMENT CONFIRMATION RECEIPT
Voucher ID: PAY-REC-562553
Date: 20-03-2024
Beneficiary Name: Swaraj Pneumatic Systems
Beneficiary A/c: 0029019373479
Transaction ID: CMS2024091800492
Settlement for Tax Invoice: INV-2425-50083
PO Number Ref: PO-2024-6157
Net Remitted: Rs. 78460.56
Status: SUCCESS - Transferred to beneficiary account.
Accounts Department Signature",PAYMENT_RECEIPT
"COMMERCIAL TAX INVOICE
Bill No: INV-2425-85085
Bill Date: 27-06-2024
Against PO No: PO-2024-2901
Supplier: Premier Bearings & Power Transmission
State: Maharashtra, Code: 27
Consignee: Global MSME Solutions
Line Items:
1. Nitrile Rubber O-Ring Kit 200pcs | 100 SET | Rate: Rs. 473.64 | Taxable: Rs. 47364.00 | IGST 18%: Rs. 8525.52 | Total: Rs. 55889.52
Amount in Words: INR 55889.52 only
E-Way Bill No: 541098234712
Declaration: Certified that particulars given above are true and correct.",INVOICE
"QUOTATION / PRICE ESTIMATE
Quotation Ref: QUO-2024-757
Quote Date: 09-03-2024
Valid Until: 16-11-2024
To: Procurement Team, MSME Works
From: Shree Ganesh Hydraulic Spares
Dear Sir, We are pleased to quote our lowest rates:
Item: Digital Vernier Caliper 0-150mm
Offered Unit Price: Rs. 1318.88 per NOS
Lead Time: 10 working days from PO confirmation.
Payment Terms: 30 days credit from invoice date.
Validity: 30 days from quote date.
Looking forward to your valued Purchase Order.
Best Regards, Sales Manager, Shree Ganesh Hydraulic Spares",QUOTATION
"PAYMENT ADVICE & RECEIPT
Payment Slip Ref: PAY-REC-356965
Date of Remittance: 19-04-2024
Vendor: Sunrise Rubber & Polymer Components
Against Bill/Invoice No: INV-2425-69074
Cheque/NEFT No: 882910
Paid Amount: INR 680343.16
Deductions (TDS/Retention): Rs. 0.00
Total Cleared: INR 680343.16
Received with thanks from MSME Industries.",PAYMENT_RECEIPT
"STANDARD PURCHASE ORDER
PO No: PO-2024-5399
Buyer: MSME Manufacturing Works
Supplier: TechnoMech Automation Solutions
GSTIN: 27AABC1649A1Z2
Item Details:
Item Code: ITM-191, Description: Viton Seal Gasket 100mm OD, Quantity: 10, Rate: 91.51, Taxable Value: 915.10
Total Order Value: INR 915.10
Special Instructions: Deliver with inspection certificate and warranty.",PURCHASE_ORDER
"INTERNAL MEMORANDUM
To: All Plant Staff
From: Operations Director
Subject: Scheduled maintenance of Power Generator DG-2 on coming Sunday.
All departments are requested to plan production accordingly.",UNKNOWN
"FORMAL PRICE PROPOSAL
Quote ID: QUO-2024-790
Date: 28-01-2024
Customer: MSME Manufacturing
Supplier: Sunrise Rubber & Polymer Components
Estimated Schedule of Rates:
1. Pneumatic Cylinder Double Acting 50mm Bore - Unit Rate: INR 2478.81 (MOQ: 50 NOS)
GST: 18% extra
Delivery: Ex-works Pune
Warranty: 12 months from delivery date.
Commercial Terms: 100% against delivery.
Authorized Signatory: Sunrise Rubber & Polymer Components",QUOTATION
"TAX CREDIT MEMORANDUM
CN Number: CN-2425-717
Date: 17-02-2024
Ref Invoice: INV-2425-74106
Vendor: Swaraj Pneumatic Systems
Customer: MSME Works
Adjustment Details:
Price reduction agreed on Stainless Steel Hex Bolt M10x50mm - Difference INR 245.20
IGST Adjustment: INR 44.14
Net Credit Allowed: INR 289.34
Authorized Signatory, Accounts Department",CREDIT_NOTE
"TAX INVOICE
Invoice Number: INV-2425-18325
Invoice Date: 16-05-2024
PO Reference: PO-2024-6231
Seller: TechnoMech Automation Solutions
GSTIN: 27AABC4764A1Z7
Buyer: MSME Precision Components Ltd
Buyer GSTIN: 27AAACM1234F1Z5
Description of Goods: Carbon Steel Seamless Pipe 2 inch NB
HSN Code: 84818030
Qty: 10 MTR
Unit Rate: INR 643.10
Taxable Value: INR 6431.00
CGST 9%: INR 578.79
SGST 9%: INR 578.79
Total Invoice Amount: INR 7588.58
Bank Account: HDFC Bank, IFSC: HDFC0001234, A/c: 5020001928374
For TechnoMech Automation Solutions - Authorized Signatory",INVOICE
"FORMAL PRICE PROPOSAL
Quote ID: QUO-2024-299
Date: 10-01-2024
Customer: MSME Manufacturing
Supplier: Mahindra Tooling & Forging Ltd
Estimated Schedule of Rates:
1. Carbon Steel Seamless Pipe 2 inch NB - Unit Rate: INR 646.03 (MOQ: 50 MTR)
GST: 18% extra
Delivery: Ex-works Pune
Warranty: 12 months from delivery date.
Commercial Terms: 100% against delivery.
Authorized Signatory: Mahindra Tooling & Forging Ltd",QUOTATION
"QUOTATION / PRICE ESTIMATE
Quotation Ref: QUO-2024-508
Quote Date: 03-04-2024
Valid Until: 14-11-2024
To: Procurement Team, MSME Works
From: Omkar Industrial Hardware
Dear Sir, We are pleased to quote our lowest rates:
Item: Viton Seal Gasket 100mm OD
Offered Unit Price: Rs. 90.55 per PCS
Lead Time: 10 working days from PO confirmation.
Payment Terms: 30 days credit from invoice date.
Validity: 30 days from quote date.
Looking forward to your valued Purchase Order.
Best Regards, Sales Manager, Omkar Industrial Hardware",QUOTATION
"TAX CREDIT MEMORANDUM
CN Number: CN-2425-192
Date: 20-09-2024
Ref Invoice: INV-2425-11575
Vendor: TechnoMech Automation Solutions
Customer: MSME Works
Adjustment Details:
Price reduction agreed on Pneumatic Cylinder Double Acting 50mm Bore - Difference INR 108115.36
IGST Adjustment: INR 19460.76
Net Credit Allowed: INR 127576.12
Authorized Signatory, Accounts Department",CREDIT_NOTE
"DELIVERY NOTE / CHALLAN
Delivery Challan No: DC-6451
Date of Dispatch: 03-07-2024
Against PO No: PO-2024-8892
Consignor: Mahindra Tooling & Forging Ltd
Consignee: MSME Manufacturing Plant
Vehicle No: MH-12-RN-8821
Transporter: Apex Logistics
Driver Name: Suresh Patil (Mob: 9876543210)
Materials Dispatched:
1. Nitrile Rubber O-Ring Kit 200pcs - Dispatched Qty: 500 SET (Packages: 4 Wooden Crates)
Condition of Goods: Good condition, sealed boxes.
Received by: Stores In-charge (Signature & Date)
Goods received in full and sound condition.",DELIVERY_NOTE
"FORMAL PRICE PROPOSAL
Quote ID: QUO-2024-348
Date: 13-09-2024
Customer: MSME Manufacturing
Supplier: Kirloskar Engineering Supplies
Estimated Schedule of Rates:
1. High Tensile Flange Nut M12 - Unit Rate: INR 17.74 (MOQ: 50 PCS)
GST: 18% extra
Delivery: Ex-works Pune
Warranty: 12 months from delivery date.
Commercial Terms: 100% against delivery.
Authorized Signatory: Kirloskar Engineering Supplies",QUOTATION
"DELIVERY NOTE / CHALLAN
Delivery Challan No: DC-7702
Date of Dispatch: 08-05-2024
Against PO No: PO-2024-9301
Consignor: Mahindra Tooling & Forging Ltd
Consignee: MSME Manufacturing Plant
Vehicle No: MH-12-RN-8821
Transporter: Apex Logistics
Driver Name: Suresh Patil (Mob: 9876543210)
Materials Dispatched:
1. Pneumatic Cylinder Double Acting 50mm Bore - Dispatched Qty: 10 NOS (Packages: 4 Wooden Crates)
Condition of Goods: Good condition, sealed boxes.
Received by: Stores In-charge (Signature & Date)
Goods received in full and sound condition.",DELIVERY_NOTE
"DEBIT NOTE
Debit Note No: DC-9714
Debit Note Date: 25-03-2024
Against Original Invoice: INV-2425-65780
Issued By: Vanguard Steel & Alloys Corp
GSTIN: 27AABC9060A1Z2
Issued To: MSME Precision Tools
Reason for Debit: Price undercharged in original invoice / Supplementary freight charges / Unbilled additional quantities
Description: Viton Seal Gasket 100mm OD
Underbilled Amount: Rs. 142.66
Applicable GST (18%): Rs. 25.68
Total Debit Value: Rs. 168.34
We have debited your account with the above mentioned sum.
Authorized Signatory",DEBIT_NOTE
"PAYMENT RECEIPT / VOUCHER
Receipt No: PAY-REC-462328
Payment Date: 16-06-2024
Paid To: Vanguard Steel & Alloys Corp
Paid By: MSME Auto Components Ltd
Payment Method: NEFT / RTGS Transfer
Bank Transaction Ref / UTR: UTR-HDFC-99182374192
Invoice Reference: INV-2425-93467
Amount Paid: INR 315612.24
Amount in Words: INR 315612.24 only
Payment towards full/part settlement of Invoice INV-2425-93467
Authorized Accounts Officer: Rajeev Kumar",PAYMENT_RECEIPT
"CREDIT NOTE
Credit Note No: CN-2425-143
Credit Note Date: 12-05-2024
Original Tax Invoice Ref: INV-2425-86299
Original Invoice Date: 09-08-2024
Issued By: Kirloskar Engineering Supplies
GSTIN: 27AABC7508A1Z9
Issued To: MSME Manufacturing Ltd
Reason for Credit: Rate difference / Return of damaged goods / Post-sale discount
Particulars:
Item: Stainless Steel Hex Bolt M10x50mm
Quantity Returned / Adjusted: 20 PCS
Unit Rate: Rs. 44.91
Credit Amount (Taxable): Rs. 100.61
CGST 9%: Rs. 9.05
SGST 9%: Rs. 9.05
Total Credit Note Amount: Rs. 118.72
We have credited your account with the above amount.",CREDIT_NOTE
"CREDIT NOTE
Credit Note No: CN-2425-954
Credit Note Date: 27-08-2024
Original Tax Invoice Ref: INV-2425-33392
Original Invoice Date: 27-08-2024
Issued By: Swaraj Pneumatic Systems
GSTIN: 27AABC4162A1Z3
Issued To: MSME Manufacturing Ltd
Reason for Credit: Rate difference / Return of damaged goods / Post-sale discount
Particulars:
Item: Industrial Ball Bearing 6205-2RS
Quantity Returned / Adjusted: 20 NOS
Unit Rate: Rs. 341.18
Credit Amount (Taxable): Rs. 370.76
CGST 9%: Rs. 33.37
SGST 9%: Rs. 33.37
Total Credit Note Amount: Rs. 437.50
We have credited your account with the above amount.",CREDIT_NOTE
"DELIVERY NOTE / CHALLAN
Delivery Challan No: DC-7871
Date of Dispatch: 15-03-2024
Against PO No: PO-2024-3409
Consignor: Swaraj Pneumatic Systems
Consignee: MSME Manufacturing Plant
Vehicle No: MH-12-RN-8821
Transporter: Apex Logistics
Driver Name: Suresh Patil (Mob: 9876543210)
Materials Dispatched:
1. Stainless Steel Hex Bolt M10x50mm - Dispatched Qty: 50 PCS (Packages: 4 Wooden Crates)
Condition of Goods: Good condition, sealed boxes.
Received by: Stores In-charge (Signature & Date)
Goods received in full and sound condition.",DELIVERY_NOTE
"TAX INVOICE
Invoice Number: INV-2425-50431
Invoice Date: 13-08-2024
PO Reference: PO-2024-8052
Seller: Kirloskar Engineering Supplies
GSTIN: 27AABC2471A1Z9
Buyer: MSME Precision Components Ltd
Buyer GSTIN: 27AAACM1234F1Z5
Description of Goods: Hydraulic Pressure Relief Valve 1/2 inch
HSN Code: 84818030
Qty: 20 NOS
Unit Rate: INR 1852.75
Taxable Value: INR 37055.00
CGST 9%: INR 3334.95
SGST 9%: INR 3334.95
Total Invoice Amount: INR 43724.90
Bank Account: HDFC Bank, IFSC: HDFC0001234, A/c: 5020001928374
For Kirloskar Engineering Supplies - Authorized Signatory",INVOICE
"COMMERCIAL PURCHASE ORDER
Order ID: PO-2024-7244
Vendor Name: Kirloskar Engineering Supplies
Billing Address: Plot 45, Industrial Estate, Pune
Date of Order: 19-09-2024
Scope of Supply:
- High Tensile Flange Nut M12 (Qty: 100, Unit Price: 18.49, Amount: 1849.00)
Payment: 100% against Delivery Note and Tax Invoice.
Authorized by Procurement Manager.",PURCHASE_ORDER
"QUOTATION / PRICE ESTIMATE
Quotation Ref: QUO-2024-573
Quote Date: 03-01-2024
Valid Until: 23-11-2024
To: Procurement Team, MSME Works
From: TechnoMech Automation Solutions
Dear Sir, We are pleased to quote our lowest rates:
Item: Carbon Steel Seamless Pipe 2 inch NB
Offered Unit Price: Rs. 631.40 per MTR
Lead Time: 10 working days from PO confirmation.
Payment Terms: 30 days credit from invoice date.
Validity: 30 days from quote date.
Looking forward to your valued Purchase Order.
Best Regards, Sales Manager, TechnoMech Automation Solutions",QUOTATION
"GOODS DELIVERY CHALLAN
Challan Ref: DC-6334
Date: 22-03-2024
PO Reference: PO-2024-5498
From: Kirloskar Engineering Supplies
To: MSME Engineering Works, Plot 8, MIDC Pune
Mode of Transport: Tempo MH-14-BT-1122
LR / GC No: 994821
Particulars:
- Pneumatic Cylinder Double Acting 50mm Bore : Quantity Delivered: 20 NOS
Remarks: Material subject to quality inspection at gate.
Inspected & Received in good order.",DELIVERY_NOTE
"ORIGINAL TAX INVOICE (FOR RECIPIENT)
Invoice No: INV-2425-59921
Date of Issue: 20-03-2024
PO Ref: PO-2024-4745
Supplier Name: Bharat Precision Fasteners
PAN: AABCP9871M
GSTIN/UIN: 27AABC7802A1Z8
Place of Supply: 27-Maharashtra
Table of Supplies:
SI No | Item Description | Qty | Rate | Amount
01 | Viton Seal Gasket 100mm OD | 100 | 85.76 | 8576.00
Total Taxable: 8576.00
IGST @ 18%: 1543.68
Gross Total: 10119.68
Subject to Pune Jurisdiction only.",INVOICE
"DEBIT NOTE
Debit Note No: DC-7287
Debit Note Date: 22-09-2024
Against Original Invoice: INV-2425-53454
Issued By: Sunrise Rubber & Polymer Components
GSTIN: 27AABC9887A1Z6
Issued To: MSME Precision Tools
Reason for Debit: Price undercharged in original invoice / Supplementary freight charges / Unbilled additional quantities
Description: Hydraulic Pressure Relief Valve 1/2 inch
Underbilled Amount: Rs. 22954.17
Applicable GST (18%): Rs. 4131.75
Total Debit Value: Rs. 27085.92
We have debited your account with the above mentioned sum.
Authorized Signatory",DEBIT_NOTE
"TAX CREDIT MEMORANDUM
CN Number: CN-2425-481
Date: 06-07-2024
Ref Invoice: INV-2425-79288
Vendor: National Electricals & Controls
Customer: MSME Works
Adjustment Details:
Price reduction agreed on Hydraulic Pressure Relief Valve 1/2 inch - Difference INR 59106.30
IGST Adjustment: INR 10639.13
Net Credit Allowed: INR 69745.43
Authorized Signatory, Accounts Department",CREDIT_NOTE
"PURCHASE ORDER CONTRACT
PO#: PO-2024-6302
Date: 12-07-2024
To: Vanguard Steel & Alloys Corp
Shipment Mode: By Road
Delivery Location: Warehouse 4, Sector 12, Manesar
Line Item 1: Hydraulic Pressure Relief Valve 1/2 inch - 500 Nos @ Rs. 1738.52 each.
Subtotal: Rs. 869260.00
Applicable GST: 18%
Grand Total: Rs. 1025726.80
Signature: Head of SCM",PURCHASE_ORDER
"PAYMENT ADVICE & RECEIPT
Payment Slip Ref: PAY-REC-112012
Date of Remittance: 12-05-2024
Vendor: Kirloskar Engineering Supplies
Against Bill/Invoice No: INV-2425-96573
Cheque/NEFT No: 882910
Paid Amount: INR 482.86
Deductions (TDS/Retention): Rs. 0.00
Total Cleared: INR 482.86
Received with thanks from MSME Industries.",PAYMENT_RECEIPT
"PURCHASE ORDER CONTRACT
PO#: PO-2024-4294
Date: 14-04-2024
To: Apex Industrial Tools Pvt Ltd
Shipment Mode: By Road
Delivery Location: Warehouse 4, Sector 12, Manesar
Line Item 1: Nitrile Rubber O-Ring Kit 200pcs - 500 Nos @ Rs. 521.14 each.
Subtotal: Rs. 260570.00
Applicable GST: 18%
Grand Total: Rs. 307472.60
Signature: Head of SCM",PURCHASE_ORDER
"DELIVERY NOTE / CHALLAN
Delivery Challan No: DC-6594
Date of Dispatch: 16-08-2024
Against PO No: PO-2024-5459
Consignor: Sunrise Rubber & Polymer Components
Consignee: MSME Manufacturing Plant
Vehicle No: MH-12-RN-8821
Transporter: Apex Logistics
Driver Name: Suresh Patil (Mob: 9876543210)
Materials Dispatched:
1. Industrial Ball Bearing 6205-2RS - Dispatched Qty: 10 NOS (Packages: 4 Wooden Crates)
Condition of Goods: Good condition, sealed boxes.
Received by: Stores In-charge (Signature & Date)
Goods received in full and sound condition.",DELIVERY_NOTE
"COMMERCIAL TAX INVOICE
Bill No: INV-2425-75780
Bill Date: 24-07-2024
Against PO No: PO-2024-5318
Supplier: TechnoMech Automation Solutions
State: Maharashtra, Code: 27
Consignee: Global MSME Solutions
Line Items:
1. Hydraulic Pressure Relief Valve 1/2 inch | 200 NOS | Rate: Rs. 1828.07 | Taxable: Rs. 365614.00 | IGST 18%: Rs. 65810.52 | Total: Rs. 431424.52
Amount in Words: INR 431424.52 only
E-Way Bill No: 541098234712
Declaration: Certified that particulars given above are true and correct.",INVOICE
"QUOTATION / PRICE ESTIMATE
Quotation Ref: QUO-2024-504
Quote Date: 09-06-2024
Valid Until: 01-11-2024
To: Procurement Team, MSME Works
From: Sunrise Rubber & Polymer Components
Dear Sir, We are pleased to quote our lowest rates:
Item: Nitrile Rubber O-Ring Kit 200pcs
Offered Unit Price: Rs. 444.16 per SET
Lead Time: 10 working days from PO confirmation.
Payment Terms: 30 days credit from invoice date.
Validity: 30 days from quote date.
Looking forward to your valued Purchase Order.
Best Regards, Sales Manager, Sunrise Rubber & Polymer Components",QUOTATION
"ORIGINAL TAX INVOICE (FOR RECIPIENT)
Invoice No: INV-2425-61983
Date of Issue: 05-07-2024
PO Ref: PO-2024-9324
Supplier Name: Vanguard Steel & Alloys Corp
PAN: AABCP9871M
GSTIN/UIN: 27AABC3702A1Z7
Place of Supply: 27-Maharashtra
Table of Supplies:
SI No | Item Description | Qty | Rate | Amount
01 | High Tensile Flange Nut M12 | 100 | 19.06 | 1906.00
Total Taxable: 1906.00
IGST @ 18%: 343.08
Gross Total: 2249.08
Subject to Pune Jurisdiction only.",INVOICE
"PAYMENT ADVICE & RECEIPT
Payment Slip Ref: PAY-REC-713756
Date of Remittance: 19-04-2024
Vendor: National Electricals & Controls
Against Bill/Invoice No: INV-2425-77056
Cheque/NEFT No: 882910
Paid Amount: INR 15894.03
Deductions (TDS/Retention): Rs. 0.00
Total Cleared: INR 15894.03
Received with thanks from MSME Industries.",PAYMENT_RECEIPT
"DEBIT NOTE
Debit Note No: DC-7640
Debit Note Date: 18-03-2024
Against Original Invoice: INV-2425-32760
Issued By: Kirloskar Engineering Supplies
GSTIN: 27AABC1190A1Z1
Issued To: MSME Precision Tools
Reason for Debit: Price undercharged in original invoice / Supplementary freight charges / Unbilled additional quantities
Description: Carbon Steel Seamless Pipe 2 inch NB
Underbilled Amount: Rs. 536.53
Applicable GST (18%): Rs. 96.58
Total Debit Value: Rs. 633.11
We have debited your account with the above mentioned sum.
Authorized Signatory",DEBIT_NOTE
"PURCHASE ORDER CONTRACT
PO#: PO-2024-1603
Date: 12-06-2024
To: Apex Industrial Tools Pvt Ltd
Shipment Mode: By Road
Delivery Location: Warehouse 4, Sector 12, Manesar
Line Item 1: Tungsten Carbide Milling Insert TNMG160408 - 100 Nos @ Rs. 1564.67 each.
Subtotal: Rs. 156467.00
Applicable GST: 18%
Grand Total: Rs. 184631.06
Signature: Head of SCM",PURCHASE_ORDER
"INTERNAL MEMORANDUM
To: All Plant Staff
From: Operations Director
Subject: Scheduled maintenance of Power Generator DG-2 on coming Sunday.
All departments are requested to plan production accordingly.",UNKNOWN
"DELIVERY NOTE / CHALLAN
Delivery Challan No: DC-8983
Date of Dispatch: 25-09-2024
Against PO No: PO-2024-8887
Consignor: Shree Ganesh Hydraulic Spares
Consignee: MSME Manufacturing Plant
Vehicle No: MH-12-RN-8821
Transporter: Apex Logistics
Driver Name: Suresh Patil (Mob: 9876543210)
Materials Dispatched:
1. High Tensile Flange Nut M12 - Dispatched Qty: 20 PCS (Packages: 4 Wooden Crates)
Condition of Goods: Good condition, sealed boxes.
Received by: Stores In-charge (Signature & Date)
Goods received in full and sound condition.",DELIVERY_NOTE
"DEBIT NOTE
Debit Note No: DC-5893
Debit Note Date: 13-03-2024
Against Original Invoice: INV-2425-54528
Issued By: Omkar Industrial Hardware
GSTIN: 27AABC7993A1Z3
Issued To: MSME Precision Tools
Reason for Debit: Price undercharged in original invoice / Supplementary freight charges / Unbilled additional quantities
Description: Stainless Steel Hex Bolt M10x50mm
Underbilled Amount: Rs. 27.18
Applicable GST (18%): Rs. 4.89
Total Debit Value: Rs. 32.07
We have debited your account with the above mentioned sum.
Authorized Signatory",DEBIT_NOTE
"DEBIT NOTE
Debit Note No: DC-9938
Debit Note Date: 06-05-2024
Against Original Invoice: INV-2425-43513
Issued By: National Electricals & Controls
GSTIN: 27AABC8497A1Z6
Issued To: MSME Precision Tools
Reason for Debit: Price undercharged in original invoice / Supplementary freight charges / Unbilled additional quantities
Description: Stainless Steel Hex Bolt M10x50mm
Underbilled Amount: Rs. 3288.79
Applicable GST (18%): Rs. 591.98
Total Debit Value: Rs. 3880.77
We have debited your account with the above mentioned sum.
Authorized Signatory",DEBIT_NOTE
"MEETING MINUTES - PRODUCT DESIGN REVIEW
Date: 12-09-2024
Attendees: Engineering Team, Quality Team
Agenda: Review tolerances for new hydraulic valve housing prototype.
Action Items: Update CAD model with revised bore dimensions.",UNKNOWN
"INTERNAL MEMORANDUM
To: All Plant Staff
From: Operations Director
Subject: Scheduled maintenance of Power Generator DG-2 on coming Sunday.
All departments are requested to plan production accordingly.",UNKNOWN
"STANDARD PURCHASE ORDER
PO No: PO-2024-5525
Buyer: MSME Manufacturing Works
Supplier: Kirloskar Engineering Supplies
GSTIN: 27AABC4315A1Z4
Item Details:
Item Code: ITM-858, Description: Tungsten Carbide Milling Insert TNMG160408, Quantity: 10, Rate: 1360.31, Taxable Value: 13603.10
Total Order Value: INR 13603.10
Special Instructions: Deliver with inspection certificate and warranty.",PURCHASE_ORDER
"PAYMENT ADVICE & RECEIPT
Payment Slip Ref: PAY-REC-563512
Date of Remittance: 28-06-2024
Vendor: Mahindra Tooling & Forging Ltd
Against Bill/Invoice No: INV-2425-42450
Cheque/NEFT No: 882910
Paid Amount: INR 7629.53
Deductions (TDS/Retention): Rs. 0.00
Total Cleared: INR 7629.53
Received with thanks from MSME Industries.",PAYMENT_RECEIPT
"PAYMENT ADVICE & RECEIPT
Payment Slip Ref: PAY-REC-771078
Date of Remittance: 01-08-2024
Vendor: Bharat Precision Fasteners
Against Bill/Invoice No: INV-2425-25195
Cheque/NEFT No: 882910
Paid Amount: INR 4418.96
Deductions (TDS/Retention): Rs. 0.00
Total Cleared: INR 4418.96
Received with thanks from MSME Industries.",PAYMENT_RECEIPT
"FORMAL PRICE PROPOSAL
Quote ID: QUO-2024-966
Date: 20-07-2024
Customer: MSME Manufacturing
Supplier: Mahindra Tooling & Forging Ltd
Estimated Schedule of Rates:
1. Viton Seal Gasket 100mm OD - Unit Rate: INR 97.32 (MOQ: 50 PCS)
GST: 18% extra
Delivery: Ex-works Pune
Warranty: 12 months from delivery date.
Commercial Terms: 100% against delivery.
Authorized Signatory: Mahindra Tooling & Forging Ltd",QUOTATION
"PAYMENT RECEIPT / VOUCHER
Receipt No: PAY-REC-163414
Payment Date: 23-07-2024
Paid To: Vanguard Steel & Alloys Corp
Paid By: MSME Auto Components Ltd
Payment Method: NEFT / RTGS Transfer
Bank Transaction Ref / UTR: UTR-HDFC-99182374192
Invoice Reference: INV-2425-70285
Amount Paid: INR 39573.66
Amount in Words: INR 39573.66 only
Payment towards full/part settlement of Invoice INV-2425-70285
Authorized Accounts Officer: Rajeev Kumar",PAYMENT_RECEIPT
"MATERIAL DISPATCH NOTE
Dispatch Memo: DC-7440
Date: 12-01-2024
Ref PO: PO-2024-7343
Vendor: Mahindra Tooling & Forging Ltd
Delivered To: Central Stores, Unit II
Description: Stainless Steel Hex Bolt M10x50mm
Quantity Sent: 20 PCS
No of Cartons: 10
Received Ok by Stores Department.",DELIVERY_NOTE
"ORDER CONFIRMATION / PO
Purchase Order Ref: PO-2024-8548
Issued To: Premier Bearings & Power Transmission
Ship To: Plot 102, Chakan Industrial Area, Pune 410501
Order Date: 08-07-2024
Required Delivery Date: 12-10-2024
Items Ordered:
- Viton Seal Gasket 100mm OD | Quantity: 500 PCS | Unit Rate: Rs. 97.57 | Total: Rs. 48785.00
Freight: Extra at actuals
GST: 18% extra
Prepared by: Purchase Dept",PURCHASE_ORDER
"STANDARD PURCHASE ORDER
PO No: PO-2024-2535
Buyer: MSME Manufacturing Works
Supplier: Shree Ganesh Hydraulic Spares
GSTIN: 27AABC8092A1Z6
Item Details:
Item Code: ITM-982, Description: Hydraulic Pressure Relief Valve 1/2 inch, Quantity: 50, Rate: 1939.08, Taxable Value: 96954.00
Total Order Value: INR 96954.00
Special Instructions: Deliver with inspection certificate and warranty.",PURCHASE_ORDER
"DEBIT NOTE
Debit Note No: DC-8004
Debit Note Date: 15-06-2024
Against Original Invoice: INV-2425-68507
Issued By: Premier Bearings & Power Transmission
GSTIN: 27AABC7667A1Z3
Issued To: MSME Precision Tools
Reason for Debit: Price undercharged in original invoice / Supplementary freight charges / Unbilled additional quantities
Description: Carbon Steel Seamless Pipe 2 inch NB
Underbilled Amount: Rs. 48222.98
Applicable GST (18%): Rs. 8680.14
Total Debit Value: Rs. 56903.12
We have debited your account with the above mentioned sum.
Authorized Signatory",DEBIT_NOTE
"BANK PAYMENT CONFIRMATION RECEIPT
Voucher ID: PAY-REC-515225
Date: 14-02-2024
Beneficiary Name: Kirloskar Engineering Supplies
Beneficiary A/c: 0029011329325
Transaction ID: CMS2024091800492
Settlement for Tax Invoice: INV-2425-87243
PO Number Ref: PO-2024-2594
Net Remitted: Rs. 53595.60
Status: SUCCESS - Transferred to beneficiary account.
Accounts Department Signature",PAYMENT_RECEIPT
"ORDER CONFIRMATION / PO
Purchase Order Ref: PO-2024-3077
Issued To: Sunrise Rubber & Polymer Components
Ship To: Plot 102, Chakan Industrial Area, Pune 410501
Order Date: 13-07-2024
Required Delivery Date: 20-10-2024
Items Ordered:
- Nitrile Rubber O-Ring Kit 200pcs | Quantity: 20 SET | Unit Rate: Rs. 462.34 | Total: Rs. 9246.80
Freight: Extra at actuals
GST: 18% extra
Prepared by: Purchase Dept",PURCHASE_ORDER
"BANK PAYMENT CONFIRMATION RECEIPT
Voucher ID: PAY-REC-435245
Date: 07-07-2024
Beneficiary Name: Premier Bearings & Power Transmission
Beneficiary A/c: 0029011263753
Transaction ID: CMS2024091800492
Settlement for Tax Invoice: INV-2425-17686
PO Number Ref: PO-2024-7439
Net Remitted: Rs. 25316.90
Status: SUCCESS - Transferred to beneficiary account.
Accounts Department Signature",PAYMENT_RECEIPT
"BANK PAYMENT CONFIRMATION RECEIPT
Voucher ID: PAY-REC-400063
Date: 16-01-2024
Beneficiary Name: National Electricals & Controls
Beneficiary A/c: 0029019025610
Transaction ID: CMS2024091800492
Settlement for Tax Invoice: INV-2425-92610
PO Number Ref: PO-2024-1213
Net Remitted: Rs. 776215.80
Status: SUCCESS - Transferred to beneficiary account.
Accounts Department Signature",PAYMENT_RECEIPT
"FORMAL PRICE PROPOSAL
Quote ID: QUO-2024-259
Date: 01-01-2024
Customer: MSME Manufacturing
Supplier: Sunrise Rubber & Polymer Components
Estimated Schedule of Rates:
1. Stainless Steel Hex Bolt M10x50mm - Unit Rate: INR 40.98 (MOQ: 50 PCS)
GST: 18% extra
Delivery: Ex-works Pune
Warranty: 12 months from delivery date.
Commercial Terms: 100% against delivery.
Authorized Signatory: Sunrise Rubber & Polymer Components",QUOTATION
"DEBIT NOTE
Debit Note No: DC-5412
Debit Note Date: 25-09-2024
Against Original Invoice: INV-2425-17165
Issued By: Shree Ganesh Hydraulic Spares
GSTIN: 27AABC5460A1Z3
Issued To: MSME Precision Tools
Reason for Debit: Price undercharged in original invoice / Supplementary freight charges / Unbilled additional quantities
Description: High Tensile Flange Nut M12
Underbilled Amount: Rs. 12.83
Applicable GST (18%): Rs. 2.31
Total Debit Value: Rs. 15.14
We have debited your account with the above mentioned sum.
Authorized Signatory",DEBIT_NOTE
"DEBIT NOTE
Debit Note No: DC-5099
Debit Note Date: 07-07-2024
Against Original Invoice: INV-2425-18282
Issued By: National Electricals & Controls
GSTIN: 27AABC7200A1Z3
Issued To: MSME Precision Tools
Reason for Debit: Price undercharged in original invoice / Supplementary freight charges / Unbilled additional quantities
Description: Industrial Ball Bearing 6205-2RS
Underbilled Amount: Rs. 4675.26
Applicable GST (18%): Rs. 841.55
Total Debit Value: Rs. 5516.81
We have debited your account with the above mentioned sum.
Authorized Signatory",DEBIT_NOTE
"DELIVERY NOTE / CHALLAN
Delivery Challan No: DC-6783
Date of Dispatch: 08-02-2024
Against PO No: PO-2024-2031
Consignor: Premier Bearings & Power Transmission
Consignee: MSME Manufacturing Plant
Vehicle No: MH-12-RN-8821
Transporter: Apex Logistics
Driver Name: Suresh Patil (Mob: 9876543210)
Materials Dispatched:
1. Tungsten Carbide Milling Insert TNMG160408 - Dispatched Qty: 50 BOX (Packages: 4 Wooden Crates)
Condition of Goods: Good condition, sealed boxes.
Received by: Stores In-charge (Signature & Date)
Goods received in full and sound condition.",DELIVERY_NOTE
"PURCHASE ORDER CONTRACT
PO#: PO-2024-3074
Date: 18-07-2024
To: Bharat Precision Fasteners
Shipment Mode: By Road
Delivery Location: Warehouse 4, Sector 12, Manesar
Line Item 1: Industrial Ball Bearing 6205-2RS - 20 Nos @ Rs. 288.27 each.
Subtotal: Rs. 5765.40
Applicable GST: 18%
Grand Total: Rs. 6803.17
Signature: Head of SCM",PURCHASE_ORDER
"TAX INVOICE
Invoice Number: INV-2425-42029
Invoice Date: 18-08-2024
PO Reference: PO-2024-6515
Seller: Premier Bearings & Power Transmission
GSTIN: 27AABC2092A1Z2
Buyer: MSME Precision Components Ltd
Buyer GSTIN: 27AAACM1234F1Z5
Description of Goods: Nitrile Rubber O-Ring Kit 200pcs
HSN Code: 84818030
Qty: 500 SET
Unit Rate: INR 481.14
Taxable Value: INR 240570.00
CGST 9%: INR 21651.30
SGST 9%: INR 21651.30
Total Invoice Amount: INR 283872.60
Bank Account: HDFC Bank, IFSC: HDFC0001234, A/c: 5020001928374
For Premier Bearings & Power Transmission - Authorized Signatory",INVOICE
"CREDIT NOTE
Credit Note No: CN-2425-642
Credit Note Date: 16-06-2024
Original Tax Invoice Ref: INV-2425-82866
Original Invoice Date: 04-08-2024
Issued By: Kirloskar Engineering Supplies
GSTIN: 27AABC7251A1Z4
Issued To: MSME Manufacturing Ltd
Reason for Credit: Rate difference / Return of damaged goods / Post-sale discount
Particulars:
Item: Digital Vernier Caliper 0-150mm
Quantity Returned / Adjusted: 500 NOS
Unit Rate: Rs. 1144.78
Credit Amount (Taxable): Rs. 72814.10
CGST 9%: Rs. 6553.27
SGST 9%: Rs. 6553.27
Total Credit Note Amount: Rs. 85920.64
We have credited your account with the above amount.",CREDIT_NOTE
"TAX CREDIT MEMORANDUM
CN Number: CN-2425-797
Date: 03-03-2024
Ref Invoice: INV-2425-61755
Vendor: Bharat Precision Fasteners
Customer: MSME Works
Adjustment Details:
Price reduction agreed on High Tensile Flange Nut M12 - Difference INR 58.12
IGST Adjustment: INR 10.46
Net Credit Allowed: INR 68.58
Authorized Signatory, Accounts Department",CREDIT_NOTE
"DEBIT NOTE
Debit Note No: DC-5460
Debit Note Date: 21-04-2024
Against Original Invoice: INV-2425-24695
Issued By: TechnoMech Automation Solutions
GSTIN: 27AABC7977A1Z9
Issued To: MSME Precision Tools
Reason for Debit: Price undercharged in original invoice / Supplementary freight charges / Unbilled additional quantities
Description: Hydraulic Pressure Relief Valve 1/2 inch
Underbilled Amount: Rs. 2532.61
Applicable GST (18%): Rs. 455.87
Total Debit Value: Rs. 2988.48
We have debited your account with the above mentioned sum.
Authorized Signatory",DEBIT_NOTE
